ISO-10303-21;
HEADER;
FILE_DESCRIPTION(('Open CASCADE Model'),'2;1');
FILE_NAME('Open CASCADE Shape Model','2026-10-07T23:58:10',('Author'),(
    'Open CASCADE'),'Open CASCADE STEP processor 8.0','build123d',
  'Unknown');
FILE_SCHEMA(('AUTOMOTIVE_DESIGN { 1 0 10303 214 1 1 1 1 }'));
ENDSEC;
DATA;
#1 = APPLICATION_PROTOCOL_DEFINITION('international standard',
  'automotive_design',2000,#2);
#2 = APPLICATION_CONTEXT(
  'core data for automotive mechanical design processes');
#3 = SHAPE_DEFINITION_REPRESENTATION(#4,#10);
#4 = PRODUCT_DEFINITION_SHAPE('','',#5);
#5 = PRODUCT_DEFINITION('design','',#6,#9);
#6 = PRODUCT_DEFINITION_FORMATION('','',#7);
#7 = PRODUCT('COMPOUND','COMPOUND','',(#8));
#8 = PRODUCT_CONTEXT('',#2,'mechanical');
#9 = PRODUCT_DEFINITION_CONTEXT('part definition',#2,'design');
#10 = ADVANCED_BREP_SHAPE_REPRESENTATION('',(#11,#15),#8327);
#11 = AXIS2_PLACEMENT_3D('',#12,#13,#14);
#12 = CARTESIAN_POINT('',(0.,0.,0.));
#13 = DIRECTION('',(0.,0.,1.));
#14 = DIRECTION('',(1.,0.,-0.));
#15 = MANIFOLD_SOLID_BREP('',#16);
#16 = CLOSED_SHELL('',(#17,#137,#224,#303,#996,#1046,#1323,#1376,#1836,
    #1862,#1911,#1961,#2011,#2303,#2358,#2413,#2490,#2761,#2811,#2858,
    #2906,#3228,#3278,#3394,#3443,#3492,#3519,#3569,#3616,#3664,#3691,
    #3854,#3932,#3981,#4031,#4080,#4130,#4179,#4230,#4256,#4282,#4308,
    #4315,#4370,#4425,#4502,#4551,#4601,#4650,#4700,#4749,#4799,#4826,
    #4881,#4957,#5011,#5065,#5114,#5163,#5217,#5271,#5298,#5302,#5306,
    #5706,#5778,#5825,#5875,#5922,#5972,#6019,#6069,#6094,#6144,#6216,
    #6263,#6310,#6360,#6410,#6457,#6504,#6532,#6539,#6566,#6587,#6617,
    #6647,#6782,#6789,#6810,#6865,#6920,#6975,#7030,#7085,#7112,#7167,
    #7222,#7249,#7325,#7374,#7423,#7450,#7500,#7550,#7600,#7650,#7685,
    #7720,#7755,#7790,#7825,#7860,#7895,#7914,#7969,#8024,#8079,#8134,
    #8189,#8244,#8299,#8303,#8307,#8311,#8315,#8319,#8323));
#17 = ADVANCED_FACE('',(#18),#32,.T.);
#18 = FACE_BOUND('',#19,.T.);
#19 = EDGE_LOOP('',(#20,#55,#83,#111));
#20 = ORIENTED_EDGE('',*,*,#21,.T.);
#21 = EDGE_CURVE('',#22,#24,#26,.T.);
#22 = VERTEX_POINT('',#23);
#23 = CARTESIAN_POINT('',(-30.,-47.,1.2));
#24 = VERTEX_POINT('',#25);
#25 = CARTESIAN_POINT('',(-30.,-47.,8.4));
#26 = SURFACE_CURVE('',#27,(#31,#43),.PCURVE_S1.);
#27 = LINE('',#28,#29);
#28 = CARTESIAN_POINT('',(-30.,-47.,1.2));
#29 = VECTOR('',#30,1.);
#30 = DIRECTION('',(0.,0.,1.));
#31 = PCURVE('',#32,#37);
#32 = PLANE('',#33);
#33 = AXIS2_PLACEMENT_3D('',#34,#35,#36);
#34 = CARTESIAN_POINT('',(-30.,-47.,1.2));
#35 = DIRECTION('',(-1.,0.,0.));
#36 = DIRECTION('',(0.,1.,0.));
#37 = DEFINITIONAL_REPRESENTATION('',(#38),#42);
#38 = LINE('',#39,#40);
#39 = CARTESIAN_POINT('',(0.,0.));
#40 = VECTOR('',#41,1.);
#41 = DIRECTION('',(0.,-1.));
#42 = ( GEOMETRIC_REPRESENTATION_CONTEXT(2) 
PARAMETRIC_REPRESENTATION_CONTEXT() REPRESENTATION_CONTEXT('2D SPACE',''
  ) );
#43 = PCURVE('',#44,#49);
#44 = CYLINDRICAL_SURFACE('',#45,4.);
#45 = AXIS2_PLACEMENT_3D('',#46,#47,#48);
#46 = CARTESIAN_POINT('',(-26.,-47.,1.2));
#47 = DIRECTION('',(0.,0.,-1.));
#48 = DIRECTION('',(-1.,0.,0.));
#49 = DEFINITIONAL_REPRESENTATION('',(#50),#54);
#50 = LINE('',#51,#52);
#51 = CARTESIAN_POINT('',(6.28318530718,0.));
#52 = VECTOR('',#53,1.);
#53 = DIRECTION('',(0.,-1.));
#54 = ( GEOMETRIC_REPRESENTATION_CONTEXT(2) 
PARAMETRIC_REPRESENTATION_CONTEXT() REPRESENTATION_CONTEXT('2D SPACE',''
  ) );
#55 = ORIENTED_EDGE('',*,*,#56,.T.);
#56 = EDGE_CURVE('',#24,#57,#59,.T.);
#57 = VERTEX_POINT('',#58);
#58 = CARTESIAN_POINT('',(-30.,47.,8.4));
#59 = SURFACE_CURVE('',#60,(#64,#71),.PCURVE_S1.);
#60 = LINE('',#61,#62);
#61 = CARTESIAN_POINT('',(-30.,-47.,8.4));
#62 = VECTOR('',#63,1.);
#63 = DIRECTION('',(0.,1.,0.));
#64 = PCURVE('',#32,#65);
#65 = DEFINITIONAL_REPRESENTATION('',(#66),#70);
#66 = LINE('',#67,#68);
#67 = CARTESIAN_POINT('',(0.,-7.2));
#68 = VECTOR('',#69,1.);
#69 = DIRECTION('',(1.,0.));
#70 = ( GEOMETRIC_REPRESENTATION_CONTEXT(2) 
PARAMETRIC_REPRESENTATION_CONTEXT() REPRESENTATION_CONTEXT('2D SPACE',''
  ) );
#71 = PCURVE('',#72,#77);
#72 = CYLINDRICAL_SURFACE('',#73,1.);
#73 = AXIS2_PLACEMENT_3D('',#74,#75,#76);
#74 = CARTESIAN_POINT('',(-29.,-47.,8.4));
#75 = DIRECTION('',(0.,1.,0.));
#76 = DIRECTION('',(-1.,0.,0.));
#77 = DEFINITIONAL_REPRESENTATION('',(#78),#82);
#78 = LINE('',#79,#80);
#79 = CARTESIAN_POINT('',(0.,0.));
#80 = VECTOR('',#81,1.);
#81 = DIRECTION('',(0.,1.));
#82 = ( GEOMETRIC_REPRESENTATION_CONTEXT(2) 
PARAMETRIC_REPRESENTATION_CONTEXT() REPRESENTATION_CONTEXT('2D SPACE',''
  ) );
#83 = ORIENTED_EDGE('',*,*,#84,.F.);
#84 = EDGE_CURVE('',#85,#57,#87,.T.);
#85 = VERTEX_POINT('',#86);
#86 = CARTESIAN_POINT('',(-30.,47.,1.2));
#87 = SURFACE_CURVE('',#88,(#92,#99),.PCURVE_S1.);
#88 = LINE('',#89,#90);
#89 = CARTESIAN_POINT('',(-30.,47.,1.2));
#90 = VECTOR('',#91,1.);
#91 = DIRECTION('',(0.,0.,1.));
#92 = PCURVE('',#32,#93);
#93 = DEFINITIONAL_REPRESENTATION('',(#94),#98);
#94 = LINE('',#95,#96);
#95 = CARTESIAN_POINT('',(94.,0.));
#96 = VECTOR('',#97,1.);
#97 = DIRECTION('',(0.,-1.));
#98 = ( GEOMETRIC_REPRESENTATION_CONTEXT(2) 
PARAMETRIC_REPRESENTATION_CONTEXT() REPRESENTATION_CONTEXT('2D SPACE',''
  ) );
#99 = PCURVE('',#100,#105);
#100 = CYLINDRICAL_SURFACE('',#101,4.);
#101 = AXIS2_PLACEMENT_3D('',#102,#103,#104);
#102 = CARTESIAN_POINT('',(-26.,47.,1.2));
#103 = DIRECTION('',(0.,0.,-1.));
#104 = DIRECTION('',(-1.,0.,0.));
#105 = DEFINITIONAL_REPRESENTATION('',(#106),#110);
#106 = LINE('',#107,#108);
#107 = CARTESIAN_POINT('',(0.,0.));
#108 = VECTOR('',#109,1.);
#109 = DIRECTION('',(0.,-1.));
#110 = ( GEOMETRIC_REPRESENTATION_CONTEXT(2) 
PARAMETRIC_REPRESENTATION_CONTEXT() REPRESENTATION_CONTEXT('2D SPACE',''
  ) );
#111 = ORIENTED_EDGE('',*,*,#112,.F.);
#112 = EDGE_CURVE('',#22,#85,#113,.T.);
#113 = SURFACE_CURVE('',#114,(#118,#125),.PCURVE_S1.);
#114 = LINE('',#115,#116);
#115 = CARTESIAN_POINT('',(-30.,0.,1.2));
#116 = VECTOR('',#117,1.);
#117 = DIRECTION('',(0.,1.,0.));
#118 = PCURVE('',#32,#119);
#119 = DEFINITIONAL_REPRESENTATION('',(#120),#124);
#120 = LINE('',#121,#122);
#121 = CARTESIAN_POINT('',(47.,0.));
#122 = VECTOR('',#123,1.);
#123 = DIRECTION('',(1.,0.));
#124 = ( GEOMETRIC_REPRESENTATION_CONTEXT(2) 
PARAMETRIC_REPRESENTATION_CONTEXT() REPRESENTATION_CONTEXT('2D SPACE',''
  ) );
#125 = PCURVE('',#126,#131);
#126 = PLANE('',#127);
#127 = AXIS2_PLACEMENT_3D('',#128,#129,#130);
#128 = CARTESIAN_POINT('',(0.,2.332246516511E-15,1.2));
#129 = DIRECTION('',(0.,0.,1.));
#130 = DIRECTION('',(1.,0.,0.));
#131 = DEFINITIONAL_REPRESENTATION('',(#132),#136);
#132 = LINE('',#133,#134);
#133 = CARTESIAN_POINT('',(-30.,-2.332246516511E-15));
#134 = VECTOR('',#135,1.);
#135 = DIRECTION('',(0.,1.));
#136 = ( GEOMETRIC_REPRESENTATION_CONTEXT(2) 
PARAMETRIC_REPRESENTATION_CONTEXT() REPRESENTATION_CONTEXT('2D SPACE',''
  ) );
#137 = ADVANCED_FACE('',(#138),#44,.T.);
#138 = FACE_BOUND('',#139,.T.);
#139 = EDGE_LOOP('',(#140,#170,#197,#198));
#140 = ORIENTED_EDGE('',*,*,#141,.T.);
#141 = EDGE_CURVE('',#142,#144,#146,.T.);
#142 = VERTEX_POINT('',#143);
#143 = CARTESIAN_POINT('',(-26.,-51.,1.2));
#144 = VERTEX_POINT('',#145);
#145 = CARTESIAN_POINT('',(-26.,-51.,8.4));
#146 = SURFACE_CURVE('',#147,(#151,#158),.PCURVE_S1.);
#147 = LINE('',#148,#149);
#148 = CARTESIAN_POINT('',(-26.,-51.,1.2));
#149 = VECTOR('',#150,1.);
#150 = DIRECTION('',(0.,0.,1.));
#151 = PCURVE('',#44,#152);
#152 = DEFINITIONAL_REPRESENTATION('',(#153),#157);
#153 = LINE('',#154,#155);
#154 = CARTESIAN_POINT('',(4.712388980385,0.));
#155 = VECTOR('',#156,1.);
#156 = DIRECTION('',(0.,-1.));
#157 = ( GEOMETRIC_REPRESENTATION_CONTEXT(2) 
PARAMETRIC_REPRESENTATION_CONTEXT() REPRESENTATION_CONTEXT('2D SPACE',''
  ) );
#158 = PCURVE('',#159,#164);
#159 = PLANE('',#160);
#160 = AXIS2_PLACEMENT_3D('',#161,#162,#163);
#161 = CARTESIAN_POINT('',(-26.,-51.,1.2));
#162 = DIRECTION('',(0.,1.,0.));
#163 = DIRECTION('',(1.,0.,0.));
#164 = DEFINITIONAL_REPRESENTATION('',(#165),#169);
#165 = LINE('',#166,#167);
#166 = CARTESIAN_POINT('',(0.,0.));
#167 = VECTOR('',#168,1.);
#168 = DIRECTION('',(0.,-1.));
#169 = ( GEOMETRIC_REPRESENTATION_CONTEXT(2) 
PARAMETRIC_REPRESENTATION_CONTEXT() REPRESENTATION_CONTEXT('2D SPACE',''
  ) );
#170 = ORIENTED_EDGE('',*,*,#171,.T.);
#171 = EDGE_CURVE('',#144,#24,#172,.T.);
#172 = SURFACE_CURVE('',#173,(#178,#185),.PCURVE_S1.);
#173 = CIRCLE('',#174,4.);
#174 = AXIS2_PLACEMENT_3D('',#175,#176,#177);
#175 = CARTESIAN_POINT('',(-26.,-47.,8.4));
#176 = DIRECTION('',(-0.,-0.,-1.));
#177 = DIRECTION('',(0.,-1.,0.));
#178 = PCURVE('',#44,#179);
#179 = DEFINITIONAL_REPRESENTATION('',(#180),#184);
#180 = LINE('',#181,#182);
#181 = CARTESIAN_POINT('',(4.712388980385,-7.2));
#182 = VECTOR('',#183,1.);
#183 = DIRECTION('',(1.,0.));
#184 = ( GEOMETRIC_REPRESENTATION_CONTEXT(2) 
PARAMETRIC_REPRESENTATION_CONTEXT() REPRESENTATION_CONTEXT('2D SPACE',''
  ) );
#185 = PCURVE('',#186,#191);
#186 = TOROIDAL_SURFACE('',#187,3.,1.);
#187 = AXIS2_PLACEMENT_3D('',#188,#189,#190);
#188 = CARTESIAN_POINT('',(-26.,-47.,8.4));
#189 = DIRECTION('',(0.,0.,1.));
#190 = DIRECTION('',(0.,-1.,0.));
#191 = DEFINITIONAL_REPRESENTATION('',(#192),#196);
#192 = LINE('',#193,#194);
#193 = CARTESIAN_POINT('',(-0.,0.));
#194 = VECTOR('',#195,1.);
#195 = DIRECTION('',(-1.,0.));
#196 = ( GEOMETRIC_REPRESENTATION_CONTEXT(2) 
PARAMETRIC_REPRESENTATION_CONTEXT() REPRESENTATION_CONTEXT('2D SPACE',''
  ) );
#197 = ORIENTED_EDGE('',*,*,#21,.F.);
#198 = ORIENTED_EDGE('',*,*,#199,.F.);
#199 = EDGE_CURVE('',#142,#22,#200,.T.);
#200 = SURFACE_CURVE('',#201,(#206,#213),.PCURVE_S1.);
#201 = CIRCLE('',#202,4.);
#202 = AXIS2_PLACEMENT_3D('',#203,#204,#205);
#203 = CARTESIAN_POINT('',(-26.,-47.,1.2));
#204 = DIRECTION('',(0.,0.,-1.));
#205 = DIRECTION('',(-1.,0.,0.));
#206 = PCURVE('',#44,#207);
#207 = DEFINITIONAL_REPRESENTATION('',(#208),#212);
#208 = LINE('',#209,#210);
#209 = CARTESIAN_POINT('',(0.,0.));
#210 = VECTOR('',#211,1.);
#211 = DIRECTION('',(1.,0.));
#212 = ( GEOMETRIC_REPRESENTATION_CONTEXT(2) 
PARAMETRIC_REPRESENTATION_CONTEXT() REPRESENTATION_CONTEXT('2D SPACE',''
  ) );
#213 = PCURVE('',#126,#214);
#214 = DEFINITIONAL_REPRESENTATION('',(#215),#223);
#215 = ( BOUNDED_CURVE() B_SPLINE_CURVE(2,(#216,#217,#218,#219,#220,#221
,#222),.UNSPECIFIED.,.T.,.F.) B_SPLINE_CURVE_WITH_KNOTS((1,2,2,2,2,1),(
    -2.094395102393,0.,2.094395102393,4.188790204786,6.28318530718,
8.377580409573),.UNSPECIFIED.) CURVE() GEOMETRIC_REPRESENTATION_ITEM() 
RATIONAL_B_SPLINE_CURVE((1.,0.5,1.,0.5,1.,0.5,1.)) REPRESENTATION_ITEM(
  '') );
#216 = CARTESIAN_POINT('',(-30.,-47.));
#217 = CARTESIAN_POINT('',(-30.,-40.07179676972));
#218 = CARTESIAN_POINT('',(-24.,-43.53589838486));
#219 = CARTESIAN_POINT('',(-18.,-47.));
#220 = CARTESIAN_POINT('',(-24.,-50.46410161513));
#221 = CARTESIAN_POINT('',(-30.,-53.92820323027));
#222 = CARTESIAN_POINT('',(-30.,-47.));
#223 = ( GEOMETRIC_REPRESENTATION_CONTEXT(2) 
PARAMETRIC_REPRESENTATION_CONTEXT() REPRESENTATION_CONTEXT('2D SPACE',''
  ) );
#224 = ADVANCED_FACE('',(#225),#72,.T.);
#225 = FACE_BOUND('',#226,.T.);
#226 = EDGE_LOOP('',(#227,#249,#277,#302));
#227 = ORIENTED_EDGE('',*,*,#228,.T.);
#228 = EDGE_CURVE('',#24,#229,#231,.T.);
#229 = VERTEX_POINT('',#230);
#230 = CARTESIAN_POINT('',(-29.,-47.,9.4));
#231 = SURFACE_CURVE('',#232,(#237,#243),.PCURVE_S1.);
#232 = CIRCLE('',#233,1.);
#233 = AXIS2_PLACEMENT_3D('',#234,#235,#236);
#234 = CARTESIAN_POINT('',(-29.,-47.,8.4));
#235 = DIRECTION('',(0.,1.,0.));
#236 = DIRECTION('',(-1.,0.,0.));
#237 = PCURVE('',#72,#238);
#238 = DEFINITIONAL_REPRESENTATION('',(#239),#242);
#239 = B_SPLINE_CURVE_WITH_KNOTS('',1,(#240,#241),.UNSPECIFIED.,.F.,.F.,
  (2,2),(0.,1.570796326795),.PIECEWISE_BEZIER_KNOTS.);
#240 = CARTESIAN_POINT('',(0.,0.));
#241 = CARTESIAN_POINT('',(1.570796326795,0.));
#242 = ( GEOMETRIC_REPRESENTATION_CONTEXT(2) 
PARAMETRIC_REPRESENTATION_CONTEXT() REPRESENTATION_CONTEXT('2D SPACE',''
  ) );
#243 = PCURVE('',#186,#244);
#244 = DEFINITIONAL_REPRESENTATION('',(#245),#248);
#245 = B_SPLINE_CURVE_WITH_KNOTS('',1,(#246,#247),.UNSPECIFIED.,.F.,.F.,
  (2,2),(0.,1.570796326795),.PIECEWISE_BEZIER_KNOTS.);
#246 = CARTESIAN_POINT('',(-1.570796326795,0.));
#247 = CARTESIAN_POINT('',(-1.570796326795,1.570796326795));
#248 = ( GEOMETRIC_REPRESENTATION_CONTEXT(2) 
PARAMETRIC_REPRESENTATION_CONTEXT() REPRESENTATION_CONTEXT('2D SPACE',''
  ) );
#249 = ORIENTED_EDGE('',*,*,#250,.T.);
#250 = EDGE_CURVE('',#229,#251,#253,.T.);
#251 = VERTEX_POINT('',#252);
#252 = CARTESIAN_POINT('',(-29.,47.,9.4));
#253 = SURFACE_CURVE('',#254,(#258,#265),.PCURVE_S1.);
#254 = LINE('',#255,#256);
#255 = CARTESIAN_POINT('',(-29.,-47.,9.4));
#256 = VECTOR('',#257,1.);
#257 = DIRECTION('',(0.,1.,0.));
#258 = PCURVE('',#72,#259);
#259 = DEFINITIONAL_REPRESENTATION('',(#260),#264);
#260 = LINE('',#261,#262);
#261 = CARTESIAN_POINT('',(1.570796326795,0.));
#262 = VECTOR('',#263,1.);
#263 = DIRECTION('',(0.,1.));
#264 = ( GEOMETRIC_REPRESENTATION_CONTEXT(2) 
PARAMETRIC_REPRESENTATION_CONTEXT() REPRESENTATION_CONTEXT('2D SPACE',''
  ) );
#265 = PCURVE('',#266,#271);
#266 = PLANE('',#267);
#267 = AXIS2_PLACEMENT_3D('',#268,#269,#270);
#268 = CARTESIAN_POINT('',(0.,2.332246516511E-15,9.4));
#269 = DIRECTION('',(0.,0.,1.));
#270 = DIRECTION('',(1.,0.,0.));
#271 = DEFINITIONAL_REPRESENTATION('',(#272),#276);
#272 = LINE('',#273,#274);
#273 = CARTESIAN_POINT('',(-29.,-47.));
#274 = VECTOR('',#275,1.);
#275 = DIRECTION('',(0.,1.));
#276 = ( GEOMETRIC_REPRESENTATION_CONTEXT(2) 
PARAMETRIC_REPRESENTATION_CONTEXT() REPRESENTATION_CONTEXT('2D SPACE',''
  ) );
#277 = ORIENTED_EDGE('',*,*,#278,.F.);
#278 = EDGE_CURVE('',#57,#251,#279,.T.);
#279 = SURFACE_CURVE('',#280,(#285,#291),.PCURVE_S1.);
#280 = CIRCLE('',#281,1.);
#281 = AXIS2_PLACEMENT_3D('',#282,#283,#284);
#282 = CARTESIAN_POINT('',(-29.,47.,8.4));
#283 = DIRECTION('',(0.,1.,0.));
#284 = DIRECTION('',(-1.,0.,0.));
#285 = PCURVE('',#72,#286);
#286 = DEFINITIONAL_REPRESENTATION('',(#287),#290);
#287 = B_SPLINE_CURVE_WITH_KNOTS('',1,(#288,#289),.UNSPECIFIED.,.F.,.F.,
  (2,2),(0.,1.570796326795),.PIECEWISE_BEZIER_KNOTS.);
#288 = CARTESIAN_POINT('',(0.,94.));
#289 = CARTESIAN_POINT('',(1.570796326795,94.));
#290 = ( GEOMETRIC_REPRESENTATION_CONTEXT(2) 
PARAMETRIC_REPRESENTATION_CONTEXT() REPRESENTATION_CONTEXT('2D SPACE',''
  ) );
#291 = PCURVE('',#292,#297);
#292 = TOROIDAL_SURFACE('',#293,3.,1.);
#293 = AXIS2_PLACEMENT_3D('',#294,#295,#296);
#294 = CARTESIAN_POINT('',(-26.,47.,8.4));
#295 = DIRECTION('',(0.,0.,1.));
#296 = DIRECTION('',(-1.,0.,0.));
#297 = DEFINITIONAL_REPRESENTATION('',(#298),#301);
#298 = B_SPLINE_CURVE_WITH_KNOTS('',1,(#299,#300),.UNSPECIFIED.,.F.,.F.,
  (2,2),(0.,1.570796326795),.PIECEWISE_BEZIER_KNOTS.);
#299 = CARTESIAN_POINT('',(0.,0.));
#300 = CARTESIAN_POINT('',(0.,1.570796326795));
#301 = ( GEOMETRIC_REPRESENTATION_CONTEXT(2) 
PARAMETRIC_REPRESENTATION_CONTEXT() REPRESENTATION_CONTEXT('2D SPACE',''
  ) );
#302 = ORIENTED_EDGE('',*,*,#56,.F.);
#303 = ADVANCED_FACE('',(#304,#479,#510,#541),#126,.F.);
#304 = FACE_BOUND('',#305,.F.);
#305 = EDGE_LOOP('',(#306,#307,#308,#331,#364,#392,#425,#453));
#306 = ORIENTED_EDGE('',*,*,#112,.F.);
#307 = ORIENTED_EDGE('',*,*,#199,.F.);
#308 = ORIENTED_EDGE('',*,*,#309,.T.);
#309 = EDGE_CURVE('',#142,#310,#312,.T.);
#310 = VERTEX_POINT('',#311);
#311 = CARTESIAN_POINT('',(26.,-51.,1.2));
#312 = SURFACE_CURVE('',#313,(#317,#324),.PCURVE_S1.);
#313 = LINE('',#314,#315);
#314 = CARTESIAN_POINT('',(0.,-51.,1.2));
#315 = VECTOR('',#316,1.);
#316 = DIRECTION('',(1.,0.,0.));
#317 = PCURVE('',#126,#318);
#318 = DEFINITIONAL_REPRESENTATION('',(#319),#323);
#319 = LINE('',#320,#321);
#320 = CARTESIAN_POINT('',(0.,-51.));
#321 = VECTOR('',#322,1.);
#322 = DIRECTION('',(1.,0.));
#323 = ( GEOMETRIC_REPRESENTATION_CONTEXT(2) 
PARAMETRIC_REPRESENTATION_CONTEXT() REPRESENTATION_CONTEXT('2D SPACE',''
  ) );
#324 = PCURVE('',#159,#325);
#325 = DEFINITIONAL_REPRESENTATION('',(#326),#330);
#326 = LINE('',#327,#328);
#327 = CARTESIAN_POINT('',(26.,0.));
#328 = VECTOR('',#329,1.);
#329 = DIRECTION('',(1.,0.));
#330 = ( GEOMETRIC_REPRESENTATION_CONTEXT(2) 
PARAMETRIC_REPRESENTATION_CONTEXT() REPRESENTATION_CONTEXT('2D SPACE',''
  ) );
#331 = ORIENTED_EDGE('',*,*,#332,.F.);
#332 = EDGE_CURVE('',#333,#310,#335,.T.);
#333 = VERTEX_POINT('',#334);
#334 = CARTESIAN_POINT('',(30.,-47.,1.2));
#335 = SURFACE_CURVE('',#336,(#341,#352),.PCURVE_S1.);
#336 = CIRCLE('',#337,4.);
#337 = AXIS2_PLACEMENT_3D('',#338,#339,#340);
#338 = CARTESIAN_POINT('',(26.,-47.,1.2));
#339 = DIRECTION('',(0.,0.,-1.));
#340 = DIRECTION('',(-1.,0.,0.));
#341 = PCURVE('',#126,#342);
#342 = DEFINITIONAL_REPRESENTATION('',(#343),#351);
#343 = ( BOUNDED_CURVE() B_SPLINE_CURVE(2,(#344,#345,#346,#347,#348,#349
,#350),.UNSPECIFIED.,.T.,.F.) B_SPLINE_CURVE_WITH_KNOTS((1,2,2,2,2,1),(
    -2.094395102393,0.,2.094395102393,4.188790204786,6.28318530718,
8.377580409573),.UNSPECIFIED.) CURVE() GEOMETRIC_REPRESENTATION_ITEM() 
RATIONAL_B_SPLINE_CURVE((1.,0.5,1.,0.5,1.,0.5,1.)) REPRESENTATION_ITEM(
  '') );
#344 = CARTESIAN_POINT('',(22.,-47.));
#345 = CARTESIAN_POINT('',(22.,-40.07179676972));
#346 = CARTESIAN_POINT('',(28.,-43.53589838486));
#347 = CARTESIAN_POINT('',(34.,-47.));
#348 = CARTESIAN_POINT('',(28.,-50.46410161513));
#349 = CARTESIAN_POINT('',(22.,-53.92820323027));
#350 = CARTESIAN_POINT('',(22.,-47.));
#351 = ( GEOMETRIC_REPRESENTATION_CONTEXT(2) 
PARAMETRIC_REPRESENTATION_CONTEXT() REPRESENTATION_CONTEXT('2D SPACE',''
  ) );
#352 = PCURVE('',#353,#358);
#353 = CYLINDRICAL_SURFACE('',#354,4.);
#354 = AXIS2_PLACEMENT_3D('',#355,#356,#357);
#355 = CARTESIAN_POINT('',(26.,-47.,1.2));
#356 = DIRECTION('',(0.,0.,-1.));
#357 = DIRECTION('',(-1.,0.,0.));
#358 = DEFINITIONAL_REPRESENTATION('',(#359),#363);
#359 = LINE('',#360,#361);
#360 = CARTESIAN_POINT('',(0.,0.));
#361 = VECTOR('',#362,1.);
#362 = DIRECTION('',(1.,0.));
#363 = ( GEOMETRIC_REPRESENTATION_CONTEXT(2) 
PARAMETRIC_REPRESENTATION_CONTEXT() REPRESENTATION_CONTEXT('2D SPACE',''
  ) );
#364 = ORIENTED_EDGE('',*,*,#365,.T.);
#365 = EDGE_CURVE('',#333,#366,#368,.T.);
#366 = VERTEX_POINT('',#367);
#367 = CARTESIAN_POINT('',(30.,47.,1.2));
#368 = SURFACE_CURVE('',#369,(#373,#380),.PCURVE_S1.);
#369 = LINE('',#370,#371);
#370 = CARTESIAN_POINT('',(30.,0.,1.2));
#371 = VECTOR('',#372,1.);
#372 = DIRECTION('',(0.,1.,0.));
#373 = PCURVE('',#126,#374);
#374 = DEFINITIONAL_REPRESENTATION('',(#375),#379);
#375 = LINE('',#376,#377);
#376 = CARTESIAN_POINT('',(30.,-2.332246516511E-15));
#377 = VECTOR('',#378,1.);
#378 = DIRECTION('',(0.,1.));
#379 = ( GEOMETRIC_REPRESENTATION_CONTEXT(2) 
PARAMETRIC_REPRESENTATION_CONTEXT() REPRESENTATION_CONTEXT('2D SPACE',''
  ) );
#380 = PCURVE('',#381,#386);
#381 = PLANE('',#382);
#382 = AXIS2_PLACEMENT_3D('',#383,#384,#385);
#383 = CARTESIAN_POINT('',(30.,-47.,1.2));
#384 = DIRECTION('',(-1.,0.,0.));
#385 = DIRECTION('',(0.,1.,0.));
#386 = DEFINITIONAL_REPRESENTATION('',(#387),#391);
#387 = LINE('',#388,#389);
#388 = CARTESIAN_POINT('',(47.,0.));
#389 = VECTOR('',#390,1.);
#390 = DIRECTION('',(1.,0.));
#391 = ( GEOMETRIC_REPRESENTATION_CONTEXT(2) 
PARAMETRIC_REPRESENTATION_CONTEXT() REPRESENTATION_CONTEXT('2D SPACE',''
  ) );
#392 = ORIENTED_EDGE('',*,*,#393,.F.);
#393 = EDGE_CURVE('',#394,#366,#396,.T.);
#394 = VERTEX_POINT('',#395);
#395 = CARTESIAN_POINT('',(26.,51.,1.2));
#396 = SURFACE_CURVE('',#397,(#402,#413),.PCURVE_S1.);
#397 = CIRCLE('',#398,4.);
#398 = AXIS2_PLACEMENT_3D('',#399,#400,#401);
#399 = CARTESIAN_POINT('',(26.,47.,1.2));
#400 = DIRECTION('',(0.,0.,-1.));
#401 = DIRECTION('',(-1.,0.,0.));
#402 = PCURVE('',#126,#403);
#403 = DEFINITIONAL_REPRESENTATION('',(#404),#412);
#404 = ( BOUNDED_CURVE() B_SPLINE_CURVE(2,(#405,#406,#407,#408,#409,#410
,#411),.UNSPECIFIED.,.T.,.F.) B_SPLINE_CURVE_WITH_KNOTS((1,2,2,2,2,1),(
    -2.094395102393,0.,2.094395102393,4.188790204786,6.28318530718,
8.377580409573),.UNSPECIFIED.) CURVE() GEOMETRIC_REPRESENTATION_ITEM() 
RATIONAL_B_SPLINE_CURVE((1.,0.5,1.,0.5,1.,0.5,1.)) REPRESENTATION_ITEM(
  '') );
#405 = CARTESIAN_POINT('',(22.,47.));
#406 = CARTESIAN_POINT('',(22.,53.928203230276));
#407 = CARTESIAN_POINT('',(28.,50.464101615138));
#408 = CARTESIAN_POINT('',(34.,47.));
#409 = CARTESIAN_POINT('',(28.,43.535898384862));
#410 = CARTESIAN_POINT('',(22.,40.071796769724));
#411 = CARTESIAN_POINT('',(22.,47.));
#412 = ( GEOMETRIC_REPRESENTATION_CONTEXT(2) 
PARAMETRIC_REPRESENTATION_CONTEXT() REPRESENTATION_CONTEXT('2D SPACE',''
  ) );
#413 = PCURVE('',#414,#419);
#414 = CYLINDRICAL_SURFACE('',#415,4.);
#415 = AXIS2_PLACEMENT_3D('',#416,#417,#418);
#416 = CARTESIAN_POINT('',(26.,47.,1.2));
#417 = DIRECTION('',(0.,0.,-1.));
#418 = DIRECTION('',(-1.,0.,0.));
#419 = DEFINITIONAL_REPRESENTATION('',(#420),#424);
#420 = LINE('',#421,#422);
#421 = CARTESIAN_POINT('',(0.,0.));
#422 = VECTOR('',#423,1.);
#423 = DIRECTION('',(1.,0.));
#424 = ( GEOMETRIC_REPRESENTATION_CONTEXT(2) 
PARAMETRIC_REPRESENTATION_CONTEXT() REPRESENTATION_CONTEXT('2D SPACE',''
  ) );
#425 = ORIENTED_EDGE('',*,*,#426,.F.);
#426 = EDGE_CURVE('',#427,#394,#429,.T.);
#427 = VERTEX_POINT('',#428);
#428 = CARTESIAN_POINT('',(-26.,51.,1.2));
#429 = SURFACE_CURVE('',#430,(#434,#441),.PCURVE_S1.);
#430 = LINE('',#431,#432);
#431 = CARTESIAN_POINT('',(0.,51.,1.2));
#432 = VECTOR('',#433,1.);
#433 = DIRECTION('',(1.,0.,0.));
#434 = PCURVE('',#126,#435);
#435 = DEFINITIONAL_REPRESENTATION('',(#436),#440);
#436 = LINE('',#437,#438);
#437 = CARTESIAN_POINT('',(0.,51.));
#438 = VECTOR('',#439,1.);
#439 = DIRECTION('',(1.,0.));
#440 = ( GEOMETRIC_REPRESENTATION_CONTEXT(2) 
PARAMETRIC_REPRESENTATION_CONTEXT() REPRESENTATION_CONTEXT('2D SPACE',''
  ) );
#441 = PCURVE('',#442,#447);
#442 = PLANE('',#443);
#443 = AXIS2_PLACEMENT_3D('',#444,#445,#446);
#444 = CARTESIAN_POINT('',(-26.,51.,1.2));
#445 = DIRECTION('',(0.,1.,0.));
#446 = DIRECTION('',(1.,0.,0.));
#447 = DEFINITIONAL_REPRESENTATION('',(#448),#452);
#448 = LINE('',#449,#450);
#449 = CARTESIAN_POINT('',(26.,0.));
#450 = VECTOR('',#451,1.);
#451 = DIRECTION('',(1.,0.));
#452 = ( GEOMETRIC_REPRESENTATION_CONTEXT(2) 
PARAMETRIC_REPRESENTATION_CONTEXT() REPRESENTATION_CONTEXT('2D SPACE',''
  ) );
#453 = ORIENTED_EDGE('',*,*,#454,.F.);
#454 = EDGE_CURVE('',#85,#427,#455,.T.);
#455 = SURFACE_CURVE('',#456,(#461,#472),.PCURVE_S1.);
#456 = CIRCLE('',#457,4.);
#457 = AXIS2_PLACEMENT_3D('',#458,#459,#460);
#458 = CARTESIAN_POINT('',(-26.,47.,1.2));
#459 = DIRECTION('',(0.,0.,-1.));
#460 = DIRECTION('',(-1.,0.,0.));
#461 = PCURVE('',#126,#462);
#462 = DEFINITIONAL_REPRESENTATION('',(#463),#471);
#463 = ( BOUNDED_CURVE() B_SPLINE_CURVE(2,(#464,#465,#466,#467,#468,#469
,#470),.UNSPECIFIED.,.T.,.F.) B_SPLINE_CURVE_WITH_KNOTS((1,2,2,2,2,1),(
    -2.094395102393,0.,2.094395102393,4.188790204786,6.28318530718,
8.377580409573),.UNSPECIFIED.) CURVE() GEOMETRIC_REPRESENTATION_ITEM() 
RATIONAL_B_SPLINE_CURVE((1.,0.5,1.,0.5,1.,0.5,1.)) REPRESENTATION_ITEM(
  '') );
#464 = CARTESIAN_POINT('',(-30.,47.));
#465 = CARTESIAN_POINT('',(-30.,53.928203230276));
#466 = CARTESIAN_POINT('',(-24.,50.464101615138));
#467 = CARTESIAN_POINT('',(-18.,47.));
#468 = CARTESIAN_POINT('',(-24.,43.535898384862));
#469 = CARTESIAN_POINT('',(-30.,40.071796769724));
#470 = CARTESIAN_POINT('',(-30.,47.));
#471 = ( GEOMETRIC_REPRESENTATION_CONTEXT(2) 
PARAMETRIC_REPRESENTATION_CONTEXT() REPRESENTATION_CONTEXT('2D SPACE',''
  ) );
#472 = PCURVE('',#100,#473);
#473 = DEFINITIONAL_REPRESENTATION('',(#474),#478);
#474 = LINE('',#475,#476);
#475 = CARTESIAN_POINT('',(0.,0.));
#476 = VECTOR('',#477,1.);
#477 = DIRECTION('',(1.,0.));
#478 = ( GEOMETRIC_REPRESENTATION_CONTEXT(2) 
PARAMETRIC_REPRESENTATION_CONTEXT() REPRESENTATION_CONTEXT('2D SPACE',''
  ) );
#479 = FACE_BOUND('',#480,.F.);
#480 = EDGE_LOOP('',(#481));
#481 = ORIENTED_EDGE('',*,*,#482,.F.);
#482 = EDGE_CURVE('',#483,#483,#485,.T.);
#483 = VERTEX_POINT('',#484);
#484 = CARTESIAN_POINT('',(-26.8,-5.,1.2));
#485 = SURFACE_CURVE('',#486,(#491,#498),.PCURVE_S1.);
#486 = CIRCLE('',#487,0.8);
#487 = AXIS2_PLACEMENT_3D('',#488,#489,#490);
#488 = CARTESIAN_POINT('',(-27.6,-5.,1.2));
#489 = DIRECTION('',(0.,0.,1.));
#490 = DIRECTION('',(1.,0.,-0.));
#491 = PCURVE('',#126,#492);
#492 = DEFINITIONAL_REPRESENTATION('',(#493),#497);
#493 = CIRCLE('',#494,0.8);
#494 = AXIS2_PLACEMENT_2D('',#495,#496);
#495 = CARTESIAN_POINT('',(-27.6,-5.));
#496 = DIRECTION('',(1.,0.));
#497 = ( GEOMETRIC_REPRESENTATION_CONTEXT(2) 
PARAMETRIC_REPRESENTATION_CONTEXT() REPRESENTATION_CONTEXT('2D SPACE',''
  ) );
#498 = PCURVE('',#499,#504);
#499 = CYLINDRICAL_SURFACE('',#500,0.8);
#500 = AXIS2_PLACEMENT_3D('',#501,#502,#503);
#501 = CARTESIAN_POINT('',(-27.6,-5.,1.2));
#502 = DIRECTION('',(0.,0.,1.));
#503 = DIRECTION('',(1.,0.,-0.));
#504 = DEFINITIONAL_REPRESENTATION('',(#505),#509);
#505 = LINE('',#506,#507);
#506 = CARTESIAN_POINT('',(0.,0.));
#507 = VECTOR('',#508,1.);
#508 = DIRECTION('',(1.,0.));
#509 = ( GEOMETRIC_REPRESENTATION_CONTEXT(2) 
PARAMETRIC_REPRESENTATION_CONTEXT() REPRESENTATION_CONTEXT('2D SPACE',''
  ) );
#510 = FACE_BOUND('',#511,.F.);
#511 = EDGE_LOOP('',(#512));
#512 = ORIENTED_EDGE('',*,*,#513,.F.);
#513 = EDGE_CURVE('',#514,#514,#516,.T.);
#514 = VERTEX_POINT('',#515);
#515 = CARTESIAN_POINT('',(28.4,-5.,1.2));
#516 = SURFACE_CURVE('',#517,(#522,#529),.PCURVE_S1.);
#517 = CIRCLE('',#518,0.8);
#518 = AXIS2_PLACEMENT_3D('',#519,#520,#521);
#519 = CARTESIAN_POINT('',(27.6,-5.,1.2));
#520 = DIRECTION('',(0.,0.,1.));
#521 = DIRECTION('',(1.,0.,-0.));
#522 = PCURVE('',#126,#523);
#523 = DEFINITIONAL_REPRESENTATION('',(#524),#528);
#524 = CIRCLE('',#525,0.8);
#525 = AXIS2_PLACEMENT_2D('',#526,#527);
#526 = CARTESIAN_POINT('',(27.6,-5.));
#527 = DIRECTION('',(1.,0.));
#528 = ( GEOMETRIC_REPRESENTATION_CONTEXT(2) 
PARAMETRIC_REPRESENTATION_CONTEXT() REPRESENTATION_CONTEXT('2D SPACE',''
  ) );
#529 = PCURVE('',#530,#535);
#530 = CYLINDRICAL_SURFACE('',#531,0.8);
#531 = AXIS2_PLACEMENT_3D('',#532,#533,#534);
#532 = CARTESIAN_POINT('',(27.6,-5.,1.2));
#533 = DIRECTION('',(0.,0.,1.));
#534 = DIRECTION('',(1.,0.,-0.));
#535 = DEFINITIONAL_REPRESENTATION('',(#536),#540);
#536 = LINE('',#537,#538);
#537 = CARTESIAN_POINT('',(0.,0.));
#538 = VECTOR('',#539,1.);
#539 = DIRECTION('',(1.,0.));
#540 = ( GEOMETRIC_REPRESENTATION_CONTEXT(2) 
PARAMETRIC_REPRESENTATION_CONTEXT() REPRESENTATION_CONTEXT('2D SPACE',''
  ) );
#541 = FACE_BOUND('',#542,.F.);
#542 = EDGE_LOOP('',(#543,#574,#602,#635,#663,#692,#720,#748,#776,#804,
    #827,#856,#884,#913,#941,#970));
#543 = ORIENTED_EDGE('',*,*,#544,.F.);
#544 = EDGE_CURVE('',#545,#547,#549,.T.);
#545 = VERTEX_POINT('',#546);
#546 = CARTESIAN_POINT('',(-28.4,-47.,1.2));
#547 = VERTEX_POINT('',#548);
#548 = CARTESIAN_POINT('',(-26.,-49.4,1.2));
#549 = SURFACE_CURVE('',#550,(#555,#562),.PCURVE_S1.);
#550 = CIRCLE('',#551,2.4);
#551 = AXIS2_PLACEMENT_3D('',#552,#553,#554);
#552 = CARTESIAN_POINT('',(-26.,-47.,1.2));
#553 = DIRECTION('',(0.,0.,1.));
#554 = DIRECTION('',(1.,0.,0.));
#555 = PCURVE('',#126,#556);
#556 = DEFINITIONAL_REPRESENTATION('',(#557),#561);
#557 = CIRCLE('',#558,2.4);
#558 = AXIS2_PLACEMENT_2D('',#559,#560);
#559 = CARTESIAN_POINT('',(-26.,-47.));
#560 = DIRECTION('',(1.,0.));
#561 = ( GEOMETRIC_REPRESENTATION_CONTEXT(2) 
PARAMETRIC_REPRESENTATION_CONTEXT() REPRESENTATION_CONTEXT('2D SPACE',''
  ) );
#562 = PCURVE('',#563,#568);
#563 = CYLINDRICAL_SURFACE('',#564,2.4);
#564 = AXIS2_PLACEMENT_3D('',#565,#566,#567);
#565 = CARTESIAN_POINT('',(-26.,-47.,1.2));
#566 = DIRECTION('',(-0.,-0.,-1.));
#567 = DIRECTION('',(1.,0.,0.));
#568 = DEFINITIONAL_REPRESENTATION('',(#569),#573);
#569 = LINE('',#570,#571);
#570 = CARTESIAN_POINT('',(-0.,0.));
#571 = VECTOR('',#572,1.);
#572 = DIRECTION('',(-1.,0.));
#573 = ( GEOMETRIC_REPRESENTATION_CONTEXT(2) 
PARAMETRIC_REPRESENTATION_CONTEXT() REPRESENTATION_CONTEXT('2D SPACE',''
  ) );
#574 = ORIENTED_EDGE('',*,*,#575,.T.);
#575 = EDGE_CURVE('',#545,#576,#578,.T.);
#576 = VERTEX_POINT('',#577);
#577 = CARTESIAN_POINT('',(-28.4,-6.385640646055,1.2));
#578 = SURFACE_CURVE('',#579,(#583,#590),.PCURVE_S1.);
#579 = LINE('',#580,#581);
#580 = CARTESIAN_POINT('',(-28.4,0.,1.2));
#581 = VECTOR('',#582,1.);
#582 = DIRECTION('',(0.,1.,0.));
#583 = PCURVE('',#126,#584);
#584 = DEFINITIONAL_REPRESENTATION('',(#585),#589);
#585 = LINE('',#586,#587);
#586 = CARTESIAN_POINT('',(-28.4,-2.332246516511E-15));
#587 = VECTOR('',#588,1.);
#588 = DIRECTION('',(0.,1.));
#589 = ( GEOMETRIC_REPRESENTATION_CONTEXT(2) 
PARAMETRIC_REPRESENTATION_CONTEXT() REPRESENTATION_CONTEXT('2D SPACE',''
  ) );
#590 = PCURVE('',#591,#596);
#591 = PLANE('',#592);
#592 = AXIS2_PLACEMENT_3D('',#593,#594,#595);
#593 = CARTESIAN_POINT('',(-28.4,-47.,1.2));
#594 = DIRECTION('',(-1.,0.,0.));
#595 = DIRECTION('',(0.,1.,0.));
#596 = DEFINITIONAL_REPRESENTATION('',(#597),#601);
#597 = LINE('',#598,#599);
#598 = CARTESIAN_POINT('',(47.,0.));
#599 = VECTOR('',#600,1.);
#600 = DIRECTION('',(1.,0.));
#601 = ( GEOMETRIC_REPRESENTATION_CONTEXT(2) 
PARAMETRIC_REPRESENTATION_CONTEXT() REPRESENTATION_CONTEXT('2D SPACE',''
  ) );
#602 = ORIENTED_EDGE('',*,*,#603,.F.);
#603 = EDGE_CURVE('',#604,#576,#606,.T.);
#604 = VERTEX_POINT('',#605);
#605 = CARTESIAN_POINT('',(-28.4,-3.614359353945,1.2));
#606 = SURFACE_CURVE('',#607,(#612,#623),.PCURVE_S1.);
#607 = CIRCLE('',#608,1.6);
#608 = AXIS2_PLACEMENT_3D('',#609,#610,#611);
#609 = CARTESIAN_POINT('',(-27.6,-5.,1.2));
#610 = DIRECTION('',(0.,0.,-1.));
#611 = DIRECTION('',(-0.5,0.866025403784,0.));
#612 = PCURVE('',#126,#613);
#613 = DEFINITIONAL_REPRESENTATION('',(#614),#622);
#614 = ( BOUNDED_CURVE() B_SPLINE_CURVE(2,(#615,#616,#617,#618,#619,#620
,#621),.UNSPECIFIED.,.T.,.F.) B_SPLINE_CURVE_WITH_KNOTS((1,2,2,2,2,1),(
    -2.094395102393,0.,2.094395102393,4.188790204786,6.28318530718,
8.377580409573),.UNSPECIFIED.) CURVE() GEOMETRIC_REPRESENTATION_ITEM() 
RATIONAL_B_SPLINE_CURVE((1.,0.5,1.,0.5,1.,0.5,1.)) REPRESENTATION_ITEM(
  '') );
#615 = CARTESIAN_POINT('',(-28.4,-3.614359353945));
#616 = CARTESIAN_POINT('',(-26.,-2.22871870789));
#617 = CARTESIAN_POINT('',(-26.,-5.));
#618 = CARTESIAN_POINT('',(-26.,-7.77128129211));
#619 = CARTESIAN_POINT('',(-28.4,-6.385640646055));
#620 = CARTESIAN_POINT('',(-30.8,-5.));
#621 = CARTESIAN_POINT('',(-28.4,-3.614359353945));
#622 = ( GEOMETRIC_REPRESENTATION_CONTEXT(2) 
PARAMETRIC_REPRESENTATION_CONTEXT() REPRESENTATION_CONTEXT('2D SPACE',''
  ) );
#623 = PCURVE('',#624,#629);
#624 = CYLINDRICAL_SURFACE('',#625,1.6);
#625 = AXIS2_PLACEMENT_3D('',#626,#627,#628);
#626 = CARTESIAN_POINT('',(-27.6,-5.,1.2));
#627 = DIRECTION('',(0.,0.,1.));
#628 = DIRECTION('',(1.,0.,-0.));
#629 = DEFINITIONAL_REPRESENTATION('',(#630),#634);
#630 = LINE('',#631,#632);
#631 = CARTESIAN_POINT('',(8.377580409573,0.));
#632 = VECTOR('',#633,1.);
#633 = DIRECTION('',(-1.,-0.));
#634 = ( GEOMETRIC_REPRESENTATION_CONTEXT(2) 
PARAMETRIC_REPRESENTATION_CONTEXT() REPRESENTATION_CONTEXT('2D SPACE',''
  ) );
#635 = ORIENTED_EDGE('',*,*,#636,.T.);
#636 = EDGE_CURVE('',#604,#637,#639,.T.);
#637 = VERTEX_POINT('',#638);
#638 = CARTESIAN_POINT('',(-28.4,47.,1.2));
#639 = SURFACE_CURVE('',#640,(#644,#651),.PCURVE_S1.);
#640 = LINE('',#641,#642);
#641 = CARTESIAN_POINT('',(-28.4,0.,1.2));
#642 = VECTOR('',#643,1.);
#643 = DIRECTION('',(0.,1.,0.));
#644 = PCURVE('',#126,#645);
#645 = DEFINITIONAL_REPRESENTATION('',(#646),#650);
#646 = LINE('',#647,#648);
#647 = CARTESIAN_POINT('',(-28.4,-2.332246516511E-15));
#648 = VECTOR('',#649,1.);
#649 = DIRECTION('',(0.,1.));
#650 = ( GEOMETRIC_REPRESENTATION_CONTEXT(2) 
PARAMETRIC_REPRESENTATION_CONTEXT() REPRESENTATION_CONTEXT('2D SPACE',''
  ) );
#651 = PCURVE('',#652,#657);
#652 = PLANE('',#653);
#653 = AXIS2_PLACEMENT_3D('',#654,#655,#656);
#654 = CARTESIAN_POINT('',(-28.4,-47.,1.2));
#655 = DIRECTION('',(-1.,0.,0.));
#656 = DIRECTION('',(0.,1.,0.));
#657 = DEFINITIONAL_REPRESENTATION('',(#658),#662);
#658 = LINE('',#659,#660);
#659 = CARTESIAN_POINT('',(47.,0.));
#660 = VECTOR('',#661,1.);
#661 = DIRECTION('',(1.,0.));
#662 = ( GEOMETRIC_REPRESENTATION_CONTEXT(2) 
PARAMETRIC_REPRESENTATION_CONTEXT() REPRESENTATION_CONTEXT('2D SPACE',''
  ) );
#663 = ORIENTED_EDGE('',*,*,#664,.F.);
#664 = EDGE_CURVE('',#665,#637,#667,.T.);
#665 = VERTEX_POINT('',#666);
#666 = CARTESIAN_POINT('',(-26.,49.4,1.2));
#667 = SURFACE_CURVE('',#668,(#673,#680),.PCURVE_S1.);
#668 = CIRCLE('',#669,2.4);
#669 = AXIS2_PLACEMENT_3D('',#670,#671,#672);
#670 = CARTESIAN_POINT('',(-26.,47.,1.2));
#671 = DIRECTION('',(0.,0.,1.));
#672 = DIRECTION('',(1.,0.,0.));
#673 = PCURVE('',#126,#674);
#674 = DEFINITIONAL_REPRESENTATION('',(#675),#679);
#675 = CIRCLE('',#676,2.4);
#676 = AXIS2_PLACEMENT_2D('',#677,#678);
#677 = CARTESIAN_POINT('',(-26.,47.));
#678 = DIRECTION('',(1.,0.));
#679 = ( GEOMETRIC_REPRESENTATION_CONTEXT(2) 
PARAMETRIC_REPRESENTATION_CONTEXT() REPRESENTATION_CONTEXT('2D SPACE',''
  ) );
#680 = PCURVE('',#681,#686);
#681 = CYLINDRICAL_SURFACE('',#682,2.4);
#682 = AXIS2_PLACEMENT_3D('',#683,#684,#685);
#683 = CARTESIAN_POINT('',(-26.,47.,1.2));
#684 = DIRECTION('',(-0.,-0.,-1.));
#685 = DIRECTION('',(1.,0.,0.));
#686 = DEFINITIONAL_REPRESENTATION('',(#687),#691);
#687 = LINE('',#688,#689);
#688 = CARTESIAN_POINT('',(-0.,0.));
#689 = VECTOR('',#690,1.);
#690 = DIRECTION('',(-1.,0.));
#691 = ( GEOMETRIC_REPRESENTATION_CONTEXT(2) 
PARAMETRIC_REPRESENTATION_CONTEXT() REPRESENTATION_CONTEXT('2D SPACE',''
  ) );
#692 = ORIENTED_EDGE('',*,*,#693,.T.);
#693 = EDGE_CURVE('',#665,#694,#696,.T.);
#694 = VERTEX_POINT('',#695);
#695 = CARTESIAN_POINT('',(-15.5,49.4,1.2));
#696 = SURFACE_CURVE('',#697,(#701,#708),.PCURVE_S1.);
#697 = LINE('',#698,#699);
#698 = CARTESIAN_POINT('',(0.,49.4,1.2));
#699 = VECTOR('',#700,1.);
#700 = DIRECTION('',(1.,0.,0.));
#701 = PCURVE('',#126,#702);
#702 = DEFINITIONAL_REPRESENTATION('',(#703),#707);
#703 = LINE('',#704,#705);
#704 = CARTESIAN_POINT('',(0.,49.4));
#705 = VECTOR('',#706,1.);
#706 = DIRECTION('',(1.,0.));
#707 = ( GEOMETRIC_REPRESENTATION_CONTEXT(2) 
PARAMETRIC_REPRESENTATION_CONTEXT() REPRESENTATION_CONTEXT('2D SPACE',''
  ) );
#708 = PCURVE('',#709,#714);
#709 = PLANE('',#710);
#710 = AXIS2_PLACEMENT_3D('',#711,#712,#713);
#711 = CARTESIAN_POINT('',(-26.,49.4,1.2));
#712 = DIRECTION('',(0.,1.,0.));
#713 = DIRECTION('',(1.,0.,0.));
#714 = DEFINITIONAL_REPRESENTATION('',(#715),#719);
#715 = LINE('',#716,#717);
#716 = CARTESIAN_POINT('',(26.,0.));
#717 = VECTOR('',#718,1.);
#718 = DIRECTION('',(1.,0.));
#719 = ( GEOMETRIC_REPRESENTATION_CONTEXT(2) 
PARAMETRIC_REPRESENTATION_CONTEXT() REPRESENTATION_CONTEXT('2D SPACE',''
  ) );
#720 = ORIENTED_EDGE('',*,*,#721,.T.);
#721 = EDGE_CURVE('',#694,#722,#724,.T.);
#722 = VERTEX_POINT('',#723);
#723 = CARTESIAN_POINT('',(-15.5,50.11,1.2));
#724 = SURFACE_CURVE('',#725,(#729,#736),.PCURVE_S1.);
#725 = LINE('',#726,#727);
#726 = CARTESIAN_POINT('',(-15.5,49.39,1.2));
#727 = VECTOR('',#728,1.);
#728 = DIRECTION('',(-0.,1.,0.));
#729 = PCURVE('',#126,#730);
#730 = DEFINITIONAL_REPRESENTATION('',(#731),#735);
#731 = LINE('',#732,#733);
#732 = CARTESIAN_POINT('',(-15.5,49.39));
#733 = VECTOR('',#734,1.);
#734 = DIRECTION('',(0.,1.));
#735 = ( GEOMETRIC_REPRESENTATION_CONTEXT(2) 
PARAMETRIC_REPRESENTATION_CONTEXT() REPRESENTATION_CONTEXT('2D SPACE',''
  ) );
#736 = PCURVE('',#737,#742);
#737 = PLANE('',#738);
#738 = AXIS2_PLACEMENT_3D('',#739,#740,#741);
#739 = CARTESIAN_POINT('',(-15.5,49.39,1.2));
#740 = DIRECTION('',(1.,0.,-0.));
#741 = DIRECTION('',(0.,0.,1.));
#742 = DEFINITIONAL_REPRESENTATION('',(#743),#747);
#743 = LINE('',#744,#745);
#744 = CARTESIAN_POINT('',(0.,0.));
#745 = VECTOR('',#746,1.);
#746 = DIRECTION('',(0.,-1.));
#747 = ( GEOMETRIC_REPRESENTATION_CONTEXT(2) 
PARAMETRIC_REPRESENTATION_CONTEXT() REPRESENTATION_CONTEXT('2D SPACE',''
  ) );
#748 = ORIENTED_EDGE('',*,*,#749,.T.);
#749 = EDGE_CURVE('',#722,#750,#752,.T.);
#750 = VERTEX_POINT('',#751);
#751 = CARTESIAN_POINT('',(15.5,50.11,1.2));
#752 = SURFACE_CURVE('',#753,(#757,#764),.PCURVE_S1.);
#753 = LINE('',#754,#755);
#754 = CARTESIAN_POINT('',(-15.5,50.11,1.2));
#755 = VECTOR('',#756,1.);
#756 = DIRECTION('',(1.,0.,-0.));
#757 = PCURVE('',#126,#758);
#758 = DEFINITIONAL_REPRESENTATION('',(#759),#763);
#759 = LINE('',#760,#761);
#760 = CARTESIAN_POINT('',(-15.5,50.11));
#761 = VECTOR('',#762,1.);
#762 = DIRECTION('',(1.,0.));
#763 = ( GEOMETRIC_REPRESENTATION_CONTEXT(2) 
PARAMETRIC_REPRESENTATION_CONTEXT() REPRESENTATION_CONTEXT('2D SPACE',''
  ) );
#764 = PCURVE('',#765,#770);
#765 = PLANE('',#766);
#766 = AXIS2_PLACEMENT_3D('',#767,#768,#769);
#767 = CARTESIAN_POINT('',(-15.5,50.11,1.2));
#768 = DIRECTION('',(-0.,1.,0.));
#769 = DIRECTION('',(0.,0.,1.));
#770 = DEFINITIONAL_REPRESENTATION('',(#771),#775);
#771 = LINE('',#772,#773);
#772 = CARTESIAN_POINT('',(0.,0.));
#773 = VECTOR('',#774,1.);
#774 = DIRECTION('',(0.,1.));
#775 = ( GEOMETRIC_REPRESENTATION_CONTEXT(2) 
PARAMETRIC_REPRESENTATION_CONTEXT() REPRESENTATION_CONTEXT('2D SPACE',''
  ) );
#776 = ORIENTED_EDGE('',*,*,#777,.F.);
#777 = EDGE_CURVE('',#778,#750,#780,.T.);
#778 = VERTEX_POINT('',#779);
#779 = CARTESIAN_POINT('',(15.5,49.4,1.2));
#780 = SURFACE_CURVE('',#781,(#785,#792),.PCURVE_S1.);
#781 = LINE('',#782,#783);
#782 = CARTESIAN_POINT('',(15.5,49.39,1.2));
#783 = VECTOR('',#784,1.);
#784 = DIRECTION('',(-0.,1.,0.));
#785 = PCURVE('',#126,#786);
#786 = DEFINITIONAL_REPRESENTATION('',(#787),#791);
#787 = LINE('',#788,#789);
#788 = CARTESIAN_POINT('',(15.5,49.39));
#789 = VECTOR('',#790,1.);
#790 = DIRECTION('',(0.,1.));
#791 = ( GEOMETRIC_REPRESENTATION_CONTEXT(2) 
PARAMETRIC_REPRESENTATION_CONTEXT() REPRESENTATION_CONTEXT('2D SPACE',''
  ) );
#792 = PCURVE('',#793,#798);
#793 = PLANE('',#794);
#794 = AXIS2_PLACEMENT_3D('',#795,#796,#797);
#795 = CARTESIAN_POINT('',(15.5,49.39,1.2));
#796 = DIRECTION('',(1.,0.,-0.));
#797 = DIRECTION('',(0.,0.,1.));
#798 = DEFINITIONAL_REPRESENTATION('',(#799),#803);
#799 = LINE('',#800,#801);
#800 = CARTESIAN_POINT('',(0.,0.));
#801 = VECTOR('',#802,1.);
#802 = DIRECTION('',(0.,-1.));
#803 = ( GEOMETRIC_REPRESENTATION_CONTEXT(2) 
PARAMETRIC_REPRESENTATION_CONTEXT() REPRESENTATION_CONTEXT('2D SPACE',''
  ) );
#804 = ORIENTED_EDGE('',*,*,#805,.T.);
#805 = EDGE_CURVE('',#778,#806,#808,.T.);
#806 = VERTEX_POINT('',#807);
#807 = CARTESIAN_POINT('',(26.,49.4,1.2));
#808 = SURFACE_CURVE('',#809,(#813,#820),.PCURVE_S1.);
#809 = LINE('',#810,#811);
#810 = CARTESIAN_POINT('',(0.,49.4,1.2));
#811 = VECTOR('',#812,1.);
#812 = DIRECTION('',(1.,0.,0.));
#813 = PCURVE('',#126,#814);
#814 = DEFINITIONAL_REPRESENTATION('',(#815),#819);
#815 = LINE('',#816,#817);
#816 = CARTESIAN_POINT('',(0.,49.4));
#817 = VECTOR('',#818,1.);
#818 = DIRECTION('',(1.,0.));
#819 = ( GEOMETRIC_REPRESENTATION_CONTEXT(2) 
PARAMETRIC_REPRESENTATION_CONTEXT() REPRESENTATION_CONTEXT('2D SPACE',''
  ) );
#820 = PCURVE('',#709,#821);
#821 = DEFINITIONAL_REPRESENTATION('',(#822),#826);
#822 = LINE('',#823,#824);
#823 = CARTESIAN_POINT('',(26.,0.));
#824 = VECTOR('',#825,1.);
#825 = DIRECTION('',(1.,0.));
#826 = ( GEOMETRIC_REPRESENTATION_CONTEXT(2) 
PARAMETRIC_REPRESENTATION_CONTEXT() REPRESENTATION_CONTEXT('2D SPACE',''
  ) );
#827 = ORIENTED_EDGE('',*,*,#828,.F.);
#828 = EDGE_CURVE('',#829,#806,#831,.T.);
#829 = VERTEX_POINT('',#830);
#830 = CARTESIAN_POINT('',(28.4,47.,1.2));
#831 = SURFACE_CURVE('',#832,(#837,#844),.PCURVE_S1.);
#832 = CIRCLE('',#833,2.4);
#833 = AXIS2_PLACEMENT_3D('',#834,#835,#836);
#834 = CARTESIAN_POINT('',(26.,47.,1.2));
#835 = DIRECTION('',(0.,0.,1.));
#836 = DIRECTION('',(1.,0.,0.));
#837 = PCURVE('',#126,#838);
#838 = DEFINITIONAL_REPRESENTATION('',(#839),#843);
#839 = CIRCLE('',#840,2.4);
#840 = AXIS2_PLACEMENT_2D('',#841,#842);
#841 = CARTESIAN_POINT('',(26.,47.));
#842 = DIRECTION('',(1.,0.));
#843 = ( GEOMETRIC_REPRESENTATION_CONTEXT(2) 
PARAMETRIC_REPRESENTATION_CONTEXT() REPRESENTATION_CONTEXT('2D SPACE',''
  ) );
#844 = PCURVE('',#845,#850);
#845 = CYLINDRICAL_SURFACE('',#846,2.4);
#846 = AXIS2_PLACEMENT_3D('',#847,#848,#849);
#847 = CARTESIAN_POINT('',(26.,47.,1.2));
#848 = DIRECTION('',(-0.,-0.,-1.));
#849 = DIRECTION('',(1.,0.,0.));
#850 = DEFINITIONAL_REPRESENTATION('',(#851),#855);
#851 = LINE('',#852,#853);
#852 = CARTESIAN_POINT('',(-0.,0.));
#853 = VECTOR('',#854,1.);
#854 = DIRECTION('',(-1.,0.));
#855 = ( GEOMETRIC_REPRESENTATION_CONTEXT(2) 
PARAMETRIC_REPRESENTATION_CONTEXT() REPRESENTATION_CONTEXT('2D SPACE',''
  ) );
#856 = ORIENTED_EDGE('',*,*,#857,.F.);
#857 = EDGE_CURVE('',#858,#829,#860,.T.);
#858 = VERTEX_POINT('',#859);
#859 = CARTESIAN_POINT('',(28.4,-3.614359353945,1.2));
#860 = SURFACE_CURVE('',#861,(#865,#872),.PCURVE_S1.);
#861 = LINE('',#862,#863);
#862 = CARTESIAN_POINT('',(28.4,0.,1.2));
#863 = VECTOR('',#864,1.);
#864 = DIRECTION('',(0.,1.,0.));
#865 = PCURVE('',#126,#866);
#866 = DEFINITIONAL_REPRESENTATION('',(#867),#871);
#867 = LINE('',#868,#869);
#868 = CARTESIAN_POINT('',(28.4,-2.332246516511E-15));
#869 = VECTOR('',#870,1.);
#870 = DIRECTION('',(0.,1.));
#871 = ( GEOMETRIC_REPRESENTATION_CONTEXT(2) 
PARAMETRIC_REPRESENTATION_CONTEXT() REPRESENTATION_CONTEXT('2D SPACE',''
  ) );
#872 = PCURVE('',#873,#878);
#873 = PLANE('',#874);
#874 = AXIS2_PLACEMENT_3D('',#875,#876,#877);
#875 = CARTESIAN_POINT('',(28.4,-47.,1.2));
#876 = DIRECTION('',(-1.,0.,0.));
#877 = DIRECTION('',(0.,1.,0.));
#878 = DEFINITIONAL_REPRESENTATION('',(#879),#883);
#879 = LINE('',#880,#881);
#880 = CARTESIAN_POINT('',(47.,0.));
#881 = VECTOR('',#882,1.);
#882 = DIRECTION('',(1.,0.));
#883 = ( GEOMETRIC_REPRESENTATION_CONTEXT(2) 
PARAMETRIC_REPRESENTATION_CONTEXT() REPRESENTATION_CONTEXT('2D SPACE',''
  ) );
#884 = ORIENTED_EDGE('',*,*,#885,.T.);
#885 = EDGE_CURVE('',#858,#886,#888,.T.);
#886 = VERTEX_POINT('',#887);
#887 = CARTESIAN_POINT('',(28.4,-6.385640646055,1.2));
#888 = SURFACE_CURVE('',#889,(#894,#901),.PCURVE_S1.);
#889 = CIRCLE('',#890,1.6);
#890 = AXIS2_PLACEMENT_3D('',#891,#892,#893);
#891 = CARTESIAN_POINT('',(27.6,-5.,1.2));
#892 = DIRECTION('',(0.,0.,1.));
#893 = DIRECTION('',(1.,0.,-0.));
#894 = PCURVE('',#126,#895);
#895 = DEFINITIONAL_REPRESENTATION('',(#896),#900);
#896 = CIRCLE('',#897,1.6);
#897 = AXIS2_PLACEMENT_2D('',#898,#899);
#898 = CARTESIAN_POINT('',(27.6,-5.));
#899 = DIRECTION('',(1.,0.));
#900 = ( GEOMETRIC_REPRESENTATION_CONTEXT(2) 
PARAMETRIC_REPRESENTATION_CONTEXT() REPRESENTATION_CONTEXT('2D SPACE',''
  ) );
#901 = PCURVE('',#902,#907);
#902 = CYLINDRICAL_SURFACE('',#903,1.6);
#903 = AXIS2_PLACEMENT_3D('',#904,#905,#906);
#904 = CARTESIAN_POINT('',(27.6,-5.,1.2));
#905 = DIRECTION('',(0.,0.,1.));
#906 = DIRECTION('',(1.,0.,-0.));
#907 = DEFINITIONAL_REPRESENTATION('',(#908),#912);
#908 = LINE('',#909,#910);
#909 = CARTESIAN_POINT('',(0.,0.));
#910 = VECTOR('',#911,1.);
#911 = DIRECTION('',(1.,0.));
#912 = ( GEOMETRIC_REPRESENTATION_CONTEXT(2) 
PARAMETRIC_REPRESENTATION_CONTEXT() REPRESENTATION_CONTEXT('2D SPACE',''
  ) );
#913 = ORIENTED_EDGE('',*,*,#914,.F.);
#914 = EDGE_CURVE('',#915,#886,#917,.T.);
#915 = VERTEX_POINT('',#916);
#916 = CARTESIAN_POINT('',(28.4,-47.,1.2));
#917 = SURFACE_CURVE('',#918,(#922,#929),.PCURVE_S1.);
#918 = LINE('',#919,#920);
#919 = CARTESIAN_POINT('',(28.4,0.,1.2));
#920 = VECTOR('',#921,1.);
#921 = DIRECTION('',(0.,1.,0.));
#922 = PCURVE('',#126,#923);
#923 = DEFINITIONAL_REPRESENTATION('',(#924),#928);
#924 = LINE('',#925,#926);
#925 = CARTESIAN_POINT('',(28.4,-2.332246516511E-15));
#926 = VECTOR('',#927,1.);
#927 = DIRECTION('',(0.,1.));
#928 = ( GEOMETRIC_REPRESENTATION_CONTEXT(2) 
PARAMETRIC_REPRESENTATION_CONTEXT() REPRESENTATION_CONTEXT('2D SPACE',''
  ) );
#929 = PCURVE('',#930,#935);
#930 = PLANE('',#931);
#931 = AXIS2_PLACEMENT_3D('',#932,#933,#934);
#932 = CARTESIAN_POINT('',(28.4,-47.,1.2));
#933 = DIRECTION('',(-1.,0.,0.));
#934 = DIRECTION('',(0.,1.,0.));
#935 = DEFINITIONAL_REPRESENTATION('',(#936),#940);
#936 = LINE('',#937,#938);
#937 = CARTESIAN_POINT('',(47.,0.));
#938 = VECTOR('',#939,1.);
#939 = DIRECTION('',(1.,0.));
#940 = ( GEOMETRIC_REPRESENTATION_CONTEXT(2) 
PARAMETRIC_REPRESENTATION_CONTEXT() REPRESENTATION_CONTEXT('2D SPACE',''
  ) );
#941 = ORIENTED_EDGE('',*,*,#942,.F.);
#942 = EDGE_CURVE('',#943,#915,#945,.T.);
#943 = VERTEX_POINT('',#944);
#944 = CARTESIAN_POINT('',(26.,-49.4,1.2));
#945 = SURFACE_CURVE('',#946,(#951,#958),.PCURVE_S1.);
#946 = CIRCLE('',#947,2.4);
#947 = AXIS2_PLACEMENT_3D('',#948,#949,#950);
#948 = CARTESIAN_POINT('',(26.,-47.,1.2));
#949 = DIRECTION('',(0.,0.,1.));
#950 = DIRECTION('',(1.,0.,0.));
#951 = PCURVE('',#126,#952);
#952 = DEFINITIONAL_REPRESENTATION('',(#953),#957);
#953 = CIRCLE('',#954,2.4);
#954 = AXIS2_PLACEMENT_2D('',#955,#956);
#955 = CARTESIAN_POINT('',(26.,-47.));
#956 = DIRECTION('',(1.,0.));
#957 = ( GEOMETRIC_REPRESENTATION_CONTEXT(2) 
PARAMETRIC_REPRESENTATION_CONTEXT() REPRESENTATION_CONTEXT('2D SPACE',''
  ) );
#958 = PCURVE('',#959,#964);
#959 = CYLINDRICAL_SURFACE('',#960,2.4);
#960 = AXIS2_PLACEMENT_3D('',#961,#962,#963);
#961 = CARTESIAN_POINT('',(26.,-47.,1.2));
#962 = DIRECTION('',(-0.,-0.,-1.));
#963 = DIRECTION('',(1.,0.,0.));
#964 = DEFINITIONAL_REPRESENTATION('',(#965),#969);
#965 = LINE('',#966,#967);
#966 = CARTESIAN_POINT('',(-0.,0.));
#967 = VECTOR('',#968,1.);
#968 = DIRECTION('',(-1.,0.));
#969 = ( GEOMETRIC_REPRESENTATION_CONTEXT(2) 
PARAMETRIC_REPRESENTATION_CONTEXT() REPRESENTATION_CONTEXT('2D SPACE',''
  ) );
#970 = ORIENTED_EDGE('',*,*,#971,.F.);
#971 = EDGE_CURVE('',#547,#943,#972,.T.);
#972 = SURFACE_CURVE('',#973,(#977,#984),.PCURVE_S1.);
#973 = LINE('',#974,#975);
#974 = CARTESIAN_POINT('',(0.,-49.4,1.2));
#975 = VECTOR('',#976,1.);
#976 = DIRECTION('',(1.,0.,0.));
#977 = PCURVE('',#126,#978);
#978 = DEFINITIONAL_REPRESENTATION('',(#979),#983);
#979 = LINE('',#980,#981);
#980 = CARTESIAN_POINT('',(0.,-49.4));
#981 = VECTOR('',#982,1.);
#982 = DIRECTION('',(1.,0.));
#983 = ( GEOMETRIC_REPRESENTATION_CONTEXT(2) 
PARAMETRIC_REPRESENTATION_CONTEXT() REPRESENTATION_CONTEXT('2D SPACE',''
  ) );
#984 = PCURVE('',#985,#990);
#985 = PLANE('',#986);
#986 = AXIS2_PLACEMENT_3D('',#987,#988,#989);
#987 = CARTESIAN_POINT('',(-26.,-49.4,1.2));
#988 = DIRECTION('',(0.,1.,0.));
#989 = DIRECTION('',(1.,0.,0.));
#990 = DEFINITIONAL_REPRESENTATION('',(#991),#995);
#991 = LINE('',#992,#993);
#992 = CARTESIAN_POINT('',(26.,0.));
#993 = VECTOR('',#994,1.);
#994 = DIRECTION('',(1.,0.));
#995 = ( GEOMETRIC_REPRESENTATION_CONTEXT(2) 
PARAMETRIC_REPRESENTATION_CONTEXT() REPRESENTATION_CONTEXT('2D SPACE',''
  ) );
#996 = ADVANCED_FACE('',(#997),#100,.T.);
#997 = FACE_BOUND('',#998,.T.);
#998 = EDGE_LOOP('',(#999,#1000,#1024,#1045));
#999 = ORIENTED_EDGE('',*,*,#84,.T.);
#1000 = ORIENTED_EDGE('',*,*,#1001,.T.);
#1001 = EDGE_CURVE('',#57,#1002,#1004,.T.);
#1002 = VERTEX_POINT('',#1003);
#1003 = CARTESIAN_POINT('',(-26.,51.,8.4));
#1004 = SURFACE_CURVE('',#1005,(#1010,#1017),.PCURVE_S1.);
#1005 = CIRCLE('',#1006,4.);
#1006 = AXIS2_PLACEMENT_3D('',#1007,#1008,#1009);
#1007 = CARTESIAN_POINT('',(-26.,47.,8.4));
#1008 = DIRECTION('',(-0.,0.,-1.));
#1009 = DIRECTION('',(-1.,0.,0.));
#1010 = PCURVE('',#100,#1011);
#1011 = DEFINITIONAL_REPRESENTATION('',(#1012),#1016);
#1012 = LINE('',#1013,#1014);
#1013 = CARTESIAN_POINT('',(0.,-7.2));
#1014 = VECTOR('',#1015,1.);
#1015 = DIRECTION('',(1.,0.));
#1016 = ( GEOMETRIC_REPRESENTATION_CONTEXT(2) 
PARAMETRIC_REPRESENTATION_CONTEXT() REPRESENTATION_CONTEXT('2D SPACE',''
  ) );
#1017 = PCURVE('',#292,#1018);
#1018 = DEFINITIONAL_REPRESENTATION('',(#1019),#1023);
#1019 = LINE('',#1020,#1021);
#1020 = CARTESIAN_POINT('',(-0.,0.));
#1021 = VECTOR('',#1022,1.);
#1022 = DIRECTION('',(-1.,0.));
#1023 = ( GEOMETRIC_REPRESENTATION_CONTEXT(2) 
PARAMETRIC_REPRESENTATION_CONTEXT() REPRESENTATION_CONTEXT('2D SPACE',''
  ) );
#1024 = ORIENTED_EDGE('',*,*,#1025,.F.);
#1025 = EDGE_CURVE('',#427,#1002,#1026,.T.);
#1026 = SURFACE_CURVE('',#1027,(#1031,#1038),.PCURVE_S1.);
#1027 = LINE('',#1028,#1029);
#1028 = CARTESIAN_POINT('',(-26.,51.,1.2));
#1029 = VECTOR('',#1030,1.);
#1030 = DIRECTION('',(0.,0.,1.));
#1031 = PCURVE('',#100,#1032);
#1032 = DEFINITIONAL_REPRESENTATION('',(#1033),#1037);
#1033 = LINE('',#1034,#1035);
#1034 = CARTESIAN_POINT('',(1.570796326795,0.));
#1035 = VECTOR('',#1036,1.);
#1036 = DIRECTION('',(0.,-1.));
#1037 = ( GEOMETRIC_REPRESENTATION_CONTEXT(2) 
PARAMETRIC_REPRESENTATION_CONTEXT() REPRESENTATION_CONTEXT('2D SPACE',''
  ) );
#1038 = PCURVE('',#442,#1039);
#1039 = DEFINITIONAL_REPRESENTATION('',(#1040),#1044);
#1040 = LINE('',#1041,#1042);
#1041 = CARTESIAN_POINT('',(0.,0.));
#1042 = VECTOR('',#1043,1.);
#1043 = DIRECTION('',(0.,-1.));
#1044 = ( GEOMETRIC_REPRESENTATION_CONTEXT(2) 
PARAMETRIC_REPRESENTATION_CONTEXT() REPRESENTATION_CONTEXT('2D SPACE',''
  ) );
#1045 = ORIENTED_EDGE('',*,*,#454,.F.);
#1046 = ADVANCED_FACE('',(#1047),#159,.F.);
#1047 = FACE_BOUND('',#1048,.F.);
#1048 = EDGE_LOOP('',(#1049,#1050,#1078,#1107,#1135,#1164,#1192,#1221,
    #1249,#1278,#1301,#1322));
#1049 = ORIENTED_EDGE('',*,*,#141,.T.);
#1050 = ORIENTED_EDGE('',*,*,#1051,.F.);
#1051 = EDGE_CURVE('',#1052,#144,#1054,.T.);
#1052 = VERTEX_POINT('',#1053);
#1053 = CARTESIAN_POINT('',(-2.646001222493,-51.,8.4));
#1054 = SURFACE_CURVE('',#1055,(#1059,#1066),.PCURVE_S1.);
#1055 = LINE('',#1056,#1057);
#1056 = CARTESIAN_POINT('',(26.,-51.,8.4));
#1057 = VECTOR('',#1058,1.);
#1058 = DIRECTION('',(-1.,-0.,-0.));
#1059 = PCURVE('',#159,#1060);
#1060 = DEFINITIONAL_REPRESENTATION('',(#1061),#1065);
#1061 = LINE('',#1062,#1063);
#1062 = CARTESIAN_POINT('',(52.,-7.2));
#1063 = VECTOR('',#1064,1.);
#1064 = DIRECTION('',(-1.,0.));
#1065 = ( GEOMETRIC_REPRESENTATION_CONTEXT(2) 
PARAMETRIC_REPRESENTATION_CONTEXT() REPRESENTATION_CONTEXT('2D SPACE',''
  ) );
#1066 = PCURVE('',#1067,#1072);
#1067 = CYLINDRICAL_SURFACE('',#1068,1.);
#1068 = AXIS2_PLACEMENT_3D('',#1069,#1070,#1071);
#1069 = CARTESIAN_POINT('',(26.,-50.,8.4));
#1070 = DIRECTION('',(-1.,-0.,-0.));
#1071 = DIRECTION('',(0.,-1.,0.));
#1072 = DEFINITIONAL_REPRESENTATION('',(#1073),#1077);
#1073 = LINE('',#1074,#1075);
#1074 = CARTESIAN_POINT('',(0.,0.));
#1075 = VECTOR('',#1076,1.);
#1076 = DIRECTION('',(0.,1.));
#1077 = ( GEOMETRIC_REPRESENTATION_CONTEXT(2) 
PARAMETRIC_REPRESENTATION_CONTEXT() REPRESENTATION_CONTEXT('2D SPACE',''
  ) );
#1078 = ORIENTED_EDGE('',*,*,#1079,.F.);
#1079 = EDGE_CURVE('',#1080,#1052,#1082,.T.);
#1080 = VERTEX_POINT('',#1081);
#1081 = CARTESIAN_POINT('',(-3.8,-51.,6.14));
#1082 = SURFACE_CURVE('',#1083,(#1088,#1095),.PCURVE_S1.);
#1083 = CIRCLE('',#1084,2.79);
#1084 = AXIS2_PLACEMENT_3D('',#1085,#1086,#1087);
#1085 = CARTESIAN_POINT('',(-1.01,-51.,6.14));
#1086 = DIRECTION('',(-0.,1.,0.));
#1087 = DIRECTION('',(1.,0.,0.));
#1088 = PCURVE('',#159,#1089);
#1089 = DEFINITIONAL_REPRESENTATION('',(#1090),#1094);
#1090 = CIRCLE('',#1091,2.79);
#1091 = AXIS2_PLACEMENT_2D('',#1092,#1093);
#1092 = CARTESIAN_POINT('',(24.99,-4.94));
#1093 = DIRECTION('',(1.,0.));
#1094 = ( GEOMETRIC_REPRESENTATION_CONTEXT(2) 
PARAMETRIC_REPRESENTATION_CONTEXT() REPRESENTATION_CONTEXT('2D SPACE',''
  ) );
#1095 = PCURVE('',#1096,#1101);
#1096 = CYLINDRICAL_SURFACE('',#1097,2.79);
#1097 = AXIS2_PLACEMENT_3D('',#1098,#1099,#1100);
#1098 = CARTESIAN_POINT('',(-1.01,-50.7,6.14));
#1099 = DIRECTION('',(-0.,1.,0.));
#1100 = DIRECTION('',(1.,0.,0.));
#1101 = DEFINITIONAL_REPRESENTATION('',(#1102),#1106);
#1102 = LINE('',#1103,#1104);
#1103 = CARTESIAN_POINT('',(0.,-0.3));
#1104 = VECTOR('',#1105,1.);
#1105 = DIRECTION('',(1.,0.));
#1106 = ( GEOMETRIC_REPRESENTATION_CONTEXT(2) 
PARAMETRIC_REPRESENTATION_CONTEXT() REPRESENTATION_CONTEXT('2D SPACE',''
  ) );
#1107 = ORIENTED_EDGE('',*,*,#1108,.T.);
#1108 = EDGE_CURVE('',#1080,#1109,#1111,.T.);
#1109 = VERTEX_POINT('',#1110);
#1110 = CARTESIAN_POINT('',(-3.8,-51.,6.12));
#1111 = SURFACE_CURVE('',#1112,(#1116,#1123),.PCURVE_S1.);
#1112 = LINE('',#1113,#1114);
#1113 = CARTESIAN_POINT('',(-3.8,-51.,6.13));
#1114 = VECTOR('',#1115,1.);
#1115 = DIRECTION('',(0.,0.,-1.));
#1116 = PCURVE('',#159,#1117);
#1117 = DEFINITIONAL_REPRESENTATION('',(#1118),#1122);
#1118 = LINE('',#1119,#1120);
#1119 = CARTESIAN_POINT('',(22.2,-4.93));
#1120 = VECTOR('',#1121,1.);
#1121 = DIRECTION('',(0.,1.));
#1122 = ( GEOMETRIC_REPRESENTATION_CONTEXT(2) 
PARAMETRIC_REPRESENTATION_CONTEXT() REPRESENTATION_CONTEXT('2D SPACE',''
  ) );
#1123 = PCURVE('',#1124,#1129);
#1124 = PLANE('',#1125);
#1125 = AXIS2_PLACEMENT_3D('',#1126,#1127,#1128);
#1126 = CARTESIAN_POINT('',(-3.8,-50.7,6.14));
#1127 = DIRECTION('',(1.,0.,0.));
#1128 = DIRECTION('',(0.,0.,-1.));
#1129 = DEFINITIONAL_REPRESENTATION('',(#1130),#1134);
#1130 = LINE('',#1131,#1132);
#1131 = CARTESIAN_POINT('',(1.E-02,-0.3));
#1132 = VECTOR('',#1133,1.);
#1133 = DIRECTION('',(1.,0.));
#1134 = ( GEOMETRIC_REPRESENTATION_CONTEXT(2) 
PARAMETRIC_REPRESENTATION_CONTEXT() REPRESENTATION_CONTEXT('2D SPACE',''
  ) );
#1135 = ORIENTED_EDGE('',*,*,#1136,.F.);
#1136 = EDGE_CURVE('',#1137,#1109,#1139,.T.);
#1137 = VERTEX_POINT('',#1138);
#1138 = CARTESIAN_POINT('',(-1.01,-51.,3.33));
#1139 = SURFACE_CURVE('',#1140,(#1145,#1152),.PCURVE_S1.);
#1140 = CIRCLE('',#1141,2.79);
#1141 = AXIS2_PLACEMENT_3D('',#1142,#1143,#1144);
#1142 = CARTESIAN_POINT('',(-1.01,-51.,6.12));
#1143 = DIRECTION('',(-0.,1.,0.));
#1144 = DIRECTION('',(1.,0.,0.));
#1145 = PCURVE('',#159,#1146);
#1146 = DEFINITIONAL_REPRESENTATION('',(#1147),#1151);
#1147 = CIRCLE('',#1148,2.79);
#1148 = AXIS2_PLACEMENT_2D('',#1149,#1150);
#1149 = CARTESIAN_POINT('',(24.99,-4.92));
#1150 = DIRECTION('',(1.,0.));
#1151 = ( GEOMETRIC_REPRESENTATION_CONTEXT(2) 
PARAMETRIC_REPRESENTATION_CONTEXT() REPRESENTATION_CONTEXT('2D SPACE',''
  ) );
#1152 = PCURVE('',#1153,#1158);
#1153 = CYLINDRICAL_SURFACE('',#1154,2.79);
#1154 = AXIS2_PLACEMENT_3D('',#1155,#1156,#1157);
#1155 = CARTESIAN_POINT('',(-1.01,-50.7,6.12));
#1156 = DIRECTION('',(-0.,1.,0.));
#1157 = DIRECTION('',(1.,0.,0.));
#1158 = DEFINITIONAL_REPRESENTATION('',(#1159),#1163);
#1159 = LINE('',#1160,#1161);
#1160 = CARTESIAN_POINT('',(0.,-0.3));
#1161 = VECTOR('',#1162,1.);
#1162 = DIRECTION('',(1.,0.));
#1163 = ( GEOMETRIC_REPRESENTATION_CONTEXT(2) 
PARAMETRIC_REPRESENTATION_CONTEXT() REPRESENTATION_CONTEXT('2D SPACE',''
  ) );
#1164 = ORIENTED_EDGE('',*,*,#1165,.T.);
#1165 = EDGE_CURVE('',#1137,#1166,#1168,.T.);
#1166 = VERTEX_POINT('',#1167);
#1167 = CARTESIAN_POINT('',(5.81,-51.,3.33));
#1168 = SURFACE_CURVE('',#1169,(#1173,#1180),.PCURVE_S1.);
#1169 = LINE('',#1170,#1171);
#1170 = CARTESIAN_POINT('',(2.4,-51.,3.33));
#1171 = VECTOR('',#1172,1.);
#1172 = DIRECTION('',(1.,0.,0.));
#1173 = PCURVE('',#159,#1174);
#1174 = DEFINITIONAL_REPRESENTATION('',(#1175),#1179);
#1175 = LINE('',#1176,#1177);
#1176 = CARTESIAN_POINT('',(28.4,-2.13));
#1177 = VECTOR('',#1178,1.);
#1178 = DIRECTION('',(1.,0.));
#1179 = ( GEOMETRIC_REPRESENTATION_CONTEXT(2) 
PARAMETRIC_REPRESENTATION_CONTEXT() REPRESENTATION_CONTEXT('2D SPACE',''
  ) );
#1180 = PCURVE('',#1181,#1186);
#1181 = PLANE('',#1182);
#1182 = AXIS2_PLACEMENT_3D('',#1183,#1184,#1185);
#1183 = CARTESIAN_POINT('',(-1.01,-50.7,3.33));
#1184 = DIRECTION('',(0.,-0.,1.));
#1185 = DIRECTION('',(1.,0.,0.));
#1186 = DEFINITIONAL_REPRESENTATION('',(#1187),#1191);
#1187 = LINE('',#1188,#1189);
#1188 = CARTESIAN_POINT('',(3.41,-0.3));
#1189 = VECTOR('',#1190,1.);
#1190 = DIRECTION('',(1.,0.));
#1191 = ( GEOMETRIC_REPRESENTATION_CONTEXT(2) 
PARAMETRIC_REPRESENTATION_CONTEXT() REPRESENTATION_CONTEXT('2D SPACE',''
  ) );
#1192 = ORIENTED_EDGE('',*,*,#1193,.F.);
#1193 = EDGE_CURVE('',#1194,#1166,#1196,.T.);
#1194 = VERTEX_POINT('',#1195);
#1195 = CARTESIAN_POINT('',(8.6,-51.,6.12));
#1196 = SURFACE_CURVE('',#1197,(#1202,#1209),.PCURVE_S1.);
#1197 = CIRCLE('',#1198,2.79);
#1198 = AXIS2_PLACEMENT_3D('',#1199,#1200,#1201);
#1199 = CARTESIAN_POINT('',(5.81,-51.,6.12));
#1200 = DIRECTION('',(-0.,1.,0.));
#1201 = DIRECTION('',(1.,0.,0.));
#1202 = PCURVE('',#159,#1203);
#1203 = DEFINITIONAL_REPRESENTATION('',(#1204),#1208);
#1204 = CIRCLE('',#1205,2.79);
#1205 = AXIS2_PLACEMENT_2D('',#1206,#1207);
#1206 = CARTESIAN_POINT('',(31.81,-4.92));
#1207 = DIRECTION('',(1.,0.));
#1208 = ( GEOMETRIC_REPRESENTATION_CONTEXT(2) 
PARAMETRIC_REPRESENTATION_CONTEXT() REPRESENTATION_CONTEXT('2D SPACE',''
  ) );
#1209 = PCURVE('',#1210,#1215);
#1210 = CYLINDRICAL_SURFACE('',#1211,2.79);
#1211 = AXIS2_PLACEMENT_3D('',#1212,#1213,#1214);
#1212 = CARTESIAN_POINT('',(5.81,-50.7,6.12));
#1213 = DIRECTION('',(-0.,1.,0.));
#1214 = DIRECTION('',(1.,0.,0.));
#1215 = DEFINITIONAL_REPRESENTATION('',(#1216),#1220);
#1216 = LINE('',#1217,#1218);
#1217 = CARTESIAN_POINT('',(0.,-0.3));
#1218 = VECTOR('',#1219,1.);
#1219 = DIRECTION('',(1.,0.));
#1220 = ( GEOMETRIC_REPRESENTATION_CONTEXT(2) 
PARAMETRIC_REPRESENTATION_CONTEXT() REPRESENTATION_CONTEXT('2D SPACE',''
  ) );
#1221 = ORIENTED_EDGE('',*,*,#1222,.F.);
#1222 = EDGE_CURVE('',#1223,#1194,#1225,.T.);
#1223 = VERTEX_POINT('',#1224);
#1224 = CARTESIAN_POINT('',(8.6,-51.,6.14));
#1225 = SURFACE_CURVE('',#1226,(#1230,#1237),.PCURVE_S1.);
#1226 = LINE('',#1227,#1228);
#1227 = CARTESIAN_POINT('',(8.6,-51.,6.13));
#1228 = VECTOR('',#1229,1.);
#1229 = DIRECTION('',(0.,0.,-1.));
#1230 = PCURVE('',#159,#1231);
#1231 = DEFINITIONAL_REPRESENTATION('',(#1232),#1236);
#1232 = LINE('',#1233,#1234);
#1233 = CARTESIAN_POINT('',(34.6,-4.93));
#1234 = VECTOR('',#1235,1.);
#1235 = DIRECTION('',(0.,1.));
#1236 = ( GEOMETRIC_REPRESENTATION_CONTEXT(2) 
PARAMETRIC_REPRESENTATION_CONTEXT() REPRESENTATION_CONTEXT('2D SPACE',''
  ) );
#1237 = PCURVE('',#1238,#1243);
#1238 = PLANE('',#1239);
#1239 = AXIS2_PLACEMENT_3D('',#1240,#1241,#1242);
#1240 = CARTESIAN_POINT('',(8.6,-50.7,6.14));
#1241 = DIRECTION('',(1.,0.,0.));
#1242 = DIRECTION('',(0.,0.,-1.));
#1243 = DEFINITIONAL_REPRESENTATION('',(#1244),#1248);
#1244 = LINE('',#1245,#1246);
#1245 = CARTESIAN_POINT('',(1.E-02,-0.3));
#1246 = VECTOR('',#1247,1.);
#1247 = DIRECTION('',(1.,0.));
#1248 = ( GEOMETRIC_REPRESENTATION_CONTEXT(2) 
PARAMETRIC_REPRESENTATION_CONTEXT() REPRESENTATION_CONTEXT('2D SPACE',''
  ) );
#1249 = ORIENTED_EDGE('',*,*,#1250,.F.);
#1250 = EDGE_CURVE('',#1251,#1223,#1253,.T.);
#1251 = VERTEX_POINT('',#1252);
#1252 = CARTESIAN_POINT('',(7.446001222493,-51.,8.4));
#1253 = SURFACE_CURVE('',#1254,(#1259,#1266),.PCURVE_S1.);
#1254 = CIRCLE('',#1255,2.79);
#1255 = AXIS2_PLACEMENT_3D('',#1256,#1257,#1258);
#1256 = CARTESIAN_POINT('',(5.81,-51.,6.14));
#1257 = DIRECTION('',(-0.,1.,0.));
#1258 = DIRECTION('',(1.,0.,0.));
#1259 = PCURVE('',#159,#1260);
#1260 = DEFINITIONAL_REPRESENTATION('',(#1261),#1265);
#1261 = CIRCLE('',#1262,2.79);
#1262 = AXIS2_PLACEMENT_2D('',#1263,#1264);
#1263 = CARTESIAN_POINT('',(31.81,-4.94));
#1264 = DIRECTION('',(1.,0.));
#1265 = ( GEOMETRIC_REPRESENTATION_CONTEXT(2) 
PARAMETRIC_REPRESENTATION_CONTEXT() REPRESENTATION_CONTEXT('2D SPACE',''
  ) );
#1266 = PCURVE('',#1267,#1272);
#1267 = CYLINDRICAL_SURFACE('',#1268,2.79);
#1268 = AXIS2_PLACEMENT_3D('',#1269,#1270,#1271);
#1269 = CARTESIAN_POINT('',(5.81,-50.7,6.14));
#1270 = DIRECTION('',(-0.,1.,0.));
#1271 = DIRECTION('',(1.,0.,0.));
#1272 = DEFINITIONAL_REPRESENTATION('',(#1273),#1277);
#1273 = LINE('',#1274,#1275);
#1274 = CARTESIAN_POINT('',(0.,-0.3));
#1275 = VECTOR('',#1276,1.);
#1276 = DIRECTION('',(1.,0.));
#1277 = ( GEOMETRIC_REPRESENTATION_CONTEXT(2) 
PARAMETRIC_REPRESENTATION_CONTEXT() REPRESENTATION_CONTEXT('2D SPACE',''
  ) );
#1278 = ORIENTED_EDGE('',*,*,#1279,.F.);
#1279 = EDGE_CURVE('',#1280,#1251,#1282,.T.);
#1280 = VERTEX_POINT('',#1281);
#1281 = CARTESIAN_POINT('',(26.,-51.,8.4));
#1282 = SURFACE_CURVE('',#1283,(#1287,#1294),.PCURVE_S1.);
#1283 = LINE('',#1284,#1285);
#1284 = CARTESIAN_POINT('',(26.,-51.,8.4));
#1285 = VECTOR('',#1286,1.);
#1286 = DIRECTION('',(-1.,-0.,-0.));
#1287 = PCURVE('',#159,#1288);
#1288 = DEFINITIONAL_REPRESENTATION('',(#1289),#1293);
#1289 = LINE('',#1290,#1291);
#1290 = CARTESIAN_POINT('',(52.,-7.2));
#1291 = VECTOR('',#1292,1.);
#1292 = DIRECTION('',(-1.,0.));
#1293 = ( GEOMETRIC_REPRESENTATION_CONTEXT(2) 
PARAMETRIC_REPRESENTATION_CONTEXT() REPRESENTATION_CONTEXT('2D SPACE',''
  ) );
#1294 = PCURVE('',#1067,#1295);
#1295 = DEFINITIONAL_REPRESENTATION('',(#1296),#1300);
#1296 = LINE('',#1297,#1298);
#1297 = CARTESIAN_POINT('',(0.,0.));
#1298 = VECTOR('',#1299,1.);
#1299 = DIRECTION('',(0.,1.));
#1300 = ( GEOMETRIC_REPRESENTATION_CONTEXT(2) 
PARAMETRIC_REPRESENTATION_CONTEXT() REPRESENTATION_CONTEXT('2D SPACE',''
  ) );
#1301 = ORIENTED_EDGE('',*,*,#1302,.F.);
#1302 = EDGE_CURVE('',#310,#1280,#1303,.T.);
#1303 = SURFACE_CURVE('',#1304,(#1308,#1315),.PCURVE_S1.);
#1304 = LINE('',#1305,#1306);
#1305 = CARTESIAN_POINT('',(26.,-51.,1.2));
#1306 = VECTOR('',#1307,1.);
#1307 = DIRECTION('',(0.,0.,1.));
#1308 = PCURVE('',#159,#1309);
#1309 = DEFINITIONAL_REPRESENTATION('',(#1310),#1314);
#1310 = LINE('',#1311,#1312);
#1311 = CARTESIAN_POINT('',(52.,0.));
#1312 = VECTOR('',#1313,1.);
#1313 = DIRECTION('',(0.,-1.));
#1314 = ( GEOMETRIC_REPRESENTATION_CONTEXT(2) 
PARAMETRIC_REPRESENTATION_CONTEXT() REPRESENTATION_CONTEXT('2D SPACE',''
  ) );
#1315 = PCURVE('',#353,#1316);
#1316 = DEFINITIONAL_REPRESENTATION('',(#1317),#1321);
#1317 = LINE('',#1318,#1319);
#1318 = CARTESIAN_POINT('',(4.712388980385,0.));
#1319 = VECTOR('',#1320,1.);
#1320 = DIRECTION('',(0.,-1.));
#1321 = ( GEOMETRIC_REPRESENTATION_CONTEXT(2) 
PARAMETRIC_REPRESENTATION_CONTEXT() REPRESENTATION_CONTEXT('2D SPACE',''
  ) );
#1322 = ORIENTED_EDGE('',*,*,#309,.F.);
#1323 = ADVANCED_FACE('',(#1324),#186,.T.);
#1324 = FACE_BOUND('',#1325,.F.);
#1325 = EDGE_LOOP('',(#1326,#1348,#1349,#1350));
#1326 = ORIENTED_EDGE('',*,*,#1327,.F.);
#1327 = EDGE_CURVE('',#144,#1328,#1330,.T.);
#1328 = VERTEX_POINT('',#1329);
#1329 = CARTESIAN_POINT('',(-26.,-50.,9.4));
#1330 = SURFACE_CURVE('',#1331,(#1336,#1342),.PCURVE_S1.);
#1331 = CIRCLE('',#1332,1.);
#1332 = AXIS2_PLACEMENT_3D('',#1333,#1334,#1335);
#1333 = CARTESIAN_POINT('',(-26.,-50.,8.4));
#1334 = DIRECTION('',(-1.,-0.,0.));
#1335 = DIRECTION('',(0.,-1.,0.));
#1336 = PCURVE('',#186,#1337);
#1337 = DEFINITIONAL_REPRESENTATION('',(#1338),#1341);
#1338 = B_SPLINE_CURVE_WITH_KNOTS('',1,(#1339,#1340),.UNSPECIFIED.,.F.,
  .F.,(2,2),(0.,1.570796326795),.PIECEWISE_BEZIER_KNOTS.);
#1339 = CARTESIAN_POINT('',(0.,0.));
#1340 = CARTESIAN_POINT('',(0.,1.570796326795));
#1341 = ( GEOMETRIC_REPRESENTATION_CONTEXT(2) 
PARAMETRIC_REPRESENTATION_CONTEXT() REPRESENTATION_CONTEXT('2D SPACE',''
  ) );
#1342 = PCURVE('',#1067,#1343);
#1343 = DEFINITIONAL_REPRESENTATION('',(#1344),#1347);
#1344 = B_SPLINE_CURVE_WITH_KNOTS('',1,(#1345,#1346),.UNSPECIFIED.,.F.,
  .F.,(2,2),(0.,1.570796326795),.PIECEWISE_BEZIER_KNOTS.);
#1345 = CARTESIAN_POINT('',(0.,52.));
#1346 = CARTESIAN_POINT('',(1.570796326795,52.));
#1347 = ( GEOMETRIC_REPRESENTATION_CONTEXT(2) 
PARAMETRIC_REPRESENTATION_CONTEXT() REPRESENTATION_CONTEXT('2D SPACE',''
  ) );
#1348 = ORIENTED_EDGE('',*,*,#171,.T.);
#1349 = ORIENTED_EDGE('',*,*,#228,.T.);
#1350 = ORIENTED_EDGE('',*,*,#1351,.F.);
#1351 = EDGE_CURVE('',#1328,#229,#1352,.T.);
#1352 = SURFACE_CURVE('',#1353,(#1358,#1365),.PCURVE_S1.);
#1353 = CIRCLE('',#1354,3.);
#1354 = AXIS2_PLACEMENT_3D('',#1355,#1356,#1357);
#1355 = CARTESIAN_POINT('',(-26.,-47.,9.4));
#1356 = DIRECTION('',(-0.,-0.,-1.));
#1357 = DIRECTION('',(0.,-1.,0.));
#1358 = PCURVE('',#186,#1359);
#1359 = DEFINITIONAL_REPRESENTATION('',(#1360),#1364);
#1360 = LINE('',#1361,#1362);
#1361 = CARTESIAN_POINT('',(-0.,1.570796326795));
#1362 = VECTOR('',#1363,1.);
#1363 = DIRECTION('',(-1.,0.));
#1364 = ( GEOMETRIC_REPRESENTATION_CONTEXT(2) 
PARAMETRIC_REPRESENTATION_CONTEXT() REPRESENTATION_CONTEXT('2D SPACE',''
  ) );
#1365 = PCURVE('',#266,#1366);
#1366 = DEFINITIONAL_REPRESENTATION('',(#1367),#1375);
#1367 = ( BOUNDED_CURVE() B_SPLINE_CURVE(2,(#1368,#1369,#1370,#1371,
#1372,#1373,#1374),.UNSPECIFIED.,.T.,.F.) B_SPLINE_CURVE_WITH_KNOTS((1,2
    ,2,2,2,1),(-2.094395102393,0.,2.094395102393,4.188790204786,
6.28318530718,8.377580409573),.UNSPECIFIED.) CURVE() 
GEOMETRIC_REPRESENTATION_ITEM() RATIONAL_B_SPLINE_CURVE((1.,0.5,1.,0.5,
1.,0.5,1.)) REPRESENTATION_ITEM('') );
#1368 = CARTESIAN_POINT('',(-26.,-50.));
#1369 = CARTESIAN_POINT('',(-31.1961524227,-50.));
#1370 = CARTESIAN_POINT('',(-28.59807621135,-45.5));
#1371 = CARTESIAN_POINT('',(-26.,-41.));
#1372 = CARTESIAN_POINT('',(-23.40192378864,-45.5));
#1373 = CARTESIAN_POINT('',(-20.80384757729,-50.));
#1374 = CARTESIAN_POINT('',(-26.,-50.));
#1375 = ( GEOMETRIC_REPRESENTATION_CONTEXT(2) 
PARAMETRIC_REPRESENTATION_CONTEXT() REPRESENTATION_CONTEXT('2D SPACE',''
  ) );
#1376 = ADVANCED_FACE('',(#1377,#1552,#1583,#1614),#266,.T.);
#1377 = FACE_BOUND('',#1378,.T.);
#1378 = EDGE_LOOP('',(#1379,#1380,#1381,#1404,#1437,#1465,#1498,#1526));
#1379 = ORIENTED_EDGE('',*,*,#250,.F.);
#1380 = ORIENTED_EDGE('',*,*,#1351,.F.);
#1381 = ORIENTED_EDGE('',*,*,#1382,.F.);
#1382 = EDGE_CURVE('',#1383,#1328,#1385,.T.);
#1383 = VERTEX_POINT('',#1384);
#1384 = CARTESIAN_POINT('',(26.,-50.,9.4));
#1385 = SURFACE_CURVE('',#1386,(#1390,#1397),.PCURVE_S1.);
#1386 = LINE('',#1387,#1388);
#1387 = CARTESIAN_POINT('',(26.,-50.,9.4));
#1388 = VECTOR('',#1389,1.);
#1389 = DIRECTION('',(-1.,-0.,-0.));
#1390 = PCURVE('',#266,#1391);
#1391 = DEFINITIONAL_REPRESENTATION('',(#1392),#1396);
#1392 = LINE('',#1393,#1394);
#1393 = CARTESIAN_POINT('',(26.,-50.));
#1394 = VECTOR('',#1395,1.);
#1395 = DIRECTION('',(-1.,-0.));
#1396 = ( GEOMETRIC_REPRESENTATION_CONTEXT(2) 
PARAMETRIC_REPRESENTATION_CONTEXT() REPRESENTATION_CONTEXT('2D SPACE',''
  ) );
#1397 = PCURVE('',#1067,#1398);
#1398 = DEFINITIONAL_REPRESENTATION('',(#1399),#1403);
#1399 = LINE('',#1400,#1401);
#1400 = CARTESIAN_POINT('',(1.570796326795,0.));
#1401 = VECTOR('',#1402,1.);
#1402 = DIRECTION('',(0.,1.));
#1403 = ( GEOMETRIC_REPRESENTATION_CONTEXT(2) 
PARAMETRIC_REPRESENTATION_CONTEXT() REPRESENTATION_CONTEXT('2D SPACE',''
  ) );
#1404 = ORIENTED_EDGE('',*,*,#1405,.F.);
#1405 = EDGE_CURVE('',#1406,#1383,#1408,.T.);
#1406 = VERTEX_POINT('',#1407);
#1407 = CARTESIAN_POINT('',(29.,-47.,9.4));
#1408 = SURFACE_CURVE('',#1409,(#1414,#1425),.PCURVE_S1.);
#1409 = CIRCLE('',#1410,3.);
#1410 = AXIS2_PLACEMENT_3D('',#1411,#1412,#1413);
#1411 = CARTESIAN_POINT('',(26.,-47.,9.4));
#1412 = DIRECTION('',(0.,-0.,-1.));
#1413 = DIRECTION('',(1.,0.,-0.));
#1414 = PCURVE('',#266,#1415);
#1415 = DEFINITIONAL_REPRESENTATION('',(#1416),#1424);
#1416 = ( BOUNDED_CURVE() B_SPLINE_CURVE(2,(#1417,#1418,#1419,#1420,
#1421,#1422,#1423),.UNSPECIFIED.,.T.,.F.) B_SPLINE_CURVE_WITH_KNOTS((1,2
    ,2,2,2,1),(-2.094395102393,0.,2.094395102393,4.188790204786,
6.28318530718,8.377580409573),.UNSPECIFIED.) CURVE() 
GEOMETRIC_REPRESENTATION_ITEM() RATIONAL_B_SPLINE_CURVE((1.,0.5,1.,0.5,
1.,0.5,1.)) REPRESENTATION_ITEM('') );
#1417 = CARTESIAN_POINT('',(29.,-47.));
#1418 = CARTESIAN_POINT('',(29.,-52.1961524227));
#1419 = CARTESIAN_POINT('',(24.5,-49.59807621135));
#1420 = CARTESIAN_POINT('',(20.,-47.));
#1421 = CARTESIAN_POINT('',(24.5,-44.40192378864));
#1422 = CARTESIAN_POINT('',(29.,-41.80384757729));
#1423 = CARTESIAN_POINT('',(29.,-47.));
#1424 = ( GEOMETRIC_REPRESENTATION_CONTEXT(2) 
PARAMETRIC_REPRESENTATION_CONTEXT() REPRESENTATION_CONTEXT('2D SPACE',''
  ) );
#1425 = PCURVE('',#1426,#1431);
#1426 = TOROIDAL_SURFACE('',#1427,3.,1.);
#1427 = AXIS2_PLACEMENT_3D('',#1428,#1429,#1430);
#1428 = CARTESIAN_POINT('',(26.,-47.,8.4));
#1429 = DIRECTION('',(0.,0.,1.));
#1430 = DIRECTION('',(1.,0.,-0.));
#1431 = DEFINITIONAL_REPRESENTATION('',(#1432),#1436);
#1432 = LINE('',#1433,#1434);
#1433 = CARTESIAN_POINT('',(-0.,1.570796326795));
#1434 = VECTOR('',#1435,1.);
#1435 = DIRECTION('',(-1.,0.));
#1436 = ( GEOMETRIC_REPRESENTATION_CONTEXT(2) 
PARAMETRIC_REPRESENTATION_CONTEXT() REPRESENTATION_CONTEXT('2D SPACE',''
  ) );
#1437 = ORIENTED_EDGE('',*,*,#1438,.F.);
#1438 = EDGE_CURVE('',#1439,#1406,#1441,.T.);
#1439 = VERTEX_POINT('',#1440);
#1440 = CARTESIAN_POINT('',(29.,47.,9.4));
#1441 = SURFACE_CURVE('',#1442,(#1446,#1453),.PCURVE_S1.);
#1442 = LINE('',#1443,#1444);
#1443 = CARTESIAN_POINT('',(29.,47.,9.4));
#1444 = VECTOR('',#1445,1.);
#1445 = DIRECTION('',(-0.,-1.,-0.));
#1446 = PCURVE('',#266,#1447);
#1447 = DEFINITIONAL_REPRESENTATION('',(#1448),#1452);
#1448 = LINE('',#1449,#1450);
#1449 = CARTESIAN_POINT('',(29.,47.));
#1450 = VECTOR('',#1451,1.);
#1451 = DIRECTION('',(-0.,-1.));
#1452 = ( GEOMETRIC_REPRESENTATION_CONTEXT(2) 
PARAMETRIC_REPRESENTATION_CONTEXT() REPRESENTATION_CONTEXT('2D SPACE',''
  ) );
#1453 = PCURVE('',#1454,#1459);
#1454 = CYLINDRICAL_SURFACE('',#1455,1.);
#1455 = AXIS2_PLACEMENT_3D('',#1456,#1457,#1458);
#1456 = CARTESIAN_POINT('',(29.,47.,8.4));
#1457 = DIRECTION('',(-0.,-1.,-0.));
#1458 = DIRECTION('',(1.,-0.,0.));
#1459 = DEFINITIONAL_REPRESENTATION('',(#1460),#1464);
#1460 = LINE('',#1461,#1462);
#1461 = CARTESIAN_POINT('',(1.570796326795,0.));
#1462 = VECTOR('',#1463,1.);
#1463 = DIRECTION('',(0.,1.));
#1464 = ( GEOMETRIC_REPRESENTATION_CONTEXT(2) 
PARAMETRIC_REPRESENTATION_CONTEXT() REPRESENTATION_CONTEXT('2D SPACE',''
  ) );
#1465 = ORIENTED_EDGE('',*,*,#1466,.F.);
#1466 = EDGE_CURVE('',#1467,#1439,#1469,.T.);
#1467 = VERTEX_POINT('',#1468);
#1468 = CARTESIAN_POINT('',(26.,50.,9.4));
#1469 = SURFACE_CURVE('',#1470,(#1475,#1486),.PCURVE_S1.);
#1470 = CIRCLE('',#1471,3.);
#1471 = AXIS2_PLACEMENT_3D('',#1472,#1473,#1474);
#1472 = CARTESIAN_POINT('',(26.,47.,9.4));
#1473 = DIRECTION('',(0.,-0.,-1.));
#1474 = DIRECTION('',(0.,1.,-0.));
#1475 = PCURVE('',#266,#1476);
#1476 = DEFINITIONAL_REPRESENTATION('',(#1477),#1485);
#1477 = ( BOUNDED_CURVE() B_SPLINE_CURVE(2,(#1478,#1479,#1480,#1481,
#1482,#1483,#1484),.UNSPECIFIED.,.T.,.F.) B_SPLINE_CURVE_WITH_KNOTS((1,2
    ,2,2,2,1),(-2.094395102393,0.,2.094395102393,4.188790204786,
6.28318530718,8.377580409573),.UNSPECIFIED.) CURVE() 
GEOMETRIC_REPRESENTATION_ITEM() RATIONAL_B_SPLINE_CURVE((1.,0.5,1.,0.5,
1.,0.5,1.)) REPRESENTATION_ITEM('') );
#1478 = CARTESIAN_POINT('',(26.,50.));
#1479 = CARTESIAN_POINT('',(31.196152422707,50.));
#1480 = CARTESIAN_POINT('',(28.598076211353,45.5));
#1481 = CARTESIAN_POINT('',(26.,41.));
#1482 = CARTESIAN_POINT('',(23.401923788647,45.5));
#1483 = CARTESIAN_POINT('',(20.803847577293,50.));
#1484 = CARTESIAN_POINT('',(26.,50.));
#1485 = ( GEOMETRIC_REPRESENTATION_CONTEXT(2) 
PARAMETRIC_REPRESENTATION_CONTEXT() REPRESENTATION_CONTEXT('2D SPACE',''
  ) );
#1486 = PCURVE('',#1487,#1492);
#1487 = TOROIDAL_SURFACE('',#1488,3.,1.);
#1488 = AXIS2_PLACEMENT_3D('',#1489,#1490,#1491);
#1489 = CARTESIAN_POINT('',(26.,47.,8.4));
#1490 = DIRECTION('',(0.,0.,1.));
#1491 = DIRECTION('',(0.,1.,-0.));
#1492 = DEFINITIONAL_REPRESENTATION('',(#1493),#1497);
#1493 = LINE('',#1494,#1495);
#1494 = CARTESIAN_POINT('',(-0.,1.570796326795));
#1495 = VECTOR('',#1496,1.);
#1496 = DIRECTION('',(-1.,0.));
#1497 = ( GEOMETRIC_REPRESENTATION_CONTEXT(2) 
PARAMETRIC_REPRESENTATION_CONTEXT() REPRESENTATION_CONTEXT('2D SPACE',''
  ) );
#1498 = ORIENTED_EDGE('',*,*,#1499,.F.);
#1499 = EDGE_CURVE('',#1500,#1467,#1502,.T.);
#1500 = VERTEX_POINT('',#1501);
#1501 = CARTESIAN_POINT('',(-26.,50.,9.4));
#1502 = SURFACE_CURVE('',#1503,(#1507,#1514),.PCURVE_S1.);
#1503 = LINE('',#1504,#1505);
#1504 = CARTESIAN_POINT('',(-26.,50.,9.4));
#1505 = VECTOR('',#1506,1.);
#1506 = DIRECTION('',(1.,0.,0.));
#1507 = PCURVE('',#266,#1508);
#1508 = DEFINITIONAL_REPRESENTATION('',(#1509),#1513);
#1509 = LINE('',#1510,#1511);
#1510 = CARTESIAN_POINT('',(-26.,50.));
#1511 = VECTOR('',#1512,1.);
#1512 = DIRECTION('',(1.,0.));
#1513 = ( GEOMETRIC_REPRESENTATION_CONTEXT(2) 
PARAMETRIC_REPRESENTATION_CONTEXT() REPRESENTATION_CONTEXT('2D SPACE',''
  ) );
#1514 = PCURVE('',#1515,#1520);
#1515 = CYLINDRICAL_SURFACE('',#1516,1.);
#1516 = AXIS2_PLACEMENT_3D('',#1517,#1518,#1519);
#1517 = CARTESIAN_POINT('',(-26.,50.,8.4));
#1518 = DIRECTION('',(1.,0.,0.));
#1519 = DIRECTION('',(-0.,1.,0.));
#1520 = DEFINITIONAL_REPRESENTATION('',(#1521),#1525);
#1521 = LINE('',#1522,#1523);
#1522 = CARTESIAN_POINT('',(1.570796326795,0.));
#1523 = VECTOR('',#1524,1.);
#1524 = DIRECTION('',(0.,1.));
#1525 = ( GEOMETRIC_REPRESENTATION_CONTEXT(2) 
PARAMETRIC_REPRESENTATION_CONTEXT() REPRESENTATION_CONTEXT('2D SPACE',''
  ) );
#1526 = ORIENTED_EDGE('',*,*,#1527,.F.);
#1527 = EDGE_CURVE('',#251,#1500,#1528,.T.);
#1528 = SURFACE_CURVE('',#1529,(#1534,#1545),.PCURVE_S1.);
#1529 = CIRCLE('',#1530,3.);
#1530 = AXIS2_PLACEMENT_3D('',#1531,#1532,#1533);
#1531 = CARTESIAN_POINT('',(-26.,47.,9.4));
#1532 = DIRECTION('',(-0.,0.,-1.));
#1533 = DIRECTION('',(-1.,0.,0.));
#1534 = PCURVE('',#266,#1535);
#1535 = DEFINITIONAL_REPRESENTATION('',(#1536),#1544);
#1536 = ( BOUNDED_CURVE() B_SPLINE_CURVE(2,(#1537,#1538,#1539,#1540,
#1541,#1542,#1543),.UNSPECIFIED.,.T.,.F.) B_SPLINE_CURVE_WITH_KNOTS((1,2
    ,2,2,2,1),(-2.094395102393,0.,2.094395102393,4.188790204786,
6.28318530718,8.377580409573),.UNSPECIFIED.) CURVE() 
GEOMETRIC_REPRESENTATION_ITEM() RATIONAL_B_SPLINE_CURVE((1.,0.5,1.,0.5,
1.,0.5,1.)) REPRESENTATION_ITEM('') );
#1537 = CARTESIAN_POINT('',(-29.,47.));
#1538 = CARTESIAN_POINT('',(-29.,52.196152422707));
#1539 = CARTESIAN_POINT('',(-24.5,49.598076211353));
#1540 = CARTESIAN_POINT('',(-20.,47.));
#1541 = CARTESIAN_POINT('',(-24.5,44.401923788647));
#1542 = CARTESIAN_POINT('',(-29.,41.803847577293));
#1543 = CARTESIAN_POINT('',(-29.,47.));
#1544 = ( GEOMETRIC_REPRESENTATION_CONTEXT(2) 
PARAMETRIC_REPRESENTATION_CONTEXT() REPRESENTATION_CONTEXT('2D SPACE',''
  ) );
#1545 = PCURVE('',#292,#1546);
#1546 = DEFINITIONAL_REPRESENTATION('',(#1547),#1551);
#1547 = LINE('',#1548,#1549);
#1548 = CARTESIAN_POINT('',(-0.,1.570796326795));
#1549 = VECTOR('',#1550,1.);
#1550 = DIRECTION('',(-1.,0.));
#1551 = ( GEOMETRIC_REPRESENTATION_CONTEXT(2) 
PARAMETRIC_REPRESENTATION_CONTEXT() REPRESENTATION_CONTEXT('2D SPACE',''
  ) );
#1552 = FACE_BOUND('',#1553,.T.);
#1553 = EDGE_LOOP('',(#1554));
#1554 = ORIENTED_EDGE('',*,*,#1555,.F.);
#1555 = EDGE_CURVE('',#1556,#1556,#1558,.T.);
#1556 = VERTEX_POINT('',#1557);
#1557 = CARTESIAN_POINT('',(-3.388,46.68,9.4));
#1558 = SURFACE_CURVE('',#1559,(#1564,#1571),.PCURVE_S1.);
#1559 = CIRCLE('',#1560,0.5);
#1560 = AXIS2_PLACEMENT_3D('',#1561,#1562,#1563);
#1561 = CARTESIAN_POINT('',(-3.888,46.68,9.4));
#1562 = DIRECTION('',(0.,0.,1.));
#1563 = DIRECTION('',(1.,0.,-0.));
#1564 = PCURVE('',#266,#1565);
#1565 = DEFINITIONAL_REPRESENTATION('',(#1566),#1570);
#1566 = CIRCLE('',#1567,0.5);
#1567 = AXIS2_PLACEMENT_2D('',#1568,#1569);
#1568 = CARTESIAN_POINT('',(-3.888,46.68));
#1569 = DIRECTION('',(1.,0.));
#1570 = ( GEOMETRIC_REPRESENTATION_CONTEXT(2) 
PARAMETRIC_REPRESENTATION_CONTEXT() REPRESENTATION_CONTEXT('2D SPACE',''
  ) );
#1571 = PCURVE('',#1572,#1577);
#1572 = CYLINDRICAL_SURFACE('',#1573,0.5);
#1573 = AXIS2_PLACEMENT_3D('',#1574,#1575,#1576);
#1574 = CARTESIAN_POINT('',(-3.888,46.68,8.19));
#1575 = DIRECTION('',(0.,0.,1.));
#1576 = DIRECTION('',(1.,0.,-0.));
#1577 = DEFINITIONAL_REPRESENTATION('',(#1578),#1582);
#1578 = LINE('',#1579,#1580);
#1579 = CARTESIAN_POINT('',(0.,1.21));
#1580 = VECTOR('',#1581,1.);
#1581 = DIRECTION('',(1.,0.));
#1582 = ( GEOMETRIC_REPRESENTATION_CONTEXT(2) 
PARAMETRIC_REPRESENTATION_CONTEXT() REPRESENTATION_CONTEXT('2D SPACE',''
  ) );
#1583 = FACE_BOUND('',#1584,.T.);
#1584 = EDGE_LOOP('',(#1585));
#1585 = ORIENTED_EDGE('',*,*,#1586,.F.);
#1586 = EDGE_CURVE('',#1587,#1587,#1589,.T.);
#1587 = VERTEX_POINT('',#1588);
#1588 = CARTESIAN_POINT('',(14.613,46.68,9.4));
#1589 = SURFACE_CURVE('',#1590,(#1595,#1602),.PCURVE_S1.);
#1590 = CIRCLE('',#1591,0.5);
#1591 = AXIS2_PLACEMENT_3D('',#1592,#1593,#1594);
#1592 = CARTESIAN_POINT('',(14.113,46.68,9.4));
#1593 = DIRECTION('',(0.,0.,1.));
#1594 = DIRECTION('',(1.,0.,-0.));
#1595 = PCURVE('',#266,#1596);
#1596 = DEFINITIONAL_REPRESENTATION('',(#1597),#1601);
#1597 = CIRCLE('',#1598,0.5);
#1598 = AXIS2_PLACEMENT_2D('',#1599,#1600);
#1599 = CARTESIAN_POINT('',(14.113,46.68));
#1600 = DIRECTION('',(1.,0.));
#1601 = ( GEOMETRIC_REPRESENTATION_CONTEXT(2) 
PARAMETRIC_REPRESENTATION_CONTEXT() REPRESENTATION_CONTEXT('2D SPACE',''
  ) );
#1602 = PCURVE('',#1603,#1608);
#1603 = CYLINDRICAL_SURFACE('',#1604,0.5);
#1604 = AXIS2_PLACEMENT_3D('',#1605,#1606,#1607);
#1605 = CARTESIAN_POINT('',(14.113,46.68,8.19));
#1606 = DIRECTION('',(0.,0.,1.));
#1607 = DIRECTION('',(1.,0.,-0.));
#1608 = DEFINITIONAL_REPRESENTATION('',(#1609),#1613);
#1609 = LINE('',#1610,#1611);
#1610 = CARTESIAN_POINT('',(0.,1.21));
#1611 = VECTOR('',#1612,1.);
#1612 = DIRECTION('',(1.,0.));
#1613 = ( GEOMETRIC_REPRESENTATION_CONTEXT(2) 
PARAMETRIC_REPRESENTATION_CONTEXT() REPRESENTATION_CONTEXT('2D SPACE',''
  ) );
#1614 = FACE_BOUND('',#1615,.T.);
#1615 = EDGE_LOOP('',(#1616,#1647,#1673,#1702,#1728,#1757,#1783,#1812));
#1616 = ORIENTED_EDGE('',*,*,#1617,.F.);
#1617 = EDGE_CURVE('',#1618,#1620,#1622,.T.);
#1618 = VERTEX_POINT('',#1619);
#1619 = CARTESIAN_POINT('',(17.4025,46.855,9.4));
#1620 = VERTEX_POINT('',#1621);
#1621 = CARTESIAN_POINT('',(18.4025,45.855,9.4));
#1622 = SURFACE_CURVE('',#1623,(#1628,#1635),.PCURVE_S1.);
#1623 = CIRCLE('',#1624,1.);
#1624 = AXIS2_PLACEMENT_3D('',#1625,#1626,#1627);
#1625 = CARTESIAN_POINT('',(18.4025,46.855,9.4));
#1626 = DIRECTION('',(0.,0.,1.));
#1627 = DIRECTION('',(1.,0.,-0.));
#1628 = PCURVE('',#266,#1629);
#1629 = DEFINITIONAL_REPRESENTATION('',(#1630),#1634);
#1630 = CIRCLE('',#1631,1.);
#1631 = AXIS2_PLACEMENT_2D('',#1632,#1633);
#1632 = CARTESIAN_POINT('',(18.4025,46.855));
#1633 = DIRECTION('',(1.,0.));
#1634 = ( GEOMETRIC_REPRESENTATION_CONTEXT(2) 
PARAMETRIC_REPRESENTATION_CONTEXT() REPRESENTATION_CONTEXT('2D SPACE',''
  ) );
#1635 = PCURVE('',#1636,#1641);
#1636 = CYLINDRICAL_SURFACE('',#1637,1.);
#1637 = AXIS2_PLACEMENT_3D('',#1638,#1639,#1640);
#1638 = CARTESIAN_POINT('',(18.4025,46.855,9.2));
#1639 = DIRECTION('',(0.,0.,1.));
#1640 = DIRECTION('',(1.,0.,0.));
#1641 = DEFINITIONAL_REPRESENTATION('',(#1642),#1646);
#1642 = LINE('',#1643,#1644);
#1643 = CARTESIAN_POINT('',(0.,0.2));
#1644 = VECTOR('',#1645,1.);
#1645 = DIRECTION('',(1.,0.));
#1646 = ( GEOMETRIC_REPRESENTATION_CONTEXT(2) 
PARAMETRIC_REPRESENTATION_CONTEXT() REPRESENTATION_CONTEXT('2D SPACE',''
  ) );
#1647 = ORIENTED_EDGE('',*,*,#1648,.T.);
#1648 = EDGE_CURVE('',#1618,#1649,#1651,.T.);
#1649 = VERTEX_POINT('',#1650);
#1650 = CARTESIAN_POINT('',(17.4025,47.655,9.4));
#1651 = SURFACE_CURVE('',#1652,(#1656,#1662),.PCURVE_S1.);
#1652 = LINE('',#1653,#1654);
#1653 = CARTESIAN_POINT('',(17.4025,23.4275,9.4));
#1654 = VECTOR('',#1655,1.);
#1655 = DIRECTION('',(0.,1.,0.));
#1656 = PCURVE('',#266,#1657);
#1657 = DEFINITIONAL_REPRESENTATION('',(#1658),#1661);
#1658 = B_SPLINE_CURVE_WITH_KNOTS('',1,(#1659,#1660),.UNSPECIFIED.,.F.,
  .F.,(2,2),(23.4275,24.2275),.PIECEWISE_BEZIER_KNOTS.);
#1659 = CARTESIAN_POINT('',(17.4025,46.855));
#1660 = CARTESIAN_POINT('',(17.4025,47.655));
#1661 = ( GEOMETRIC_REPRESENTATION_CONTEXT(2) 
PARAMETRIC_REPRESENTATION_CONTEXT() REPRESENTATION_CONTEXT('2D SPACE',''
  ) );
#1662 = PCURVE('',#1663,#1668);
#1663 = PLANE('',#1664);
#1664 = AXIS2_PLACEMENT_3D('',#1665,#1666,#1667);
#1665 = CARTESIAN_POINT('',(17.4025,46.855,9.2));
#1666 = DIRECTION('',(1.,0.,0.));
#1667 = DIRECTION('',(-0.,1.,0.));
#1668 = DEFINITIONAL_REPRESENTATION('',(#1669),#1672);
#1669 = B_SPLINE_CURVE_WITH_KNOTS('',1,(#1670,#1671),.UNSPECIFIED.,.F.,
  .F.,(2,2),(23.4275,24.2275),.PIECEWISE_BEZIER_KNOTS.);
#1670 = CARTESIAN_POINT('',(0.,0.2));
#1671 = CARTESIAN_POINT('',(0.8,0.2));
#1672 = ( GEOMETRIC_REPRESENTATION_CONTEXT(2) 
PARAMETRIC_REPRESENTATION_CONTEXT() REPRESENTATION_CONTEXT('2D SPACE',''
  ) );
#1673 = ORIENTED_EDGE('',*,*,#1674,.F.);
#1674 = EDGE_CURVE('',#1675,#1649,#1677,.T.);
#1675 = VERTEX_POINT('',#1676);
#1676 = CARTESIAN_POINT('',(18.4025,48.655,9.4));
#1677 = SURFACE_CURVE('',#1678,(#1683,#1690),.PCURVE_S1.);
#1678 = CIRCLE('',#1679,1.);
#1679 = AXIS2_PLACEMENT_3D('',#1680,#1681,#1682);
#1680 = CARTESIAN_POINT('',(18.4025,47.655,9.4));
#1681 = DIRECTION('',(0.,0.,1.));
#1682 = DIRECTION('',(1.,0.,-0.));
#1683 = PCURVE('',#266,#1684);
#1684 = DEFINITIONAL_REPRESENTATION('',(#1685),#1689);
#1685 = CIRCLE('',#1686,1.);
#1686 = AXIS2_PLACEMENT_2D('',#1687,#1688);
#1687 = CARTESIAN_POINT('',(18.4025,47.655));
#1688 = DIRECTION('',(1.,0.));
#1689 = ( GEOMETRIC_REPRESENTATION_CONTEXT(2) 
PARAMETRIC_REPRESENTATION_CONTEXT() REPRESENTATION_CONTEXT('2D SPACE',''
  ) );
#1690 = PCURVE('',#1691,#1696);
#1691 = CYLINDRICAL_SURFACE('',#1692,1.);
#1692 = AXIS2_PLACEMENT_3D('',#1693,#1694,#1695);
#1693 = CARTESIAN_POINT('',(18.4025,47.655,9.2));
#1694 = DIRECTION('',(0.,0.,1.));
#1695 = DIRECTION('',(1.,0.,0.));
#1696 = DEFINITIONAL_REPRESENTATION('',(#1697),#1701);
#1697 = LINE('',#1698,#1699);
#1698 = CARTESIAN_POINT('',(0.,0.2));
#1699 = VECTOR('',#1700,1.);
#1700 = DIRECTION('',(1.,0.));
#1701 = ( GEOMETRIC_REPRESENTATION_CONTEXT(2) 
PARAMETRIC_REPRESENTATION_CONTEXT() REPRESENTATION_CONTEXT('2D SPACE',''
  ) );
#1702 = ORIENTED_EDGE('',*,*,#1703,.T.);
#1703 = EDGE_CURVE('',#1675,#1704,#1706,.T.);
#1704 = VERTEX_POINT('',#1705);
#1705 = CARTESIAN_POINT('',(25.6025,48.655,9.4));
#1706 = SURFACE_CURVE('',#1707,(#1711,#1717),.PCURVE_S1.);
#1707 = LINE('',#1708,#1709);
#1708 = CARTESIAN_POINT('',(9.20125,48.655,9.4));
#1709 = VECTOR('',#1710,1.);
#1710 = DIRECTION('',(1.,0.,-0.));
#1711 = PCURVE('',#266,#1712);
#1712 = DEFINITIONAL_REPRESENTATION('',(#1713),#1716);
#1713 = B_SPLINE_CURVE_WITH_KNOTS('',1,(#1714,#1715),.UNSPECIFIED.,.F.,
  .F.,(2,2),(9.20125,16.40125),.PIECEWISE_BEZIER_KNOTS.);
#1714 = CARTESIAN_POINT('',(18.4025,48.655));
#1715 = CARTESIAN_POINT('',(25.6025,48.655));
#1716 = ( GEOMETRIC_REPRESENTATION_CONTEXT(2) 
PARAMETRIC_REPRESENTATION_CONTEXT() REPRESENTATION_CONTEXT('2D SPACE',''
  ) );
#1717 = PCURVE('',#1718,#1723);
#1718 = PLANE('',#1719);
#1719 = AXIS2_PLACEMENT_3D('',#1720,#1721,#1722);
#1720 = CARTESIAN_POINT('',(18.4025,48.655,9.2));
#1721 = DIRECTION('',(0.,-1.,0.));
#1722 = DIRECTION('',(1.,0.,0.));
#1723 = DEFINITIONAL_REPRESENTATION('',(#1724),#1727);
#1724 = B_SPLINE_CURVE_WITH_KNOTS('',1,(#1725,#1726),.UNSPECIFIED.,.F.,
  .F.,(2,2),(9.20125,16.40125),.PIECEWISE_BEZIER_KNOTS.);
#1725 = CARTESIAN_POINT('',(0.,0.2));
#1726 = CARTESIAN_POINT('',(7.2,0.2));
#1727 = ( GEOMETRIC_REPRESENTATION_CONTEXT(2) 
PARAMETRIC_REPRESENTATION_CONTEXT() REPRESENTATION_CONTEXT('2D SPACE',''
  ) );
#1728 = ORIENTED_EDGE('',*,*,#1729,.F.);
#1729 = EDGE_CURVE('',#1730,#1704,#1732,.T.);
#1730 = VERTEX_POINT('',#1731);
#1731 = CARTESIAN_POINT('',(26.6025,47.655,9.4));
#1732 = SURFACE_CURVE('',#1733,(#1738,#1745),.PCURVE_S1.);
#1733 = CIRCLE('',#1734,1.);
#1734 = AXIS2_PLACEMENT_3D('',#1735,#1736,#1737);
#1735 = CARTESIAN_POINT('',(25.6025,47.655,9.4));
#1736 = DIRECTION('',(0.,0.,1.));
#1737 = DIRECTION('',(1.,0.,-0.));
#1738 = PCURVE('',#266,#1739);
#1739 = DEFINITIONAL_REPRESENTATION('',(#1740),#1744);
#1740 = CIRCLE('',#1741,1.);
#1741 = AXIS2_PLACEMENT_2D('',#1742,#1743);
#1742 = CARTESIAN_POINT('',(25.6025,47.655));
#1743 = DIRECTION('',(1.,0.));
#1744 = ( GEOMETRIC_REPRESENTATION_CONTEXT(2) 
PARAMETRIC_REPRESENTATION_CONTEXT() REPRESENTATION_CONTEXT('2D SPACE',''
  ) );
#1745 = PCURVE('',#1746,#1751);
#1746 = CYLINDRICAL_SURFACE('',#1747,1.);
#1747 = AXIS2_PLACEMENT_3D('',#1748,#1749,#1750);
#1748 = CARTESIAN_POINT('',(25.6025,47.655,9.2));
#1749 = DIRECTION('',(0.,0.,1.));
#1750 = DIRECTION('',(1.,0.,0.));
#1751 = DEFINITIONAL_REPRESENTATION('',(#1752),#1756);
#1752 = LINE('',#1753,#1754);
#1753 = CARTESIAN_POINT('',(0.,0.2));
#1754 = VECTOR('',#1755,1.);
#1755 = DIRECTION('',(1.,0.));
#1756 = ( GEOMETRIC_REPRESENTATION_CONTEXT(2) 
PARAMETRIC_REPRESENTATION_CONTEXT() REPRESENTATION_CONTEXT('2D SPACE',''
  ) );
#1757 = ORIENTED_EDGE('',*,*,#1758,.F.);
#1758 = EDGE_CURVE('',#1759,#1730,#1761,.T.);
#1759 = VERTEX_POINT('',#1760);
#1760 = CARTESIAN_POINT('',(26.6025,46.855,9.4));
#1761 = SURFACE_CURVE('',#1762,(#1766,#1772),.PCURVE_S1.);
#1762 = LINE('',#1763,#1764);
#1763 = CARTESIAN_POINT('',(26.6025,23.4275,9.4));
#1764 = VECTOR('',#1765,1.);
#1765 = DIRECTION('',(0.,1.,0.));
#1766 = PCURVE('',#266,#1767);
#1767 = DEFINITIONAL_REPRESENTATION('',(#1768),#1771);
#1768 = B_SPLINE_CURVE_WITH_KNOTS('',1,(#1769,#1770),.UNSPECIFIED.,.F.,
  .F.,(2,2),(23.4275,24.2275),.PIECEWISE_BEZIER_KNOTS.);
#1769 = CARTESIAN_POINT('',(26.6025,46.855));
#1770 = CARTESIAN_POINT('',(26.6025,47.655));
#1771 = ( GEOMETRIC_REPRESENTATION_CONTEXT(2) 
PARAMETRIC_REPRESENTATION_CONTEXT() REPRESENTATION_CONTEXT('2D SPACE',''
  ) );
#1772 = PCURVE('',#1773,#1778);
#1773 = PLANE('',#1774);
#1774 = AXIS2_PLACEMENT_3D('',#1775,#1776,#1777);
#1775 = CARTESIAN_POINT('',(26.6025,46.855,9.2));
#1776 = DIRECTION('',(1.,0.,0.));
#1777 = DIRECTION('',(-0.,1.,0.));
#1778 = DEFINITIONAL_REPRESENTATION('',(#1779),#1782);
#1779 = B_SPLINE_CURVE_WITH_KNOTS('',1,(#1780,#1781),.UNSPECIFIED.,.F.,
  .F.,(2,2),(23.4275,24.2275),.PIECEWISE_BEZIER_KNOTS.);
#1780 = CARTESIAN_POINT('',(0.,0.2));
#1781 = CARTESIAN_POINT('',(0.8,0.2));
#1782 = ( GEOMETRIC_REPRESENTATION_CONTEXT(2) 
PARAMETRIC_REPRESENTATION_CONTEXT() REPRESENTATION_CONTEXT('2D SPACE',''
  ) );
#1783 = ORIENTED_EDGE('',*,*,#1784,.F.);
#1784 = EDGE_CURVE('',#1785,#1759,#1787,.T.);
#1785 = VERTEX_POINT('',#1786);
#1786 = CARTESIAN_POINT('',(25.6025,45.855,9.4));
#1787 = SURFACE_CURVE('',#1788,(#1793,#1800),.PCURVE_S1.);
#1788 = CIRCLE('',#1789,1.);
#1789 = AXIS2_PLACEMENT_3D('',#1790,#1791,#1792);
#1790 = CARTESIAN_POINT('',(25.6025,46.855,9.4));
#1791 = DIRECTION('',(0.,0.,1.));
#1792 = DIRECTION('',(1.,0.,-0.));
#1793 = PCURVE('',#266,#1794);
#1794 = DEFINITIONAL_REPRESENTATION('',(#1795),#1799);
#1795 = CIRCLE('',#1796,1.);
#1796 = AXIS2_PLACEMENT_2D('',#1797,#1798);
#1797 = CARTESIAN_POINT('',(25.6025,46.855));
#1798 = DIRECTION('',(1.,0.));
#1799 = ( GEOMETRIC_REPRESENTATION_CONTEXT(2) 
PARAMETRIC_REPRESENTATION_CONTEXT() REPRESENTATION_CONTEXT('2D SPACE',''
  ) );
#1800 = PCURVE('',#1801,#1806);
#1801 = CYLINDRICAL_SURFACE('',#1802,1.);
#1802 = AXIS2_PLACEMENT_3D('',#1803,#1804,#1805);
#1803 = CARTESIAN_POINT('',(25.6025,46.855,9.2));
#1804 = DIRECTION('',(0.,0.,1.));
#1805 = DIRECTION('',(1.,0.,0.));
#1806 = DEFINITIONAL_REPRESENTATION('',(#1807),#1811);
#1807 = LINE('',#1808,#1809);
#1808 = CARTESIAN_POINT('',(0.,0.2));
#1809 = VECTOR('',#1810,1.);
#1810 = DIRECTION('',(1.,0.));
#1811 = ( GEOMETRIC_REPRESENTATION_CONTEXT(2) 
PARAMETRIC_REPRESENTATION_CONTEXT() REPRESENTATION_CONTEXT('2D SPACE',''
  ) );
#1812 = ORIENTED_EDGE('',*,*,#1813,.F.);
#1813 = EDGE_CURVE('',#1620,#1785,#1814,.T.);
#1814 = SURFACE_CURVE('',#1815,(#1819,#1825),.PCURVE_S1.);
#1815 = LINE('',#1816,#1817);
#1816 = CARTESIAN_POINT('',(9.20125,45.855,9.4));
#1817 = VECTOR('',#1818,1.);
#1818 = DIRECTION('',(1.,0.,-0.));
#1819 = PCURVE('',#266,#1820);
#1820 = DEFINITIONAL_REPRESENTATION('',(#1821),#1824);
#1821 = B_SPLINE_CURVE_WITH_KNOTS('',1,(#1822,#1823),.UNSPECIFIED.,.F.,
  .F.,(2,2),(9.20125,16.40125),.PIECEWISE_BEZIER_KNOTS.);
#1822 = CARTESIAN_POINT('',(18.4025,45.855));
#1823 = CARTESIAN_POINT('',(25.6025,45.855));
#1824 = ( GEOMETRIC_REPRESENTATION_CONTEXT(2) 
PARAMETRIC_REPRESENTATION_CONTEXT() REPRESENTATION_CONTEXT('2D SPACE',''
  ) );
#1825 = PCURVE('',#1826,#1831);
#1826 = PLANE('',#1827);
#1827 = AXIS2_PLACEMENT_3D('',#1828,#1829,#1830);
#1828 = CARTESIAN_POINT('',(18.4025,45.855,9.2));
#1829 = DIRECTION('',(0.,-1.,0.));
#1830 = DIRECTION('',(1.,0.,0.));
#1831 = DEFINITIONAL_REPRESENTATION('',(#1832),#1835);
#1832 = B_SPLINE_CURVE_WITH_KNOTS('',1,(#1833,#1834),.UNSPECIFIED.,.F.,
  .F.,(2,2),(9.20125,16.40125),.PIECEWISE_BEZIER_KNOTS.);
#1833 = CARTESIAN_POINT('',(0.,0.2));
#1834 = CARTESIAN_POINT('',(7.2,0.2));
#1835 = ( GEOMETRIC_REPRESENTATION_CONTEXT(2) 
PARAMETRIC_REPRESENTATION_CONTEXT() REPRESENTATION_CONTEXT('2D SPACE',''
  ) );
#1836 = ADVANCED_FACE('',(#1837),#292,.T.);
#1837 = FACE_BOUND('',#1838,.F.);
#1838 = EDGE_LOOP('',(#1839,#1840,#1841,#1861));
#1839 = ORIENTED_EDGE('',*,*,#278,.F.);
#1840 = ORIENTED_EDGE('',*,*,#1001,.T.);
#1841 = ORIENTED_EDGE('',*,*,#1842,.T.);
#1842 = EDGE_CURVE('',#1002,#1500,#1843,.T.);
#1843 = SURFACE_CURVE('',#1844,(#1849,#1855),.PCURVE_S1.);
#1844 = CIRCLE('',#1845,1.);
#1845 = AXIS2_PLACEMENT_3D('',#1846,#1847,#1848);
#1846 = CARTESIAN_POINT('',(-26.,50.,8.4));
#1847 = DIRECTION('',(1.,6.123233995737E-17,-0.));
#1848 = DIRECTION('',(-6.123233995737E-17,1.,0.));
#1849 = PCURVE('',#292,#1850);
#1850 = DEFINITIONAL_REPRESENTATION('',(#1851),#1854);
#1851 = B_SPLINE_CURVE_WITH_KNOTS('',1,(#1852,#1853),.UNSPECIFIED.,.F.,
  .F.,(2,2),(0.,1.570796326795),.PIECEWISE_BEZIER_KNOTS.);
#1852 = CARTESIAN_POINT('',(-1.570796326795,0.));
#1853 = CARTESIAN_POINT('',(-1.570796326795,1.570796326795));
#1854 = ( GEOMETRIC_REPRESENTATION_CONTEXT(2) 
PARAMETRIC_REPRESENTATION_CONTEXT() REPRESENTATION_CONTEXT('2D SPACE',''
  ) );
#1855 = PCURVE('',#1515,#1856);
#1856 = DEFINITIONAL_REPRESENTATION('',(#1857),#1860);
#1857 = B_SPLINE_CURVE_WITH_KNOTS('',1,(#1858,#1859),.UNSPECIFIED.,.F.,
  .F.,(2,2),(0.,1.570796326795),.PIECEWISE_BEZIER_KNOTS.);
#1858 = CARTESIAN_POINT('',(0.,0.));
#1859 = CARTESIAN_POINT('',(1.570796326795,0.));
#1860 = ( GEOMETRIC_REPRESENTATION_CONTEXT(2) 
PARAMETRIC_REPRESENTATION_CONTEXT() REPRESENTATION_CONTEXT('2D SPACE',''
  ) );
#1861 = ORIENTED_EDGE('',*,*,#1527,.F.);
#1862 = ADVANCED_FACE('',(#1863),#442,.T.);
#1863 = FACE_BOUND('',#1864,.T.);
#1864 = EDGE_LOOP('',(#1865,#1866,#1889,#1910));
#1865 = ORIENTED_EDGE('',*,*,#1025,.T.);
#1866 = ORIENTED_EDGE('',*,*,#1867,.T.);
#1867 = EDGE_CURVE('',#1002,#1868,#1870,.T.);
#1868 = VERTEX_POINT('',#1869);
#1869 = CARTESIAN_POINT('',(26.,51.,8.4));
#1870 = SURFACE_CURVE('',#1871,(#1875,#1882),.PCURVE_S1.);
#1871 = LINE('',#1872,#1873);
#1872 = CARTESIAN_POINT('',(-26.,51.,8.4));
#1873 = VECTOR('',#1874,1.);
#1874 = DIRECTION('',(1.,0.,0.));
#1875 = PCURVE('',#442,#1876);
#1876 = DEFINITIONAL_REPRESENTATION('',(#1877),#1881);
#1877 = LINE('',#1878,#1879);
#1878 = CARTESIAN_POINT('',(0.,-7.2));
#1879 = VECTOR('',#1880,1.);
#1880 = DIRECTION('',(1.,0.));
#1881 = ( GEOMETRIC_REPRESENTATION_CONTEXT(2) 
PARAMETRIC_REPRESENTATION_CONTEXT() REPRESENTATION_CONTEXT('2D SPACE',''
  ) );
#1882 = PCURVE('',#1515,#1883);
#1883 = DEFINITIONAL_REPRESENTATION('',(#1884),#1888);
#1884 = LINE('',#1885,#1886);
#1885 = CARTESIAN_POINT('',(0.,0.));
#1886 = VECTOR('',#1887,1.);
#1887 = DIRECTION('',(0.,1.));
#1888 = ( GEOMETRIC_REPRESENTATION_CONTEXT(2) 
PARAMETRIC_REPRESENTATION_CONTEXT() REPRESENTATION_CONTEXT('2D SPACE',''
  ) );
#1889 = ORIENTED_EDGE('',*,*,#1890,.F.);
#1890 = EDGE_CURVE('',#394,#1868,#1891,.T.);
#1891 = SURFACE_CURVE('',#1892,(#1896,#1903),.PCURVE_S1.);
#1892 = LINE('',#1893,#1894);
#1893 = CARTESIAN_POINT('',(26.,51.,1.2));
#1894 = VECTOR('',#1895,1.);
#1895 = DIRECTION('',(0.,0.,1.));
#1896 = PCURVE('',#442,#1897);
#1897 = DEFINITIONAL_REPRESENTATION('',(#1898),#1902);
#1898 = LINE('',#1899,#1900);
#1899 = CARTESIAN_POINT('',(52.,0.));
#1900 = VECTOR('',#1901,1.);
#1901 = DIRECTION('',(0.,-1.));
#1902 = ( GEOMETRIC_REPRESENTATION_CONTEXT(2) 
PARAMETRIC_REPRESENTATION_CONTEXT() REPRESENTATION_CONTEXT('2D SPACE',''
  ) );
#1903 = PCURVE('',#414,#1904);
#1904 = DEFINITIONAL_REPRESENTATION('',(#1905),#1909);
#1905 = LINE('',#1906,#1907);
#1906 = CARTESIAN_POINT('',(1.570796326795,0.));
#1907 = VECTOR('',#1908,1.);
#1908 = DIRECTION('',(0.,-1.));
#1909 = ( GEOMETRIC_REPRESENTATION_CONTEXT(2) 
PARAMETRIC_REPRESENTATION_CONTEXT() REPRESENTATION_CONTEXT('2D SPACE',''
  ) );
#1910 = ORIENTED_EDGE('',*,*,#426,.F.);
#1911 = ADVANCED_FACE('',(#1912),#353,.T.);
#1912 = FACE_BOUND('',#1913,.T.);
#1913 = EDGE_LOOP('',(#1914,#1937,#1959,#1960));
#1914 = ORIENTED_EDGE('',*,*,#1915,.T.);
#1915 = EDGE_CURVE('',#333,#1916,#1918,.T.);
#1916 = VERTEX_POINT('',#1917);
#1917 = CARTESIAN_POINT('',(30.,-47.,8.4));
#1918 = SURFACE_CURVE('',#1919,(#1923,#1930),.PCURVE_S1.);
#1919 = LINE('',#1920,#1921);
#1920 = CARTESIAN_POINT('',(30.,-47.,1.2));
#1921 = VECTOR('',#1922,1.);
#1922 = DIRECTION('',(0.,0.,1.));
#1923 = PCURVE('',#353,#1924);
#1924 = DEFINITIONAL_REPRESENTATION('',(#1925),#1929);
#1925 = LINE('',#1926,#1927);
#1926 = CARTESIAN_POINT('',(3.14159265359,0.));
#1927 = VECTOR('',#1928,1.);
#1928 = DIRECTION('',(0.,-1.));
#1929 = ( GEOMETRIC_REPRESENTATION_CONTEXT(2) 
PARAMETRIC_REPRESENTATION_CONTEXT() REPRESENTATION_CONTEXT('2D SPACE',''
  ) );
#1930 = PCURVE('',#381,#1931);
#1931 = DEFINITIONAL_REPRESENTATION('',(#1932),#1936);
#1932 = LINE('',#1933,#1934);
#1933 = CARTESIAN_POINT('',(0.,0.));
#1934 = VECTOR('',#1935,1.);
#1935 = DIRECTION('',(0.,-1.));
#1936 = ( GEOMETRIC_REPRESENTATION_CONTEXT(2) 
PARAMETRIC_REPRESENTATION_CONTEXT() REPRESENTATION_CONTEXT('2D SPACE',''
  ) );
#1937 = ORIENTED_EDGE('',*,*,#1938,.T.);
#1938 = EDGE_CURVE('',#1916,#1280,#1939,.T.);
#1939 = SURFACE_CURVE('',#1940,(#1945,#1952),.PCURVE_S1.);
#1940 = CIRCLE('',#1941,4.);
#1941 = AXIS2_PLACEMENT_3D('',#1942,#1943,#1944);
#1942 = CARTESIAN_POINT('',(26.,-47.,8.4));
#1943 = DIRECTION('',(0.,-0.,-1.));
#1944 = DIRECTION('',(1.,0.,-0.));
#1945 = PCURVE('',#353,#1946);
#1946 = DEFINITIONAL_REPRESENTATION('',(#1947),#1951);
#1947 = LINE('',#1948,#1949);
#1948 = CARTESIAN_POINT('',(3.14159265359,-7.2));
#1949 = VECTOR('',#1950,1.);
#1950 = DIRECTION('',(1.,0.));
#1951 = ( GEOMETRIC_REPRESENTATION_CONTEXT(2) 
PARAMETRIC_REPRESENTATION_CONTEXT() REPRESENTATION_CONTEXT('2D SPACE',''
  ) );
#1952 = PCURVE('',#1426,#1953);
#1953 = DEFINITIONAL_REPRESENTATION('',(#1954),#1958);
#1954 = LINE('',#1955,#1956);
#1955 = CARTESIAN_POINT('',(-0.,0.));
#1956 = VECTOR('',#1957,1.);
#1957 = DIRECTION('',(-1.,0.));
#1958 = ( GEOMETRIC_REPRESENTATION_CONTEXT(2) 
PARAMETRIC_REPRESENTATION_CONTEXT() REPRESENTATION_CONTEXT('2D SPACE',''
  ) );
#1959 = ORIENTED_EDGE('',*,*,#1302,.F.);
#1960 = ORIENTED_EDGE('',*,*,#332,.F.);
#1961 = ADVANCED_FACE('',(#1962),#414,.T.);
#1962 = FACE_BOUND('',#1963,.T.);
#1963 = EDGE_LOOP('',(#1964,#1965,#1989,#2010));
#1964 = ORIENTED_EDGE('',*,*,#1890,.T.);
#1965 = ORIENTED_EDGE('',*,*,#1966,.T.);
#1966 = EDGE_CURVE('',#1868,#1967,#1969,.T.);
#1967 = VERTEX_POINT('',#1968);
#1968 = CARTESIAN_POINT('',(30.,47.,8.4));
#1969 = SURFACE_CURVE('',#1970,(#1975,#1982),.PCURVE_S1.);
#1970 = CIRCLE('',#1971,4.);
#1971 = AXIS2_PLACEMENT_3D('',#1972,#1973,#1974);
#1972 = CARTESIAN_POINT('',(26.,47.,8.4));
#1973 = DIRECTION('',(0.,-0.,-1.));
#1974 = DIRECTION('',(0.,1.,-0.));
#1975 = PCURVE('',#414,#1976);
#1976 = DEFINITIONAL_REPRESENTATION('',(#1977),#1981);
#1977 = LINE('',#1978,#1979);
#1978 = CARTESIAN_POINT('',(1.570796326795,-7.2));
#1979 = VECTOR('',#1980,1.);
#1980 = DIRECTION('',(1.,0.));
#1981 = ( GEOMETRIC_REPRESENTATION_CONTEXT(2) 
PARAMETRIC_REPRESENTATION_CONTEXT() REPRESENTATION_CONTEXT('2D SPACE',''
  ) );
#1982 = PCURVE('',#1487,#1983);
#1983 = DEFINITIONAL_REPRESENTATION('',(#1984),#1988);
#1984 = LINE('',#1985,#1986);
#1985 = CARTESIAN_POINT('',(-0.,0.));
#1986 = VECTOR('',#1987,1.);
#1987 = DIRECTION('',(-1.,0.));
#1988 = ( GEOMETRIC_REPRESENTATION_CONTEXT(2) 
PARAMETRIC_REPRESENTATION_CONTEXT() REPRESENTATION_CONTEXT('2D SPACE',''
  ) );
#1989 = ORIENTED_EDGE('',*,*,#1990,.F.);
#1990 = EDGE_CURVE('',#366,#1967,#1991,.T.);
#1991 = SURFACE_CURVE('',#1992,(#1996,#2003),.PCURVE_S1.);
#1992 = LINE('',#1993,#1994);
#1993 = CARTESIAN_POINT('',(30.,47.,1.2));
#1994 = VECTOR('',#1995,1.);
#1995 = DIRECTION('',(0.,0.,1.));
#1996 = PCURVE('',#414,#1997);
#1997 = DEFINITIONAL_REPRESENTATION('',(#1998),#2002);
#1998 = LINE('',#1999,#2000);
#1999 = CARTESIAN_POINT('',(3.14159265359,0.));
#2000 = VECTOR('',#2001,1.);
#2001 = DIRECTION('',(0.,-1.));
#2002 = ( GEOMETRIC_REPRESENTATION_CONTEXT(2) 
PARAMETRIC_REPRESENTATION_CONTEXT() REPRESENTATION_CONTEXT('2D SPACE',''
  ) );
#2003 = PCURVE('',#381,#2004);
#2004 = DEFINITIONAL_REPRESENTATION('',(#2005),#2009);
#2005 = LINE('',#2006,#2007);
#2006 = CARTESIAN_POINT('',(94.,0.));
#2007 = VECTOR('',#2008,1.);
#2008 = DIRECTION('',(0.,-1.));
#2009 = ( GEOMETRIC_REPRESENTATION_CONTEXT(2) 
PARAMETRIC_REPRESENTATION_CONTEXT() REPRESENTATION_CONTEXT('2D SPACE',''
  ) );
#2010 = ORIENTED_EDGE('',*,*,#393,.F.);
#2011 = ADVANCED_FACE('',(#2012,#2038,#2073),#381,.F.);
#2012 = FACE_BOUND('',#2013,.F.);
#2013 = EDGE_LOOP('',(#2014,#2015,#2036,#2037));
#2014 = ORIENTED_EDGE('',*,*,#1915,.T.);
#2015 = ORIENTED_EDGE('',*,*,#2016,.F.);
#2016 = EDGE_CURVE('',#1967,#1916,#2017,.T.);
#2017 = SURFACE_CURVE('',#2018,(#2022,#2029),.PCURVE_S1.);
#2018 = LINE('',#2019,#2020);
#2019 = CARTESIAN_POINT('',(30.,47.,8.4));
#2020 = VECTOR('',#2021,1.);
#2021 = DIRECTION('',(-0.,-1.,-0.));
#2022 = PCURVE('',#381,#2023);
#2023 = DEFINITIONAL_REPRESENTATION('',(#2024),#2028);
#2024 = LINE('',#2025,#2026);
#2025 = CARTESIAN_POINT('',(94.,-7.2));
#2026 = VECTOR('',#2027,1.);
#2027 = DIRECTION('',(-1.,0.));
#2028 = ( GEOMETRIC_REPRESENTATION_CONTEXT(2) 
PARAMETRIC_REPRESENTATION_CONTEXT() REPRESENTATION_CONTEXT('2D SPACE',''
  ) );
#2029 = PCURVE('',#1454,#2030);
#2030 = DEFINITIONAL_REPRESENTATION('',(#2031),#2035);
#2031 = LINE('',#2032,#2033);
#2032 = CARTESIAN_POINT('',(0.,0.));
#2033 = VECTOR('',#2034,1.);
#2034 = DIRECTION('',(0.,1.));
#2035 = ( GEOMETRIC_REPRESENTATION_CONTEXT(2) 
PARAMETRIC_REPRESENTATION_CONTEXT() REPRESENTATION_CONTEXT('2D SPACE',''
  ) );
#2036 = ORIENTED_EDGE('',*,*,#1990,.F.);
#2037 = ORIENTED_EDGE('',*,*,#365,.F.);
#2038 = FACE_BOUND('',#2039,.F.);
#2039 = EDGE_LOOP('',(#2040));
#2040 = ORIENTED_EDGE('',*,*,#2041,.T.);
#2041 = EDGE_CURVE('',#2042,#2042,#2044,.T.);
#2042 = VERTEX_POINT('',#2043);
#2043 = CARTESIAN_POINT('',(30.,31.1,5.33));
#2044 = SURFACE_CURVE('',#2045,(#2050,#2061),.PCURVE_S1.);
#2045 = CIRCLE('',#2046,1.1);
#2046 = AXIS2_PLACEMENT_3D('',#2047,#2048,#2049);
#2047 = CARTESIAN_POINT('',(30.,31.1,6.43));
#2048 = DIRECTION('',(1.,0.,2.22044604925E-16));
#2049 = DIRECTION('',(2.22044604925E-16,0.,-1.));
#2050 = PCURVE('',#381,#2051);
#2051 = DEFINITIONAL_REPRESENTATION('',(#2052),#2060);
#2052 = ( BOUNDED_CURVE() B_SPLINE_CURVE(2,(#2053,#2054,#2055,#2056,
#2057,#2058,#2059),.UNSPECIFIED.,.T.,.F.) B_SPLINE_CURVE_WITH_KNOTS((1,2
    ,2,2,2,1),(-2.094395102393,0.,2.094395102393,4.188790204786,
6.28318530718,8.377580409573),.UNSPECIFIED.) CURVE() 
GEOMETRIC_REPRESENTATION_ITEM() RATIONAL_B_SPLINE_CURVE((1.,0.5,1.,0.5,
1.,0.5,1.)) REPRESENTATION_ITEM('') );
#2053 = CARTESIAN_POINT('',(78.1,-4.13));
#2054 = CARTESIAN_POINT('',(80.005255888326,-4.13));
#2055 = CARTESIAN_POINT('',(79.052627944163,-5.78));
#2056 = CARTESIAN_POINT('',(78.1,-7.43));
#2057 = CARTESIAN_POINT('',(77.147372055837,-5.78));
#2058 = CARTESIAN_POINT('',(76.194744111674,-4.13));
#2059 = CARTESIAN_POINT('',(78.1,-4.13));
#2060 = ( GEOMETRIC_REPRESENTATION_CONTEXT(2) 
PARAMETRIC_REPRESENTATION_CONTEXT() REPRESENTATION_CONTEXT('2D SPACE',''
  ) );
#2061 = PCURVE('',#2062,#2067);
#2062 = CYLINDRICAL_SURFACE('',#2063,1.1);
#2063 = AXIS2_PLACEMENT_3D('',#2064,#2065,#2066);
#2064 = CARTESIAN_POINT('',(27.9,31.1,6.43));
#2065 = DIRECTION('',(1.,0.,2.22044604925E-16));
#2066 = DIRECTION('',(2.22044604925E-16,0.,-1.));
#2067 = DEFINITIONAL_REPRESENTATION('',(#2068),#2072);
#2068 = LINE('',#2069,#2070);
#2069 = CARTESIAN_POINT('',(0.,2.1));
#2070 = VECTOR('',#2071,1.);
#2071 = DIRECTION('',(1.,0.));
#2072 = ( GEOMETRIC_REPRESENTATION_CONTEXT(2) 
PARAMETRIC_REPRESENTATION_CONTEXT() REPRESENTATION_CONTEXT('2D SPACE',''
  ) );
#2073 = FACE_BOUND('',#2074,.F.);
#2074 = EDGE_LOOP('',(#2075,#2105,#2134,#2162,#2191,#2219,#2248,#2276));
#2075 = ORIENTED_EDGE('',*,*,#2076,.F.);
#2076 = EDGE_CURVE('',#2077,#2079,#2081,.T.);
#2077 = VERTEX_POINT('',#2078);
#2078 = CARTESIAN_POINT('',(30.,36.8,6.29));
#2079 = VERTEX_POINT('',#2080);
#2080 = CARTESIAN_POINT('',(30.,36.8,6.31));
#2081 = SURFACE_CURVE('',#2082,(#2086,#2093),.PCURVE_S1.);
#2082 = LINE('',#2083,#2084);
#2083 = CARTESIAN_POINT('',(30.,36.8,6.3));
#2084 = VECTOR('',#2085,1.);
#2085 = DIRECTION('',(0.,0.,1.));
#2086 = PCURVE('',#381,#2087);
#2087 = DEFINITIONAL_REPRESENTATION('',(#2088),#2092);
#2088 = LINE('',#2089,#2090);
#2089 = CARTESIAN_POINT('',(83.8,-5.1));
#2090 = VECTOR('',#2091,1.);
#2091 = DIRECTION('',(0.,-1.));
#2092 = ( GEOMETRIC_REPRESENTATION_CONTEXT(2) 
PARAMETRIC_REPRESENTATION_CONTEXT() REPRESENTATION_CONTEXT('2D SPACE',''
  ) );
#2093 = PCURVE('',#2094,#2099);
#2094 = PLANE('',#2095);
#2095 = AXIS2_PLACEMENT_3D('',#2096,#2097,#2098);
#2096 = CARTESIAN_POINT('',(29.5,36.8,6.29));
#2097 = DIRECTION('',(0.,1.,0.));
#2098 = DIRECTION('',(0.,-0.,1.));
#2099 = DEFINITIONAL_REPRESENTATION('',(#2100),#2104);
#2100 = LINE('',#2101,#2102);
#2101 = CARTESIAN_POINT('',(1.E-02,0.5));
#2102 = VECTOR('',#2103,1.);
#2103 = DIRECTION('',(1.,0.));
#2104 = ( GEOMETRIC_REPRESENTATION_CONTEXT(2) 
PARAMETRIC_REPRESENTATION_CONTEXT() REPRESENTATION_CONTEXT('2D SPACE',''
  ) );
#2105 = ORIENTED_EDGE('',*,*,#2106,.F.);
#2106 = EDGE_CURVE('',#2107,#2077,#2109,.T.);
#2107 = VERTEX_POINT('',#2108);
#2108 = CARTESIAN_POINT('',(30.,38.59,4.5));
#2109 = SURFACE_CURVE('',#2110,(#2115,#2122),.PCURVE_S1.);
#2110 = CIRCLE('',#2111,1.79);
#2111 = AXIS2_PLACEMENT_3D('',#2112,#2113,#2114);
#2112 = CARTESIAN_POINT('',(30.,38.59,6.29));
#2113 = DIRECTION('',(-1.,0.,0.));
#2114 = DIRECTION('',(0.,-1.,0.));
#2115 = PCURVE('',#381,#2116);
#2116 = DEFINITIONAL_REPRESENTATION('',(#2117),#2121);
#2117 = CIRCLE('',#2118,1.79);
#2118 = AXIS2_PLACEMENT_2D('',#2119,#2120);
#2119 = CARTESIAN_POINT('',(85.59,-5.09));
#2120 = DIRECTION('',(-1.,0.));
#2121 = ( GEOMETRIC_REPRESENTATION_CONTEXT(2) 
PARAMETRIC_REPRESENTATION_CONTEXT() REPRESENTATION_CONTEXT('2D SPACE',''
  ) );
#2122 = PCURVE('',#2123,#2128);
#2123 = CYLINDRICAL_SURFACE('',#2124,1.79);
#2124 = AXIS2_PLACEMENT_3D('',#2125,#2126,#2127);
#2125 = CARTESIAN_POINT('',(29.5,38.59,6.29));
#2126 = DIRECTION('',(1.,-0.,-0.));
#2127 = DIRECTION('',(0.,-1.,0.));
#2128 = DEFINITIONAL_REPRESENTATION('',(#2129),#2133);
#2129 = LINE('',#2130,#2131);
#2130 = CARTESIAN_POINT('',(0.,0.5));
#2131 = VECTOR('',#2132,1.);
#2132 = DIRECTION('',(-1.,-0.));
#2133 = ( GEOMETRIC_REPRESENTATION_CONTEXT(2) 
PARAMETRIC_REPRESENTATION_CONTEXT() REPRESENTATION_CONTEXT('2D SPACE',''
  ) );
#2134 = ORIENTED_EDGE('',*,*,#2135,.T.);
#2135 = EDGE_CURVE('',#2107,#2136,#2138,.T.);
#2136 = VERTEX_POINT('',#2137);
#2137 = CARTESIAN_POINT('',(30.,43.01,4.5));
#2138 = SURFACE_CURVE('',#2139,(#2143,#2150),.PCURVE_S1.);
#2139 = LINE('',#2140,#2141);
#2140 = CARTESIAN_POINT('',(30.,40.8,4.5));
#2141 = VECTOR('',#2142,1.);
#2142 = DIRECTION('',(0.,1.,0.));
#2143 = PCURVE('',#381,#2144);
#2144 = DEFINITIONAL_REPRESENTATION('',(#2145),#2149);
#2145 = LINE('',#2146,#2147);
#2146 = CARTESIAN_POINT('',(87.8,-3.3));
#2147 = VECTOR('',#2148,1.);
#2148 = DIRECTION('',(1.,0.));
#2149 = ( GEOMETRIC_REPRESENTATION_CONTEXT(2) 
PARAMETRIC_REPRESENTATION_CONTEXT() REPRESENTATION_CONTEXT('2D SPACE',''
  ) );
#2150 = PCURVE('',#2151,#2156);
#2151 = PLANE('',#2152);
#2152 = AXIS2_PLACEMENT_3D('',#2153,#2154,#2155);
#2153 = CARTESIAN_POINT('',(29.5,38.59,4.5));
#2154 = DIRECTION('',(0.,0.,-1.));
#2155 = DIRECTION('',(0.,1.,0.));
#2156 = DEFINITIONAL_REPRESENTATION('',(#2157),#2161);
#2157 = LINE('',#2158,#2159);
#2158 = CARTESIAN_POINT('',(2.21,0.5));
#2159 = VECTOR('',#2160,1.);
#2160 = DIRECTION('',(1.,0.));
#2161 = ( GEOMETRIC_REPRESENTATION_CONTEXT(2) 
PARAMETRIC_REPRESENTATION_CONTEXT() REPRESENTATION_CONTEXT('2D SPACE',''
  ) );
#2162 = ORIENTED_EDGE('',*,*,#2163,.F.);
#2163 = EDGE_CURVE('',#2164,#2136,#2166,.T.);
#2164 = VERTEX_POINT('',#2165);
#2165 = CARTESIAN_POINT('',(30.,44.8,6.29));
#2166 = SURFACE_CURVE('',#2167,(#2172,#2179),.PCURVE_S1.);
#2167 = CIRCLE('',#2168,1.79);
#2168 = AXIS2_PLACEMENT_3D('',#2169,#2170,#2171);
#2169 = CARTESIAN_POINT('',(30.,43.01,6.29));
#2170 = DIRECTION('',(-1.,0.,0.));
#2171 = DIRECTION('',(0.,-1.,0.));
#2172 = PCURVE('',#381,#2173);
#2173 = DEFINITIONAL_REPRESENTATION('',(#2174),#2178);
#2174 = CIRCLE('',#2175,1.79);
#2175 = AXIS2_PLACEMENT_2D('',#2176,#2177);
#2176 = CARTESIAN_POINT('',(90.01,-5.09));
#2177 = DIRECTION('',(-1.,0.));
#2178 = ( GEOMETRIC_REPRESENTATION_CONTEXT(2) 
PARAMETRIC_REPRESENTATION_CONTEXT() REPRESENTATION_CONTEXT('2D SPACE',''
  ) );
#2179 = PCURVE('',#2180,#2185);
#2180 = CYLINDRICAL_SURFACE('',#2181,1.79);
#2181 = AXIS2_PLACEMENT_3D('',#2182,#2183,#2184);
#2182 = CARTESIAN_POINT('',(29.5,43.01,6.29));
#2183 = DIRECTION('',(1.,-0.,-0.));
#2184 = DIRECTION('',(0.,-1.,0.));
#2185 = DEFINITIONAL_REPRESENTATION('',(#2186),#2190);
#2186 = LINE('',#2187,#2188);
#2187 = CARTESIAN_POINT('',(0.,0.5));
#2188 = VECTOR('',#2189,1.);
#2189 = DIRECTION('',(-1.,-0.));
#2190 = ( GEOMETRIC_REPRESENTATION_CONTEXT(2) 
PARAMETRIC_REPRESENTATION_CONTEXT() REPRESENTATION_CONTEXT('2D SPACE',''
  ) );
#2191 = ORIENTED_EDGE('',*,*,#2192,.T.);
#2192 = EDGE_CURVE('',#2164,#2193,#2195,.T.);
#2193 = VERTEX_POINT('',#2194);
#2194 = CARTESIAN_POINT('',(30.,44.8,6.31));
#2195 = SURFACE_CURVE('',#2196,(#2200,#2207),.PCURVE_S1.);
#2196 = LINE('',#2197,#2198);
#2197 = CARTESIAN_POINT('',(30.,44.8,6.3));
#2198 = VECTOR('',#2199,1.);
#2199 = DIRECTION('',(0.,0.,1.));
#2200 = PCURVE('',#381,#2201);
#2201 = DEFINITIONAL_REPRESENTATION('',(#2202),#2206);
#2202 = LINE('',#2203,#2204);
#2203 = CARTESIAN_POINT('',(91.8,-5.1));
#2204 = VECTOR('',#2205,1.);
#2205 = DIRECTION('',(0.,-1.));
#2206 = ( GEOMETRIC_REPRESENTATION_CONTEXT(2) 
PARAMETRIC_REPRESENTATION_CONTEXT() REPRESENTATION_CONTEXT('2D SPACE',''
  ) );
#2207 = PCURVE('',#2208,#2213);
#2208 = PLANE('',#2209);
#2209 = AXIS2_PLACEMENT_3D('',#2210,#2211,#2212);
#2210 = CARTESIAN_POINT('',(29.5,44.8,6.29));
#2211 = DIRECTION('',(0.,1.,0.));
#2212 = DIRECTION('',(0.,-0.,1.));
#2213 = DEFINITIONAL_REPRESENTATION('',(#2214),#2218);
#2214 = LINE('',#2215,#2216);
#2215 = CARTESIAN_POINT('',(1.E-02,0.5));
#2216 = VECTOR('',#2217,1.);
#2217 = DIRECTION('',(1.,0.));
#2218 = ( GEOMETRIC_REPRESENTATION_CONTEXT(2) 
PARAMETRIC_REPRESENTATION_CONTEXT() REPRESENTATION_CONTEXT('2D SPACE',''
  ) );
#2219 = ORIENTED_EDGE('',*,*,#2220,.F.);
#2220 = EDGE_CURVE('',#2221,#2193,#2223,.T.);
#2221 = VERTEX_POINT('',#2222);
#2222 = CARTESIAN_POINT('',(30.,43.01,8.1));
#2223 = SURFACE_CURVE('',#2224,(#2229,#2236),.PCURVE_S1.);
#2224 = CIRCLE('',#2225,1.79);
#2225 = AXIS2_PLACEMENT_3D('',#2226,#2227,#2228);
#2226 = CARTESIAN_POINT('',(30.,43.01,6.31));
#2227 = DIRECTION('',(-1.,0.,0.));
#2228 = DIRECTION('',(0.,-1.,0.));
#2229 = PCURVE('',#381,#2230);
#2230 = DEFINITIONAL_REPRESENTATION('',(#2231),#2235);
#2231 = CIRCLE('',#2232,1.79);
#2232 = AXIS2_PLACEMENT_2D('',#2233,#2234);
#2233 = CARTESIAN_POINT('',(90.01,-5.11));
#2234 = DIRECTION('',(-1.,0.));
#2235 = ( GEOMETRIC_REPRESENTATION_CONTEXT(2) 
PARAMETRIC_REPRESENTATION_CONTEXT() REPRESENTATION_CONTEXT('2D SPACE',''
  ) );
#2236 = PCURVE('',#2237,#2242);
#2237 = CYLINDRICAL_SURFACE('',#2238,1.79);
#2238 = AXIS2_PLACEMENT_3D('',#2239,#2240,#2241);
#2239 = CARTESIAN_POINT('',(29.5,43.01,6.31));
#2240 = DIRECTION('',(1.,-0.,-0.));
#2241 = DIRECTION('',(0.,-1.,0.));
#2242 = DEFINITIONAL_REPRESENTATION('',(#2243),#2247);
#2243 = LINE('',#2244,#2245);
#2244 = CARTESIAN_POINT('',(0.,0.5));
#2245 = VECTOR('',#2246,1.);
#2246 = DIRECTION('',(-1.,-0.));
#2247 = ( GEOMETRIC_REPRESENTATION_CONTEXT(2) 
PARAMETRIC_REPRESENTATION_CONTEXT() REPRESENTATION_CONTEXT('2D SPACE',''
  ) );
#2248 = ORIENTED_EDGE('',*,*,#2249,.F.);
#2249 = EDGE_CURVE('',#2250,#2221,#2252,.T.);
#2250 = VERTEX_POINT('',#2251);
#2251 = CARTESIAN_POINT('',(30.,38.59,8.1));
#2252 = SURFACE_CURVE('',#2253,(#2257,#2264),.PCURVE_S1.);
#2253 = LINE('',#2254,#2255);
#2254 = CARTESIAN_POINT('',(30.,40.8,8.1));
#2255 = VECTOR('',#2256,1.);
#2256 = DIRECTION('',(0.,1.,0.));
#2257 = PCURVE('',#381,#2258);
#2258 = DEFINITIONAL_REPRESENTATION('',(#2259),#2263);
#2259 = LINE('',#2260,#2261);
#2260 = CARTESIAN_POINT('',(87.8,-6.9));
#2261 = VECTOR('',#2262,1.);
#2262 = DIRECTION('',(1.,0.));
#2263 = ( GEOMETRIC_REPRESENTATION_CONTEXT(2) 
PARAMETRIC_REPRESENTATION_CONTEXT() REPRESENTATION_CONTEXT('2D SPACE',''
  ) );
#2264 = PCURVE('',#2265,#2270);
#2265 = PLANE('',#2266);
#2266 = AXIS2_PLACEMENT_3D('',#2267,#2268,#2269);
#2267 = CARTESIAN_POINT('',(29.5,38.59,8.1));
#2268 = DIRECTION('',(0.,0.,-1.));
#2269 = DIRECTION('',(0.,1.,0.));
#2270 = DEFINITIONAL_REPRESENTATION('',(#2271),#2275);
#2271 = LINE('',#2272,#2273);
#2272 = CARTESIAN_POINT('',(2.21,0.5));
#2273 = VECTOR('',#2274,1.);
#2274 = DIRECTION('',(1.,0.));
#2275 = ( GEOMETRIC_REPRESENTATION_CONTEXT(2) 
PARAMETRIC_REPRESENTATION_CONTEXT() REPRESENTATION_CONTEXT('2D SPACE',''
  ) );
#2276 = ORIENTED_EDGE('',*,*,#2277,.F.);
#2277 = EDGE_CURVE('',#2079,#2250,#2278,.T.);
#2278 = SURFACE_CURVE('',#2279,(#2284,#2291),.PCURVE_S1.);
#2279 = CIRCLE('',#2280,1.79);
#2280 = AXIS2_PLACEMENT_3D('',#2281,#2282,#2283);
#2281 = CARTESIAN_POINT('',(30.,38.59,6.31));
#2282 = DIRECTION('',(-1.,0.,0.));
#2283 = DIRECTION('',(0.,-1.,0.));
#2284 = PCURVE('',#381,#2285);
#2285 = DEFINITIONAL_REPRESENTATION('',(#2286),#2290);
#2286 = CIRCLE('',#2287,1.79);
#2287 = AXIS2_PLACEMENT_2D('',#2288,#2289);
#2288 = CARTESIAN_POINT('',(85.59,-5.11));
#2289 = DIRECTION('',(-1.,0.));
#2290 = ( GEOMETRIC_REPRESENTATION_CONTEXT(2) 
PARAMETRIC_REPRESENTATION_CONTEXT() REPRESENTATION_CONTEXT('2D SPACE',''
  ) );
#2291 = PCURVE('',#2292,#2297);
#2292 = CYLINDRICAL_SURFACE('',#2293,1.79);
#2293 = AXIS2_PLACEMENT_3D('',#2294,#2295,#2296);
#2294 = CARTESIAN_POINT('',(29.5,38.59,6.31));
#2295 = DIRECTION('',(1.,-0.,-0.));
#2296 = DIRECTION('',(0.,-1.,0.));
#2297 = DEFINITIONAL_REPRESENTATION('',(#2298),#2302);
#2298 = LINE('',#2299,#2300);
#2299 = CARTESIAN_POINT('',(0.,0.5));
#2300 = VECTOR('',#2301,1.);
#2301 = DIRECTION('',(-1.,-0.));
#2302 = ( GEOMETRIC_REPRESENTATION_CONTEXT(2) 
PARAMETRIC_REPRESENTATION_CONTEXT() REPRESENTATION_CONTEXT('2D SPACE',''
  ) );
#2303 = ADVANCED_FACE('',(#2304),#499,.F.);
#2304 = FACE_BOUND('',#2305,.F.);
#2305 = EDGE_LOOP('',(#2306,#2335,#2356,#2357));
#2306 = ORIENTED_EDGE('',*,*,#2307,.F.);
#2307 = EDGE_CURVE('',#2308,#2308,#2310,.T.);
#2308 = VERTEX_POINT('',#2309);
#2309 = CARTESIAN_POINT('',(-26.8,-5.,6.7));
#2310 = SURFACE_CURVE('',#2311,(#2316,#2323),.PCURVE_S1.);
#2311 = CIRCLE('',#2312,0.8);
#2312 = AXIS2_PLACEMENT_3D('',#2313,#2314,#2315);
#2313 = CARTESIAN_POINT('',(-27.6,-5.,6.7));
#2314 = DIRECTION('',(0.,0.,1.));
#2315 = DIRECTION('',(1.,0.,-0.));
#2316 = PCURVE('',#499,#2317);
#2317 = DEFINITIONAL_REPRESENTATION('',(#2318),#2322);
#2318 = LINE('',#2319,#2320);
#2319 = CARTESIAN_POINT('',(0.,5.5));
#2320 = VECTOR('',#2321,1.);
#2321 = DIRECTION('',(1.,0.));
#2322 = ( GEOMETRIC_REPRESENTATION_CONTEXT(2) 
PARAMETRIC_REPRESENTATION_CONTEXT() REPRESENTATION_CONTEXT('2D SPACE',''
  ) );
#2323 = PCURVE('',#2324,#2329);
#2324 = PLANE('',#2325);
#2325 = AXIS2_PLACEMENT_3D('',#2326,#2327,#2328);
#2326 = CARTESIAN_POINT('',(-27.6,-5.,6.7));
#2327 = DIRECTION('',(0.,0.,1.));
#2328 = DIRECTION('',(1.,0.,-0.));
#2329 = DEFINITIONAL_REPRESENTATION('',(#2330),#2334);
#2330 = CIRCLE('',#2331,0.8);
#2331 = AXIS2_PLACEMENT_2D('',#2332,#2333);
#2332 = CARTESIAN_POINT('',(0.,0.));
#2333 = DIRECTION('',(1.,0.));
#2334 = ( GEOMETRIC_REPRESENTATION_CONTEXT(2) 
PARAMETRIC_REPRESENTATION_CONTEXT() REPRESENTATION_CONTEXT('2D SPACE',''
  ) );
#2335 = ORIENTED_EDGE('',*,*,#2336,.F.);
#2336 = EDGE_CURVE('',#483,#2308,#2337,.T.);
#2337 = SEAM_CURVE('',#2338,(#2342,#2349),.PCURVE_S1.);
#2338 = LINE('',#2339,#2340);
#2339 = CARTESIAN_POINT('',(-26.8,-5.,1.2));
#2340 = VECTOR('',#2341,1.);
#2341 = DIRECTION('',(0.,0.,1.));
#2342 = PCURVE('',#499,#2343);
#2343 = DEFINITIONAL_REPRESENTATION('',(#2344),#2348);
#2344 = LINE('',#2345,#2346);
#2345 = CARTESIAN_POINT('',(6.28318530718,-0.));
#2346 = VECTOR('',#2347,1.);
#2347 = DIRECTION('',(0.,1.));
#2348 = ( GEOMETRIC_REPRESENTATION_CONTEXT(2) 
PARAMETRIC_REPRESENTATION_CONTEXT() REPRESENTATION_CONTEXT('2D SPACE',''
  ) );
#2349 = PCURVE('',#499,#2350);
#2350 = DEFINITIONAL_REPRESENTATION('',(#2351),#2355);
#2351 = LINE('',#2352,#2353);
#2352 = CARTESIAN_POINT('',(0.,-0.));
#2353 = VECTOR('',#2354,1.);
#2354 = DIRECTION('',(0.,1.));
#2355 = ( GEOMETRIC_REPRESENTATION_CONTEXT(2) 
PARAMETRIC_REPRESENTATION_CONTEXT() REPRESENTATION_CONTEXT('2D SPACE',''
  ) );
#2356 = ORIENTED_EDGE('',*,*,#482,.T.);
#2357 = ORIENTED_EDGE('',*,*,#2336,.T.);
#2358 = ADVANCED_FACE('',(#2359),#530,.F.);
#2359 = FACE_BOUND('',#2360,.F.);
#2360 = EDGE_LOOP('',(#2361,#2390,#2411,#2412));
#2361 = ORIENTED_EDGE('',*,*,#2362,.F.);
#2362 = EDGE_CURVE('',#2363,#2363,#2365,.T.);
#2363 = VERTEX_POINT('',#2364);
#2364 = CARTESIAN_POINT('',(28.4,-5.,6.7));
#2365 = SURFACE_CURVE('',#2366,(#2371,#2378),.PCURVE_S1.);
#2366 = CIRCLE('',#2367,0.8);
#2367 = AXIS2_PLACEMENT_3D('',#2368,#2369,#2370);
#2368 = CARTESIAN_POINT('',(27.6,-5.,6.7));
#2369 = DIRECTION('',(0.,0.,1.));
#2370 = DIRECTION('',(1.,0.,-0.));
#2371 = PCURVE('',#530,#2372);
#2372 = DEFINITIONAL_REPRESENTATION('',(#2373),#2377);
#2373 = LINE('',#2374,#2375);
#2374 = CARTESIAN_POINT('',(0.,5.5));
#2375 = VECTOR('',#2376,1.);
#2376 = DIRECTION('',(1.,0.));
#2377 = ( GEOMETRIC_REPRESENTATION_CONTEXT(2) 
PARAMETRIC_REPRESENTATION_CONTEXT() REPRESENTATION_CONTEXT('2D SPACE',''
  ) );
#2378 = PCURVE('',#2379,#2384);
#2379 = PLANE('',#2380);
#2380 = AXIS2_PLACEMENT_3D('',#2381,#2382,#2383);
#2381 = CARTESIAN_POINT('',(27.6,-5.,6.7));
#2382 = DIRECTION('',(0.,0.,1.));
#2383 = DIRECTION('',(1.,0.,-0.));
#2384 = DEFINITIONAL_REPRESENTATION('',(#2385),#2389);
#2385 = CIRCLE('',#2386,0.8);
#2386 = AXIS2_PLACEMENT_2D('',#2387,#2388);
#2387 = CARTESIAN_POINT('',(0.,0.));
#2388 = DIRECTION('',(1.,0.));
#2389 = ( GEOMETRIC_REPRESENTATION_CONTEXT(2) 
PARAMETRIC_REPRESENTATION_CONTEXT() REPRESENTATION_CONTEXT('2D SPACE',''
  ) );
#2390 = ORIENTED_EDGE('',*,*,#2391,.F.);
#2391 = EDGE_CURVE('',#514,#2363,#2392,.T.);
#2392 = SEAM_CURVE('',#2393,(#2397,#2404),.PCURVE_S1.);
#2393 = LINE('',#2394,#2395);
#2394 = CARTESIAN_POINT('',(28.4,-5.,1.2));
#2395 = VECTOR('',#2396,1.);
#2396 = DIRECTION('',(0.,0.,1.));
#2397 = PCURVE('',#530,#2398);
#2398 = DEFINITIONAL_REPRESENTATION('',(#2399),#2403);
#2399 = LINE('',#2400,#2401);
#2400 = CARTESIAN_POINT('',(6.28318530718,-0.));
#2401 = VECTOR('',#2402,1.);
#2402 = DIRECTION('',(0.,1.));
#2403 = ( GEOMETRIC_REPRESENTATION_CONTEXT(2) 
PARAMETRIC_REPRESENTATION_CONTEXT() REPRESENTATION_CONTEXT('2D SPACE',''
  ) );
#2404 = PCURVE('',#530,#2405);
#2405 = DEFINITIONAL_REPRESENTATION('',(#2406),#2410);
#2406 = LINE('',#2407,#2408);
#2407 = CARTESIAN_POINT('',(0.,-0.));
#2408 = VECTOR('',#2409,1.);
#2409 = DIRECTION('',(0.,1.));
#2410 = ( GEOMETRIC_REPRESENTATION_CONTEXT(2) 
PARAMETRIC_REPRESENTATION_CONTEXT() REPRESENTATION_CONTEXT('2D SPACE',''
  ) );
#2411 = ORIENTED_EDGE('',*,*,#513,.T.);
#2412 = ORIENTED_EDGE('',*,*,#2391,.T.);
#2413 = ADVANCED_FACE('',(#2414),#563,.F.);
#2414 = FACE_BOUND('',#2415,.T.);
#2415 = EDGE_LOOP('',(#2416,#2439,#2468,#2489));
#2416 = ORIENTED_EDGE('',*,*,#2417,.T.);
#2417 = EDGE_CURVE('',#545,#2418,#2420,.T.);
#2418 = VERTEX_POINT('',#2419);
#2419 = CARTESIAN_POINT('',(-28.4,-47.,8.2));
#2420 = SURFACE_CURVE('',#2421,(#2425,#2432),.PCURVE_S1.);
#2421 = LINE('',#2422,#2423);
#2422 = CARTESIAN_POINT('',(-28.4,-47.,1.2));
#2423 = VECTOR('',#2424,1.);
#2424 = DIRECTION('',(0.,0.,1.));
#2425 = PCURVE('',#563,#2426);
#2426 = DEFINITIONAL_REPRESENTATION('',(#2427),#2431);
#2427 = LINE('',#2428,#2429);
#2428 = CARTESIAN_POINT('',(-3.14159265359,0.));
#2429 = VECTOR('',#2430,1.);
#2430 = DIRECTION('',(-0.,-1.));
#2431 = ( GEOMETRIC_REPRESENTATION_CONTEXT(2) 
PARAMETRIC_REPRESENTATION_CONTEXT() REPRESENTATION_CONTEXT('2D SPACE',''
  ) );
#2432 = PCURVE('',#591,#2433);
#2433 = DEFINITIONAL_REPRESENTATION('',(#2434),#2438);
#2434 = LINE('',#2435,#2436);
#2435 = CARTESIAN_POINT('',(0.,0.));
#2436 = VECTOR('',#2437,1.);
#2437 = DIRECTION('',(0.,-1.));
#2438 = ( GEOMETRIC_REPRESENTATION_CONTEXT(2) 
PARAMETRIC_REPRESENTATION_CONTEXT() REPRESENTATION_CONTEXT('2D SPACE',''
  ) );
#2439 = ORIENTED_EDGE('',*,*,#2440,.T.);
#2440 = EDGE_CURVE('',#2418,#2441,#2443,.T.);
#2441 = VERTEX_POINT('',#2442);
#2442 = CARTESIAN_POINT('',(-26.,-49.4,8.2));
#2443 = SURFACE_CURVE('',#2444,(#2449,#2456),.PCURVE_S1.);
#2444 = CIRCLE('',#2445,2.4);
#2445 = AXIS2_PLACEMENT_3D('',#2446,#2447,#2448);
#2446 = CARTESIAN_POINT('',(-26.,-47.,8.2));
#2447 = DIRECTION('',(0.,0.,1.));
#2448 = DIRECTION('',(1.,0.,0.));
#2449 = PCURVE('',#563,#2450);
#2450 = DEFINITIONAL_REPRESENTATION('',(#2451),#2455);
#2451 = LINE('',#2452,#2453);
#2452 = CARTESIAN_POINT('',(-0.,-7.));
#2453 = VECTOR('',#2454,1.);
#2454 = DIRECTION('',(-1.,0.));
#2455 = ( GEOMETRIC_REPRESENTATION_CONTEXT(2) 
PARAMETRIC_REPRESENTATION_CONTEXT() REPRESENTATION_CONTEXT('2D SPACE',''
  ) );
#2456 = PCURVE('',#2457,#2462);
#2457 = PLANE('',#2458);
#2458 = AXIS2_PLACEMENT_3D('',#2459,#2460,#2461);
#2459 = CARTESIAN_POINT('',(2.315165420953E-17,-5.938399304744E-15,8.2)
  );
#2460 = DIRECTION('',(0.,0.,1.));
#2461 = DIRECTION('',(1.,0.,0.));
#2462 = DEFINITIONAL_REPRESENTATION('',(#2463),#2467);
#2463 = CIRCLE('',#2464,2.4);
#2464 = AXIS2_PLACEMENT_2D('',#2465,#2466);
#2465 = CARTESIAN_POINT('',(-26.,-47.));
#2466 = DIRECTION('',(1.,0.));
#2467 = ( GEOMETRIC_REPRESENTATION_CONTEXT(2) 
PARAMETRIC_REPRESENTATION_CONTEXT() REPRESENTATION_CONTEXT('2D SPACE',''
  ) );
#2468 = ORIENTED_EDGE('',*,*,#2469,.F.);
#2469 = EDGE_CURVE('',#547,#2441,#2470,.T.);
#2470 = SURFACE_CURVE('',#2471,(#2475,#2482),.PCURVE_S1.);
#2471 = LINE('',#2472,#2473);
#2472 = CARTESIAN_POINT('',(-26.,-49.4,1.2));
#2473 = VECTOR('',#2474,1.);
#2474 = DIRECTION('',(0.,0.,1.));
#2475 = PCURVE('',#563,#2476);
#2476 = DEFINITIONAL_REPRESENTATION('',(#2477),#2481);
#2477 = LINE('',#2478,#2479);
#2478 = CARTESIAN_POINT('',(-4.712388980385,0.));
#2479 = VECTOR('',#2480,1.);
#2480 = DIRECTION('',(-0.,-1.));
#2481 = ( GEOMETRIC_REPRESENTATION_CONTEXT(2) 
PARAMETRIC_REPRESENTATION_CONTEXT() REPRESENTATION_CONTEXT('2D SPACE',''
  ) );
#2482 = PCURVE('',#985,#2483);
#2483 = DEFINITIONAL_REPRESENTATION('',(#2484),#2488);
#2484 = LINE('',#2485,#2486);
#2485 = CARTESIAN_POINT('',(0.,0.));
#2486 = VECTOR('',#2487,1.);
#2487 = DIRECTION('',(0.,-1.));
#2488 = ( GEOMETRIC_REPRESENTATION_CONTEXT(2) 
PARAMETRIC_REPRESENTATION_CONTEXT() REPRESENTATION_CONTEXT('2D SPACE',''
  ) );
#2489 = ORIENTED_EDGE('',*,*,#544,.F.);
#2490 = ADVANCED_FACE('',(#2491,#2539),#985,.T.);
#2491 = FACE_BOUND('',#2492,.T.);
#2492 = EDGE_LOOP('',(#2493,#2494,#2517,#2538));
#2493 = ORIENTED_EDGE('',*,*,#2469,.T.);
#2494 = ORIENTED_EDGE('',*,*,#2495,.T.);
#2495 = EDGE_CURVE('',#2441,#2496,#2498,.T.);
#2496 = VERTEX_POINT('',#2497);
#2497 = CARTESIAN_POINT('',(26.,-49.4,8.2));
#2498 = SURFACE_CURVE('',#2499,(#2503,#2510),.PCURVE_S1.);
#2499 = LINE('',#2500,#2501);
#2500 = CARTESIAN_POINT('',(0.,-49.4,8.2));
#2501 = VECTOR('',#2502,1.);
#2502 = DIRECTION('',(1.,0.,0.));
#2503 = PCURVE('',#985,#2504);
#2504 = DEFINITIONAL_REPRESENTATION('',(#2505),#2509);
#2505 = LINE('',#2506,#2507);
#2506 = CARTESIAN_POINT('',(26.,-7.));
#2507 = VECTOR('',#2508,1.);
#2508 = DIRECTION('',(1.,0.));
#2509 = ( GEOMETRIC_REPRESENTATION_CONTEXT(2) 
PARAMETRIC_REPRESENTATION_CONTEXT() REPRESENTATION_CONTEXT('2D SPACE',''
  ) );
#2510 = PCURVE('',#2457,#2511);
#2511 = DEFINITIONAL_REPRESENTATION('',(#2512),#2516);
#2512 = LINE('',#2513,#2514);
#2513 = CARTESIAN_POINT('',(-2.315165420953E-17,-49.4));
#2514 = VECTOR('',#2515,1.);
#2515 = DIRECTION('',(1.,0.));
#2516 = ( GEOMETRIC_REPRESENTATION_CONTEXT(2) 
PARAMETRIC_REPRESENTATION_CONTEXT() REPRESENTATION_CONTEXT('2D SPACE',''
  ) );
#2517 = ORIENTED_EDGE('',*,*,#2518,.F.);
#2518 = EDGE_CURVE('',#943,#2496,#2519,.T.);
#2519 = SURFACE_CURVE('',#2520,(#2524,#2531),.PCURVE_S1.);
#2520 = LINE('',#2521,#2522);
#2521 = CARTESIAN_POINT('',(26.,-49.4,1.2));
#2522 = VECTOR('',#2523,1.);
#2523 = DIRECTION('',(0.,0.,1.));
#2524 = PCURVE('',#985,#2525);
#2525 = DEFINITIONAL_REPRESENTATION('',(#2526),#2530);
#2526 = LINE('',#2527,#2528);
#2527 = CARTESIAN_POINT('',(52.,0.));
#2528 = VECTOR('',#2529,1.);
#2529 = DIRECTION('',(0.,-1.));
#2530 = ( GEOMETRIC_REPRESENTATION_CONTEXT(2) 
PARAMETRIC_REPRESENTATION_CONTEXT() REPRESENTATION_CONTEXT('2D SPACE',''
  ) );
#2531 = PCURVE('',#959,#2532);
#2532 = DEFINITIONAL_REPRESENTATION('',(#2533),#2537);
#2533 = LINE('',#2534,#2535);
#2534 = CARTESIAN_POINT('',(-4.712388980385,0.));
#2535 = VECTOR('',#2536,1.);
#2536 = DIRECTION('',(-0.,-1.));
#2537 = ( GEOMETRIC_REPRESENTATION_CONTEXT(2) 
PARAMETRIC_REPRESENTATION_CONTEXT() REPRESENTATION_CONTEXT('2D SPACE',''
  ) );
#2538 = ORIENTED_EDGE('',*,*,#971,.F.);
#2539 = FACE_BOUND('',#2540,.T.);
#2540 = EDGE_LOOP('',(#2541,#2572,#2598,#2627,#2653,#2682,#2708,#2737));
#2541 = ORIENTED_EDGE('',*,*,#2542,.F.);
#2542 = EDGE_CURVE('',#2543,#2545,#2547,.T.);
#2543 = VERTEX_POINT('',#2544);
#2544 = CARTESIAN_POINT('',(-2.3,-49.4,6.14));
#2545 = VERTEX_POINT('',#2546);
#2546 = CARTESIAN_POINT('',(-0.36,-49.4,8.08));
#2547 = SURFACE_CURVE('',#2548,(#2553,#2560),.PCURVE_S1.);
#2548 = CIRCLE('',#2549,1.94);
#2549 = AXIS2_PLACEMENT_3D('',#2550,#2551,#2552);
#2550 = CARTESIAN_POINT('',(-0.36,-49.4,6.14));
#2551 = DIRECTION('',(-0.,1.,0.));
#2552 = DIRECTION('',(1.,0.,0.));
#2553 = PCURVE('',#985,#2554);
#2554 = DEFINITIONAL_REPRESENTATION('',(#2555),#2559);
#2555 = CIRCLE('',#2556,1.94);
#2556 = AXIS2_PLACEMENT_2D('',#2557,#2558);
#2557 = CARTESIAN_POINT('',(25.64,-4.94));
#2558 = DIRECTION('',(1.,0.));
#2559 = ( GEOMETRIC_REPRESENTATION_CONTEXT(2) 
PARAMETRIC_REPRESENTATION_CONTEXT() REPRESENTATION_CONTEXT('2D SPACE',''
  ) );
#2560 = PCURVE('',#2561,#2566);
#2561 = CYLINDRICAL_SURFACE('',#2562,1.94);
#2562 = AXIS2_PLACEMENT_3D('',#2563,#2564,#2565);
#2563 = CARTESIAN_POINT('',(-0.36,-50.2,6.14));
#2564 = DIRECTION('',(-0.,1.,0.));
#2565 = DIRECTION('',(1.,0.,0.));
#2566 = DEFINITIONAL_REPRESENTATION('',(#2567),#2571);
#2567 = LINE('',#2568,#2569);
#2568 = CARTESIAN_POINT('',(0.,0.8));
#2569 = VECTOR('',#2570,1.);
#2570 = DIRECTION('',(1.,0.));
#2571 = ( GEOMETRIC_REPRESENTATION_CONTEXT(2) 
PARAMETRIC_REPRESENTATION_CONTEXT() REPRESENTATION_CONTEXT('2D SPACE',''
  ) );
#2572 = ORIENTED_EDGE('',*,*,#2573,.T.);
#2573 = EDGE_CURVE('',#2543,#2574,#2576,.T.);
#2574 = VERTEX_POINT('',#2575);
#2575 = CARTESIAN_POINT('',(-2.3,-49.4,6.12));
#2576 = SURFACE_CURVE('',#2577,(#2581,#2587),.PCURVE_S1.);
#2577 = LINE('',#2578,#2579);
#2578 = CARTESIAN_POINT('',(-2.3,-49.4,3.67));
#2579 = VECTOR('',#2580,1.);
#2580 = DIRECTION('',(0.,0.,-1.));
#2581 = PCURVE('',#985,#2582);
#2582 = DEFINITIONAL_REPRESENTATION('',(#2583),#2586);
#2583 = B_SPLINE_CURVE_WITH_KNOTS('',1,(#2584,#2585),.UNSPECIFIED.,.F.,
  .F.,(2,2),(-2.47,-2.45),.PIECEWISE_BEZIER_KNOTS.);
#2584 = CARTESIAN_POINT('',(23.7,-4.94));
#2585 = CARTESIAN_POINT('',(23.7,-4.92));
#2586 = ( GEOMETRIC_REPRESENTATION_CONTEXT(2) 
PARAMETRIC_REPRESENTATION_CONTEXT() REPRESENTATION_CONTEXT('2D SPACE',''
  ) );
#2587 = PCURVE('',#2588,#2593);
#2588 = PLANE('',#2589);
#2589 = AXIS2_PLACEMENT_3D('',#2590,#2591,#2592);
#2590 = CARTESIAN_POINT('',(-2.3,-50.2,6.14));
#2591 = DIRECTION('',(1.,0.,0.));
#2592 = DIRECTION('',(0.,0.,-1.));
#2593 = DEFINITIONAL_REPRESENTATION('',(#2594),#2597);
#2594 = B_SPLINE_CURVE_WITH_KNOTS('',1,(#2595,#2596),.UNSPECIFIED.,.F.,
  .F.,(2,2),(-2.47,-2.45),.PIECEWISE_BEZIER_KNOTS.);
#2595 = CARTESIAN_POINT('',(0.,0.8));
#2596 = CARTESIAN_POINT('',(2.E-02,0.8));
#2597 = ( GEOMETRIC_REPRESENTATION_CONTEXT(2) 
PARAMETRIC_REPRESENTATION_CONTEXT() REPRESENTATION_CONTEXT('2D SPACE',''
  ) );
#2598 = ORIENTED_EDGE('',*,*,#2599,.F.);
#2599 = EDGE_CURVE('',#2600,#2574,#2602,.T.);
#2600 = VERTEX_POINT('',#2601);
#2601 = CARTESIAN_POINT('',(-0.36,-49.4,4.18));
#2602 = SURFACE_CURVE('',#2603,(#2608,#2615),.PCURVE_S1.);
#2603 = CIRCLE('',#2604,1.94);
#2604 = AXIS2_PLACEMENT_3D('',#2605,#2606,#2607);
#2605 = CARTESIAN_POINT('',(-0.36,-49.4,6.12));
#2606 = DIRECTION('',(-0.,1.,0.));
#2607 = DIRECTION('',(1.,0.,0.));
#2608 = PCURVE('',#985,#2609);
#2609 = DEFINITIONAL_REPRESENTATION('',(#2610),#2614);
#2610 = CIRCLE('',#2611,1.94);
#2611 = AXIS2_PLACEMENT_2D('',#2612,#2613);
#2612 = CARTESIAN_POINT('',(25.64,-4.92));
#2613 = DIRECTION('',(1.,0.));
#2614 = ( GEOMETRIC_REPRESENTATION_CONTEXT(2) 
PARAMETRIC_REPRESENTATION_CONTEXT() REPRESENTATION_CONTEXT('2D SPACE',''
  ) );
#2615 = PCURVE('',#2616,#2621);
#2616 = CYLINDRICAL_SURFACE('',#2617,1.94);
#2617 = AXIS2_PLACEMENT_3D('',#2618,#2619,#2620);
#2618 = CARTESIAN_POINT('',(-0.36,-50.2,6.12));
#2619 = DIRECTION('',(-0.,1.,0.));
#2620 = DIRECTION('',(1.,0.,0.));
#2621 = DEFINITIONAL_REPRESENTATION('',(#2622),#2626);
#2622 = LINE('',#2623,#2624);
#2623 = CARTESIAN_POINT('',(0.,0.8));
#2624 = VECTOR('',#2625,1.);
#2625 = DIRECTION('',(1.,0.));
#2626 = ( GEOMETRIC_REPRESENTATION_CONTEXT(2) 
PARAMETRIC_REPRESENTATION_CONTEXT() REPRESENTATION_CONTEXT('2D SPACE',''
  ) );
#2627 = ORIENTED_EDGE('',*,*,#2628,.T.);
#2628 = EDGE_CURVE('',#2600,#2629,#2631,.T.);
#2629 = VERTEX_POINT('',#2630);
#2630 = CARTESIAN_POINT('',(5.16,-49.4,4.18));
#2631 = SURFACE_CURVE('',#2632,(#2636,#2642),.PCURVE_S1.);
#2632 = LINE('',#2633,#2634);
#2633 = CARTESIAN_POINT('',(-13.18,-49.4,4.18));
#2634 = VECTOR('',#2635,1.);
#2635 = DIRECTION('',(1.,0.,-0.));
#2636 = PCURVE('',#985,#2637);
#2637 = DEFINITIONAL_REPRESENTATION('',(#2638),#2641);
#2638 = B_SPLINE_CURVE_WITH_KNOTS('',1,(#2639,#2640),.UNSPECIFIED.,.F.,
  .F.,(2,2),(12.82,18.34),.PIECEWISE_BEZIER_KNOTS.);
#2639 = CARTESIAN_POINT('',(25.64,-2.98));
#2640 = CARTESIAN_POINT('',(31.16,-2.98));
#2641 = ( GEOMETRIC_REPRESENTATION_CONTEXT(2) 
PARAMETRIC_REPRESENTATION_CONTEXT() REPRESENTATION_CONTEXT('2D SPACE',''
  ) );
#2642 = PCURVE('',#2643,#2648);
#2643 = PLANE('',#2644);
#2644 = AXIS2_PLACEMENT_3D('',#2645,#2646,#2647);
#2645 = CARTESIAN_POINT('',(-0.36,-50.2,4.18));
#2646 = DIRECTION('',(0.,-0.,1.));
#2647 = DIRECTION('',(1.,0.,0.));
#2648 = DEFINITIONAL_REPRESENTATION('',(#2649),#2652);
#2649 = B_SPLINE_CURVE_WITH_KNOTS('',1,(#2650,#2651),.UNSPECIFIED.,.F.,
  .F.,(2,2),(12.82,18.34),.PIECEWISE_BEZIER_KNOTS.);
#2650 = CARTESIAN_POINT('',(0.,0.8));
#2651 = CARTESIAN_POINT('',(5.52,0.8));
#2652 = ( GEOMETRIC_REPRESENTATION_CONTEXT(2) 
PARAMETRIC_REPRESENTATION_CONTEXT() REPRESENTATION_CONTEXT('2D SPACE',''
  ) );
#2653 = ORIENTED_EDGE('',*,*,#2654,.F.);
#2654 = EDGE_CURVE('',#2655,#2629,#2657,.T.);
#2655 = VERTEX_POINT('',#2656);
#2656 = CARTESIAN_POINT('',(7.1,-49.4,6.12));
#2657 = SURFACE_CURVE('',#2658,(#2663,#2670),.PCURVE_S1.);
#2658 = CIRCLE('',#2659,1.94);
#2659 = AXIS2_PLACEMENT_3D('',#2660,#2661,#2662);
#2660 = CARTESIAN_POINT('',(5.16,-49.4,6.12));
#2661 = DIRECTION('',(-0.,1.,0.));
#2662 = DIRECTION('',(1.,0.,0.));
#2663 = PCURVE('',#985,#2664);
#2664 = DEFINITIONAL_REPRESENTATION('',(#2665),#2669);
#2665 = CIRCLE('',#2666,1.94);
#2666 = AXIS2_PLACEMENT_2D('',#2667,#2668);
#2667 = CARTESIAN_POINT('',(31.16,-4.92));
#2668 = DIRECTION('',(1.,0.));
#2669 = ( GEOMETRIC_REPRESENTATION_CONTEXT(2) 
PARAMETRIC_REPRESENTATION_CONTEXT() REPRESENTATION_CONTEXT('2D SPACE',''
  ) );
#2670 = PCURVE('',#2671,#2676);
#2671 = CYLINDRICAL_SURFACE('',#2672,1.94);
#2672 = AXIS2_PLACEMENT_3D('',#2673,#2674,#2675);
#2673 = CARTESIAN_POINT('',(5.16,-50.2,6.12));
#2674 = DIRECTION('',(-0.,1.,0.));
#2675 = DIRECTION('',(1.,0.,0.));
#2676 = DEFINITIONAL_REPRESENTATION('',(#2677),#2681);
#2677 = LINE('',#2678,#2679);
#2678 = CARTESIAN_POINT('',(0.,0.8));
#2679 = VECTOR('',#2680,1.);
#2680 = DIRECTION('',(1.,0.));
#2681 = ( GEOMETRIC_REPRESENTATION_CONTEXT(2) 
PARAMETRIC_REPRESENTATION_CONTEXT() REPRESENTATION_CONTEXT('2D SPACE',''
  ) );
#2682 = ORIENTED_EDGE('',*,*,#2683,.F.);
#2683 = EDGE_CURVE('',#2684,#2655,#2686,.T.);
#2684 = VERTEX_POINT('',#2685);
#2685 = CARTESIAN_POINT('',(7.1,-49.4,6.14));
#2686 = SURFACE_CURVE('',#2687,(#2691,#2697),.PCURVE_S1.);
#2687 = LINE('',#2688,#2689);
#2688 = CARTESIAN_POINT('',(7.1,-49.4,3.67));
#2689 = VECTOR('',#2690,1.);
#2690 = DIRECTION('',(0.,0.,-1.));
#2691 = PCURVE('',#985,#2692);
#2692 = DEFINITIONAL_REPRESENTATION('',(#2693),#2696);
#2693 = B_SPLINE_CURVE_WITH_KNOTS('',1,(#2694,#2695),.UNSPECIFIED.,.F.,
  .F.,(2,2),(-2.47,-2.45),.PIECEWISE_BEZIER_KNOTS.);
#2694 = CARTESIAN_POINT('',(33.1,-4.94));
#2695 = CARTESIAN_POINT('',(33.1,-4.92));
#2696 = ( GEOMETRIC_REPRESENTATION_CONTEXT(2) 
PARAMETRIC_REPRESENTATION_CONTEXT() REPRESENTATION_CONTEXT('2D SPACE',''
  ) );
#2697 = PCURVE('',#2698,#2703);
#2698 = PLANE('',#2699);
#2699 = AXIS2_PLACEMENT_3D('',#2700,#2701,#2702);
#2700 = CARTESIAN_POINT('',(7.1,-50.2,6.14));
#2701 = DIRECTION('',(1.,0.,0.));
#2702 = DIRECTION('',(0.,0.,-1.));
#2703 = DEFINITIONAL_REPRESENTATION('',(#2704),#2707);
#2704 = B_SPLINE_CURVE_WITH_KNOTS('',1,(#2705,#2706),.UNSPECIFIED.,.F.,
  .F.,(2,2),(-2.47,-2.45),.PIECEWISE_BEZIER_KNOTS.);
#2705 = CARTESIAN_POINT('',(0.,0.8));
#2706 = CARTESIAN_POINT('',(2.E-02,0.8));
#2707 = ( GEOMETRIC_REPRESENTATION_CONTEXT(2) 
PARAMETRIC_REPRESENTATION_CONTEXT() REPRESENTATION_CONTEXT('2D SPACE',''
  ) );
#2708 = ORIENTED_EDGE('',*,*,#2709,.F.);
#2709 = EDGE_CURVE('',#2710,#2684,#2712,.T.);
#2710 = VERTEX_POINT('',#2711);
#2711 = CARTESIAN_POINT('',(5.16,-49.4,8.08));
#2712 = SURFACE_CURVE('',#2713,(#2718,#2725),.PCURVE_S1.);
#2713 = CIRCLE('',#2714,1.94);
#2714 = AXIS2_PLACEMENT_3D('',#2715,#2716,#2717);
#2715 = CARTESIAN_POINT('',(5.16,-49.4,6.14));
#2716 = DIRECTION('',(-0.,1.,0.));
#2717 = DIRECTION('',(1.,0.,0.));
#2718 = PCURVE('',#985,#2719);
#2719 = DEFINITIONAL_REPRESENTATION('',(#2720),#2724);
#2720 = CIRCLE('',#2721,1.94);
#2721 = AXIS2_PLACEMENT_2D('',#2722,#2723);
#2722 = CARTESIAN_POINT('',(31.16,-4.94));
#2723 = DIRECTION('',(1.,0.));
#2724 = ( GEOMETRIC_REPRESENTATION_CONTEXT(2) 
PARAMETRIC_REPRESENTATION_CONTEXT() REPRESENTATION_CONTEXT('2D SPACE',''
  ) );
#2725 = PCURVE('',#2726,#2731);
#2726 = CYLINDRICAL_SURFACE('',#2727,1.94);
#2727 = AXIS2_PLACEMENT_3D('',#2728,#2729,#2730);
#2728 = CARTESIAN_POINT('',(5.16,-50.2,6.14));
#2729 = DIRECTION('',(-0.,1.,0.));
#2730 = DIRECTION('',(1.,0.,0.));
#2731 = DEFINITIONAL_REPRESENTATION('',(#2732),#2736);
#2732 = LINE('',#2733,#2734);
#2733 = CARTESIAN_POINT('',(0.,0.8));
#2734 = VECTOR('',#2735,1.);
#2735 = DIRECTION('',(1.,0.));
#2736 = ( GEOMETRIC_REPRESENTATION_CONTEXT(2) 
PARAMETRIC_REPRESENTATION_CONTEXT() REPRESENTATION_CONTEXT('2D SPACE',''
  ) );
#2737 = ORIENTED_EDGE('',*,*,#2738,.F.);
#2738 = EDGE_CURVE('',#2545,#2710,#2739,.T.);
#2739 = SURFACE_CURVE('',#2740,(#2744,#2750),.PCURVE_S1.);
#2740 = LINE('',#2741,#2742);
#2741 = CARTESIAN_POINT('',(-13.18,-49.4,8.08));
#2742 = VECTOR('',#2743,1.);
#2743 = DIRECTION('',(1.,0.,-0.));
#2744 = PCURVE('',#985,#2745);
#2745 = DEFINITIONAL_REPRESENTATION('',(#2746),#2749);
#2746 = B_SPLINE_CURVE_WITH_KNOTS('',1,(#2747,#2748),.UNSPECIFIED.,.F.,
  .F.,(2,2),(12.82,18.34),.PIECEWISE_BEZIER_KNOTS.);
#2747 = CARTESIAN_POINT('',(25.64,-6.88));
#2748 = CARTESIAN_POINT('',(31.16,-6.88));
#2749 = ( GEOMETRIC_REPRESENTATION_CONTEXT(2) 
PARAMETRIC_REPRESENTATION_CONTEXT() REPRESENTATION_CONTEXT('2D SPACE',''
  ) );
#2750 = PCURVE('',#2751,#2756);
#2751 = PLANE('',#2752);
#2752 = AXIS2_PLACEMENT_3D('',#2753,#2754,#2755);
#2753 = CARTESIAN_POINT('',(-0.36,-50.2,8.08));
#2754 = DIRECTION('',(0.,-0.,1.));
#2755 = DIRECTION('',(1.,0.,0.));
#2756 = DEFINITIONAL_REPRESENTATION('',(#2757),#2760);
#2757 = B_SPLINE_CURVE_WITH_KNOTS('',1,(#2758,#2759),.UNSPECIFIED.,.F.,
  .F.,(2,2),(12.82,18.34),.PIECEWISE_BEZIER_KNOTS.);
#2758 = CARTESIAN_POINT('',(0.,0.8));
#2759 = CARTESIAN_POINT('',(5.52,0.8));
#2760 = ( GEOMETRIC_REPRESENTATION_CONTEXT(2) 
PARAMETRIC_REPRESENTATION_CONTEXT() REPRESENTATION_CONTEXT('2D SPACE',''
  ) );
#2761 = ADVANCED_FACE('',(#2762),#959,.F.);
#2762 = FACE_BOUND('',#2763,.T.);
#2763 = EDGE_LOOP('',(#2764,#2765,#2789,#2810));
#2764 = ORIENTED_EDGE('',*,*,#2518,.T.);
#2765 = ORIENTED_EDGE('',*,*,#2766,.T.);
#2766 = EDGE_CURVE('',#2496,#2767,#2769,.T.);
#2767 = VERTEX_POINT('',#2768);
#2768 = CARTESIAN_POINT('',(28.4,-47.,8.2));
#2769 = SURFACE_CURVE('',#2770,(#2775,#2782),.PCURVE_S1.);
#2770 = CIRCLE('',#2771,2.4);
#2771 = AXIS2_PLACEMENT_3D('',#2772,#2773,#2774);
#2772 = CARTESIAN_POINT('',(26.,-47.,8.2));
#2773 = DIRECTION('',(0.,0.,1.));
#2774 = DIRECTION('',(1.,0.,0.));
#2775 = PCURVE('',#959,#2776);
#2776 = DEFINITIONAL_REPRESENTATION('',(#2777),#2781);
#2777 = LINE('',#2778,#2779);
#2778 = CARTESIAN_POINT('',(-0.,-7.));
#2779 = VECTOR('',#2780,1.);
#2780 = DIRECTION('',(-1.,0.));
#2781 = ( GEOMETRIC_REPRESENTATION_CONTEXT(2) 
PARAMETRIC_REPRESENTATION_CONTEXT() REPRESENTATION_CONTEXT('2D SPACE',''
  ) );
#2782 = PCURVE('',#2457,#2783);
#2783 = DEFINITIONAL_REPRESENTATION('',(#2784),#2788);
#2784 = CIRCLE('',#2785,2.4);
#2785 = AXIS2_PLACEMENT_2D('',#2786,#2787);
#2786 = CARTESIAN_POINT('',(26.,-47.));
#2787 = DIRECTION('',(1.,0.));
#2788 = ( GEOMETRIC_REPRESENTATION_CONTEXT(2) 
PARAMETRIC_REPRESENTATION_CONTEXT() REPRESENTATION_CONTEXT('2D SPACE',''
  ) );
#2789 = ORIENTED_EDGE('',*,*,#2790,.F.);
#2790 = EDGE_CURVE('',#915,#2767,#2791,.T.);
#2791 = SURFACE_CURVE('',#2792,(#2796,#2803),.PCURVE_S1.);
#2792 = LINE('',#2793,#2794);
#2793 = CARTESIAN_POINT('',(28.4,-47.,1.2));
#2794 = VECTOR('',#2795,1.);
#2795 = DIRECTION('',(0.,0.,1.));
#2796 = PCURVE('',#959,#2797);
#2797 = DEFINITIONAL_REPRESENTATION('',(#2798),#2802);
#2798 = LINE('',#2799,#2800);
#2799 = CARTESIAN_POINT('',(-6.28318530718,0.));
#2800 = VECTOR('',#2801,1.);
#2801 = DIRECTION('',(-0.,-1.));
#2802 = ( GEOMETRIC_REPRESENTATION_CONTEXT(2) 
PARAMETRIC_REPRESENTATION_CONTEXT() REPRESENTATION_CONTEXT('2D SPACE',''
  ) );
#2803 = PCURVE('',#930,#2804);
#2804 = DEFINITIONAL_REPRESENTATION('',(#2805),#2809);
#2805 = LINE('',#2806,#2807);
#2806 = CARTESIAN_POINT('',(0.,0.));
#2807 = VECTOR('',#2808,1.);
#2808 = DIRECTION('',(0.,-1.));
#2809 = ( GEOMETRIC_REPRESENTATION_CONTEXT(2) 
PARAMETRIC_REPRESENTATION_CONTEXT() REPRESENTATION_CONTEXT('2D SPACE',''
  ) );
#2810 = ORIENTED_EDGE('',*,*,#942,.F.);
#2811 = ADVANCED_FACE('',(#2812),#930,.T.);
#2812 = FACE_BOUND('',#2813,.T.);
#2813 = EDGE_LOOP('',(#2814,#2815,#2816,#2839));
#2814 = ORIENTED_EDGE('',*,*,#914,.F.);
#2815 = ORIENTED_EDGE('',*,*,#2790,.T.);
#2816 = ORIENTED_EDGE('',*,*,#2817,.T.);
#2817 = EDGE_CURVE('',#2767,#2818,#2820,.T.);
#2818 = VERTEX_POINT('',#2819);
#2819 = CARTESIAN_POINT('',(28.4,-6.385640646055,8.2));
#2820 = SURFACE_CURVE('',#2821,(#2825,#2832),.PCURVE_S1.);
#2821 = LINE('',#2822,#2823);
#2822 = CARTESIAN_POINT('',(28.4,0.,8.2));
#2823 = VECTOR('',#2824,1.);
#2824 = DIRECTION('',(0.,1.,0.));
#2825 = PCURVE('',#930,#2826);
#2826 = DEFINITIONAL_REPRESENTATION('',(#2827),#2831);
#2827 = LINE('',#2828,#2829);
#2828 = CARTESIAN_POINT('',(47.,-7.));
#2829 = VECTOR('',#2830,1.);
#2830 = DIRECTION('',(1.,0.));
#2831 = ( GEOMETRIC_REPRESENTATION_CONTEXT(2) 
PARAMETRIC_REPRESENTATION_CONTEXT() REPRESENTATION_CONTEXT('2D SPACE',''
  ) );
#2832 = PCURVE('',#2457,#2833);
#2833 = DEFINITIONAL_REPRESENTATION('',(#2834),#2838);
#2834 = LINE('',#2835,#2836);
#2835 = CARTESIAN_POINT('',(28.4,5.938399304744E-15));
#2836 = VECTOR('',#2837,1.);
#2837 = DIRECTION('',(0.,1.));
#2838 = ( GEOMETRIC_REPRESENTATION_CONTEXT(2) 
PARAMETRIC_REPRESENTATION_CONTEXT() REPRESENTATION_CONTEXT('2D SPACE',''
  ) );
#2839 = ORIENTED_EDGE('',*,*,#2840,.F.);
#2840 = EDGE_CURVE('',#886,#2818,#2841,.T.);
#2841 = SURFACE_CURVE('',#2842,(#2846,#2852),.PCURVE_S1.);
#2842 = LINE('',#2843,#2844);
#2843 = CARTESIAN_POINT('',(28.4,-6.385640646055,1.2));
#2844 = VECTOR('',#2845,1.);
#2845 = DIRECTION('',(0.,0.,1.));
#2846 = PCURVE('',#930,#2847);
#2847 = DEFINITIONAL_REPRESENTATION('',(#2848),#2851);
#2848 = B_SPLINE_CURVE_WITH_KNOTS('',1,(#2849,#2850),.UNSPECIFIED.,.F.,
  .F.,(2,2),(-2.400000000069E-06,7.0000024),.PIECEWISE_BEZIER_KNOTS.);
#2849 = CARTESIAN_POINT('',(40.614359353945,2.399999999847E-06));
#2850 = CARTESIAN_POINT('',(40.614359353945,-7.0000024));
#2851 = ( GEOMETRIC_REPRESENTATION_CONTEXT(2) 
PARAMETRIC_REPRESENTATION_CONTEXT() REPRESENTATION_CONTEXT('2D SPACE',''
  ) );
#2852 = PCURVE('',#902,#2853);
#2853 = DEFINITIONAL_REPRESENTATION('',(#2854),#2857);
#2854 = B_SPLINE_CURVE_WITH_KNOTS('',1,(#2855,#2856),.UNSPECIFIED.,.F.,
  .F.,(2,2),(-2.400000000069E-06,7.0000024),.PIECEWISE_BEZIER_KNOTS.);
#2855 = CARTESIAN_POINT('',(5.235987755983,-2.400000000069E-06));
#2856 = CARTESIAN_POINT('',(5.235987755983,7.0000024));
#2857 = ( GEOMETRIC_REPRESENTATION_CONTEXT(2) 
PARAMETRIC_REPRESENTATION_CONTEXT() REPRESENTATION_CONTEXT('2D SPACE',''
  ) );
#2858 = ADVANCED_FACE('',(#2859),#902,.T.);
#2859 = FACE_BOUND('',#2860,.T.);
#2860 = EDGE_LOOP('',(#2861,#2885,#2904,#2905));
#2861 = ORIENTED_EDGE('',*,*,#2862,.F.);
#2862 = EDGE_CURVE('',#2863,#2818,#2865,.T.);
#2863 = VERTEX_POINT('',#2864);
#2864 = CARTESIAN_POINT('',(28.4,-3.614359353945,8.2));
#2865 = SURFACE_CURVE('',#2866,(#2871,#2878),.PCURVE_S1.);
#2866 = CIRCLE('',#2867,1.6);
#2867 = AXIS2_PLACEMENT_3D('',#2868,#2869,#2870);
#2868 = CARTESIAN_POINT('',(27.6,-5.,8.2));
#2869 = DIRECTION('',(0.,0.,1.));
#2870 = DIRECTION('',(1.,0.,-0.));
#2871 = PCURVE('',#902,#2872);
#2872 = DEFINITIONAL_REPRESENTATION('',(#2873),#2877);
#2873 = LINE('',#2874,#2875);
#2874 = CARTESIAN_POINT('',(0.,7.));
#2875 = VECTOR('',#2876,1.);
#2876 = DIRECTION('',(1.,0.));
#2877 = ( GEOMETRIC_REPRESENTATION_CONTEXT(2) 
PARAMETRIC_REPRESENTATION_CONTEXT() REPRESENTATION_CONTEXT('2D SPACE',''
  ) );
#2878 = PCURVE('',#2457,#2879);
#2879 = DEFINITIONAL_REPRESENTATION('',(#2880),#2884);
#2880 = CIRCLE('',#2881,1.6);
#2881 = AXIS2_PLACEMENT_2D('',#2882,#2883);
#2882 = CARTESIAN_POINT('',(27.6,-5.));
#2883 = DIRECTION('',(1.,0.));
#2884 = ( GEOMETRIC_REPRESENTATION_CONTEXT(2) 
PARAMETRIC_REPRESENTATION_CONTEXT() REPRESENTATION_CONTEXT('2D SPACE',''
  ) );
#2885 = ORIENTED_EDGE('',*,*,#2886,.F.);
#2886 = EDGE_CURVE('',#858,#2863,#2887,.T.);
#2887 = SURFACE_CURVE('',#2888,(#2892,#2898),.PCURVE_S1.);
#2888 = LINE('',#2889,#2890);
#2889 = CARTESIAN_POINT('',(28.4,-3.614359353945,1.2));
#2890 = VECTOR('',#2891,1.);
#2891 = DIRECTION('',(0.,0.,1.));
#2892 = PCURVE('',#902,#2893);
#2893 = DEFINITIONAL_REPRESENTATION('',(#2894),#2897);
#2894 = B_SPLINE_CURVE_WITH_KNOTS('',1,(#2895,#2896),.UNSPECIFIED.,.F.,
  .F.,(2,2),(-2.400000000069E-06,7.0000024),.PIECEWISE_BEZIER_KNOTS.);
#2895 = CARTESIAN_POINT('',(1.047197551197,-2.400000000069E-06));
#2896 = CARTESIAN_POINT('',(1.047197551197,7.0000024));
#2897 = ( GEOMETRIC_REPRESENTATION_CONTEXT(2) 
PARAMETRIC_REPRESENTATION_CONTEXT() REPRESENTATION_CONTEXT('2D SPACE',''
  ) );
#2898 = PCURVE('',#873,#2899);
#2899 = DEFINITIONAL_REPRESENTATION('',(#2900),#2903);
#2900 = B_SPLINE_CURVE_WITH_KNOTS('',1,(#2901,#2902),.UNSPECIFIED.,.F.,
  .F.,(2,2),(-2.400000000069E-06,7.0000024),.PIECEWISE_BEZIER_KNOTS.);
#2901 = CARTESIAN_POINT('',(43.385640646055,2.399999999847E-06));
#2902 = CARTESIAN_POINT('',(43.385640646055,-7.0000024));
#2903 = ( GEOMETRIC_REPRESENTATION_CONTEXT(2) 
PARAMETRIC_REPRESENTATION_CONTEXT() REPRESENTATION_CONTEXT('2D SPACE',''
  ) );
#2904 = ORIENTED_EDGE('',*,*,#885,.T.);
#2905 = ORIENTED_EDGE('',*,*,#2840,.T.);
#2906 = ADVANCED_FACE('',(#2907,#2955,#2990),#873,.T.);
#2907 = FACE_BOUND('',#2908,.T.);
#2908 = EDGE_LOOP('',(#2909,#2910,#2911,#2934));
#2909 = ORIENTED_EDGE('',*,*,#857,.F.);
#2910 = ORIENTED_EDGE('',*,*,#2886,.T.);
#2911 = ORIENTED_EDGE('',*,*,#2912,.T.);
#2912 = EDGE_CURVE('',#2863,#2913,#2915,.T.);
#2913 = VERTEX_POINT('',#2914);
#2914 = CARTESIAN_POINT('',(28.4,47.,8.2));
#2915 = SURFACE_CURVE('',#2916,(#2920,#2927),.PCURVE_S1.);
#2916 = LINE('',#2917,#2918);
#2917 = CARTESIAN_POINT('',(28.4,0.,8.2));
#2918 = VECTOR('',#2919,1.);
#2919 = DIRECTION('',(0.,1.,0.));
#2920 = PCURVE('',#873,#2921);
#2921 = DEFINITIONAL_REPRESENTATION('',(#2922),#2926);
#2922 = LINE('',#2923,#2924);
#2923 = CARTESIAN_POINT('',(47.,-7.));
#2924 = VECTOR('',#2925,1.);
#2925 = DIRECTION('',(1.,0.));
#2926 = ( GEOMETRIC_REPRESENTATION_CONTEXT(2) 
PARAMETRIC_REPRESENTATION_CONTEXT() REPRESENTATION_CONTEXT('2D SPACE',''
  ) );
#2927 = PCURVE('',#2457,#2928);
#2928 = DEFINITIONAL_REPRESENTATION('',(#2929),#2933);
#2929 = LINE('',#2930,#2931);
#2930 = CARTESIAN_POINT('',(28.4,5.938399304744E-15));
#2931 = VECTOR('',#2932,1.);
#2932 = DIRECTION('',(0.,1.));
#2933 = ( GEOMETRIC_REPRESENTATION_CONTEXT(2) 
PARAMETRIC_REPRESENTATION_CONTEXT() REPRESENTATION_CONTEXT('2D SPACE',''
  ) );
#2934 = ORIENTED_EDGE('',*,*,#2935,.F.);
#2935 = EDGE_CURVE('',#829,#2913,#2936,.T.);
#2936 = SURFACE_CURVE('',#2937,(#2941,#2948),.PCURVE_S1.);
#2937 = LINE('',#2938,#2939);
#2938 = CARTESIAN_POINT('',(28.4,47.,1.2));
#2939 = VECTOR('',#2940,1.);
#2940 = DIRECTION('',(0.,0.,1.));
#2941 = PCURVE('',#873,#2942);
#2942 = DEFINITIONAL_REPRESENTATION('',(#2943),#2947);
#2943 = LINE('',#2944,#2945);
#2944 = CARTESIAN_POINT('',(94.,0.));
#2945 = VECTOR('',#2946,1.);
#2946 = DIRECTION('',(0.,-1.));
#2947 = ( GEOMETRIC_REPRESENTATION_CONTEXT(2) 
PARAMETRIC_REPRESENTATION_CONTEXT() REPRESENTATION_CONTEXT('2D SPACE',''
  ) );
#2948 = PCURVE('',#845,#2949);
#2949 = DEFINITIONAL_REPRESENTATION('',(#2950),#2954);
#2950 = LINE('',#2951,#2952);
#2951 = CARTESIAN_POINT('',(-0.,0.));
#2952 = VECTOR('',#2953,1.);
#2953 = DIRECTION('',(-0.,-1.));
#2954 = ( GEOMETRIC_REPRESENTATION_CONTEXT(2) 
PARAMETRIC_REPRESENTATION_CONTEXT() REPRESENTATION_CONTEXT('2D SPACE',''
  ) );
#2955 = FACE_BOUND('',#2956,.T.);
#2956 = EDGE_LOOP('',(#2957));
#2957 = ORIENTED_EDGE('',*,*,#2958,.T.);
#2958 = EDGE_CURVE('',#2959,#2959,#2961,.T.);
#2959 = VERTEX_POINT('',#2960);
#2960 = CARTESIAN_POINT('',(28.4,31.1,4.68));
#2961 = SURFACE_CURVE('',#2962,(#2967,#2978),.PCURVE_S1.);
#2962 = CIRCLE('',#2963,1.75);
#2963 = AXIS2_PLACEMENT_3D('',#2964,#2965,#2966);
#2964 = CARTESIAN_POINT('',(28.4,31.1,6.43));
#2965 = DIRECTION('',(1.,0.,2.22044604925E-16));
#2966 = DIRECTION('',(2.22044604925E-16,0.,-1.));
#2967 = PCURVE('',#873,#2968);
#2968 = DEFINITIONAL_REPRESENTATION('',(#2969),#2977);
#2969 = ( BOUNDED_CURVE() B_SPLINE_CURVE(2,(#2970,#2971,#2972,#2973,
#2974,#2975,#2976),.UNSPECIFIED.,.T.,.F.) B_SPLINE_CURVE_WITH_KNOTS((1,2
    ,2,2,2,1),(-2.094395102393,0.,2.094395102393,4.188790204786,
6.28318530718,8.377580409573),.UNSPECIFIED.) CURVE() 
GEOMETRIC_REPRESENTATION_ITEM() RATIONAL_B_SPLINE_CURVE((1.,0.5,1.,0.5,
1.,0.5,1.)) REPRESENTATION_ITEM('') );
#2970 = CARTESIAN_POINT('',(78.1,-3.48));
#2971 = CARTESIAN_POINT('',(81.131088913246,-3.48));
#2972 = CARTESIAN_POINT('',(79.615544456623,-6.105));
#2973 = CARTESIAN_POINT('',(78.1,-8.73));
#2974 = CARTESIAN_POINT('',(76.584455543377,-6.105));
#2975 = CARTESIAN_POINT('',(75.068911086754,-3.48));
#2976 = CARTESIAN_POINT('',(78.1,-3.48));
#2977 = ( GEOMETRIC_REPRESENTATION_CONTEXT(2) 
PARAMETRIC_REPRESENTATION_CONTEXT() REPRESENTATION_CONTEXT('2D SPACE',''
  ) );
#2978 = PCURVE('',#2979,#2984);
#2979 = CYLINDRICAL_SURFACE('',#2980,1.75);
#2980 = AXIS2_PLACEMENT_3D('',#2981,#2982,#2983);
#2981 = CARTESIAN_POINT('',(28.3,31.1,6.43));
#2982 = DIRECTION('',(1.,0.,2.22044604925E-16));
#2983 = DIRECTION('',(2.22044604925E-16,0.,-1.));
#2984 = DEFINITIONAL_REPRESENTATION('',(#2985),#2989);
#2985 = LINE('',#2986,#2987);
#2986 = CARTESIAN_POINT('',(0.,0.1));
#2987 = VECTOR('',#2988,1.);
#2988 = DIRECTION('',(1.,0.));
#2989 = ( GEOMETRIC_REPRESENTATION_CONTEXT(2) 
PARAMETRIC_REPRESENTATION_CONTEXT() REPRESENTATION_CONTEXT('2D SPACE',''
  ) );
#2990 = FACE_BOUND('',#2991,.T.);
#2991 = EDGE_LOOP('',(#2992,#3027,#3053,#3086,#3112,#3145,#3171,#3204));
#2992 = ORIENTED_EDGE('',*,*,#2993,.T.);
#2993 = EDGE_CURVE('',#2994,#2996,#2998,.T.);
#2994 = VERTEX_POINT('',#2995);
#2995 = CARTESIAN_POINT('',(28.4,39.09,7.1));
#2996 = VERTEX_POINT('',#2997);
#2997 = CARTESIAN_POINT('',(28.4,38.3,6.31));
#2998 = SURFACE_CURVE('',#2999,(#3004,#3015),.PCURVE_S1.);
#2999 = CIRCLE('',#3000,0.79);
#3000 = AXIS2_PLACEMENT_3D('',#3001,#3002,#3003);
#3001 = CARTESIAN_POINT('',(28.4,39.09,6.31));
#3002 = DIRECTION('',(1.,0.,0.));
#3003 = DIRECTION('',(-0.,1.,0.));
#3004 = PCURVE('',#873,#3005);
#3005 = DEFINITIONAL_REPRESENTATION('',(#3006),#3014);
#3006 = ( BOUNDED_CURVE() B_SPLINE_CURVE(2,(#3007,#3008,#3009,#3010,
#3011,#3012,#3013),.UNSPECIFIED.,.T.,.F.) B_SPLINE_CURVE_WITH_KNOTS((1,2
    ,2,2,2,1),(-2.094395102393,0.,2.094395102393,4.188790204786,
6.28318530718,8.377580409573),.UNSPECIFIED.) CURVE() 
GEOMETRIC_REPRESENTATION_ITEM() RATIONAL_B_SPLINE_CURVE((1.,0.5,1.,0.5,
1.,0.5,1.)) REPRESENTATION_ITEM('') );
#3007 = CARTESIAN_POINT('',(86.88,-5.11));
#3008 = CARTESIAN_POINT('',(86.88,-6.478320137979));
#3009 = CARTESIAN_POINT('',(85.695,-5.79416006899));
#3010 = CARTESIAN_POINT('',(84.51,-5.11));
#3011 = CARTESIAN_POINT('',(85.695,-4.42583993101));
#3012 = CARTESIAN_POINT('',(86.88,-3.741679862021));
#3013 = CARTESIAN_POINT('',(86.88,-5.11));
#3014 = ( GEOMETRIC_REPRESENTATION_CONTEXT(2) 
PARAMETRIC_REPRESENTATION_CONTEXT() REPRESENTATION_CONTEXT('2D SPACE',''
  ) );
#3015 = PCURVE('',#3016,#3021);
#3016 = CYLINDRICAL_SURFACE('',#3017,0.79);
#3017 = AXIS2_PLACEMENT_3D('',#3018,#3019,#3020);
#3018 = CARTESIAN_POINT('',(29.2,39.09,6.31));
#3019 = DIRECTION('',(1.,0.,0.));
#3020 = DIRECTION('',(0.,1.,0.));
#3021 = DEFINITIONAL_REPRESENTATION('',(#3022),#3026);
#3022 = LINE('',#3023,#3024);
#3023 = CARTESIAN_POINT('',(0.,-0.8));
#3024 = VECTOR('',#3025,1.);
#3025 = DIRECTION('',(1.,0.));
#3026 = ( GEOMETRIC_REPRESENTATION_CONTEXT(2) 
PARAMETRIC_REPRESENTATION_CONTEXT() REPRESENTATION_CONTEXT('2D SPACE',''
  ) );
#3027 = ORIENTED_EDGE('',*,*,#3028,.T.);
#3028 = EDGE_CURVE('',#2996,#3029,#3031,.T.);
#3029 = VERTEX_POINT('',#3030);
#3030 = CARTESIAN_POINT('',(28.4,38.3,6.29));
#3031 = SURFACE_CURVE('',#3032,(#3036,#3042),.PCURVE_S1.);
#3032 = LINE('',#3033,#3034);
#3033 = CARTESIAN_POINT('',(28.4,38.3,3.745));
#3034 = VECTOR('',#3035,1.);
#3035 = DIRECTION('',(0.,0.,-1.));
#3036 = PCURVE('',#873,#3037);
#3037 = DEFINITIONAL_REPRESENTATION('',(#3038),#3041);
#3038 = B_SPLINE_CURVE_WITH_KNOTS('',1,(#3039,#3040),.UNSPECIFIED.,.F.,
  .F.,(2,2),(-2.565,-2.545),.PIECEWISE_BEZIER_KNOTS.);
#3039 = CARTESIAN_POINT('',(85.3,-5.11));
#3040 = CARTESIAN_POINT('',(85.3,-5.09));
#3041 = ( GEOMETRIC_REPRESENTATION_CONTEXT(2) 
PARAMETRIC_REPRESENTATION_CONTEXT() REPRESENTATION_CONTEXT('2D SPACE',''
  ) );
#3042 = PCURVE('',#3043,#3048);
#3043 = PLANE('',#3044);
#3044 = AXIS2_PLACEMENT_3D('',#3045,#3046,#3047);
#3045 = CARTESIAN_POINT('',(29.2,38.3,6.29));
#3046 = DIRECTION('',(0.,1.,0.));
#3047 = DIRECTION('',(0.,-0.,1.));
#3048 = DEFINITIONAL_REPRESENTATION('',(#3049),#3052);
#3049 = B_SPLINE_CURVE_WITH_KNOTS('',1,(#3050,#3051),.UNSPECIFIED.,.F.,
  .F.,(2,2),(-2.565,-2.545),.PIECEWISE_BEZIER_KNOTS.);
#3050 = CARTESIAN_POINT('',(2.E-02,-0.8));
#3051 = CARTESIAN_POINT('',(0.,-0.8));
#3052 = ( GEOMETRIC_REPRESENTATION_CONTEXT(2) 
PARAMETRIC_REPRESENTATION_CONTEXT() REPRESENTATION_CONTEXT('2D SPACE',''
  ) );
#3053 = ORIENTED_EDGE('',*,*,#3054,.T.);
#3054 = EDGE_CURVE('',#3029,#3055,#3057,.T.);
#3055 = VERTEX_POINT('',#3056);
#3056 = CARTESIAN_POINT('',(28.4,39.09,5.5));
#3057 = SURFACE_CURVE('',#3058,(#3063,#3074),.PCURVE_S1.);
#3058 = CIRCLE('',#3059,0.79);
#3059 = AXIS2_PLACEMENT_3D('',#3060,#3061,#3062);
#3060 = CARTESIAN_POINT('',(28.4,39.09,6.29));
#3061 = DIRECTION('',(1.,0.,0.));
#3062 = DIRECTION('',(-0.,1.,0.));
#3063 = PCURVE('',#873,#3064);
#3064 = DEFINITIONAL_REPRESENTATION('',(#3065),#3073);
#3065 = ( BOUNDED_CURVE() B_SPLINE_CURVE(2,(#3066,#3067,#3068,#3069,
#3070,#3071,#3072),.UNSPECIFIED.,.T.,.F.) B_SPLINE_CURVE_WITH_KNOTS((1,2
    ,2,2,2,1),(-2.094395102393,0.,2.094395102393,4.188790204786,
6.28318530718,8.377580409573),.UNSPECIFIED.) CURVE() 
GEOMETRIC_REPRESENTATION_ITEM() RATIONAL_B_SPLINE_CURVE((1.,0.5,1.,0.5,
1.,0.5,1.)) REPRESENTATION_ITEM('') );
#3066 = CARTESIAN_POINT('',(86.88,-5.09));
#3067 = CARTESIAN_POINT('',(86.88,-6.458320137979));
#3068 = CARTESIAN_POINT('',(85.695,-5.77416006899));
#3069 = CARTESIAN_POINT('',(84.51,-5.09));
#3070 = CARTESIAN_POINT('',(85.695,-4.40583993101));
#3071 = CARTESIAN_POINT('',(86.88,-3.721679862021));
#3072 = CARTESIAN_POINT('',(86.88,-5.09));
#3073 = ( GEOMETRIC_REPRESENTATION_CONTEXT(2) 
PARAMETRIC_REPRESENTATION_CONTEXT() REPRESENTATION_CONTEXT('2D SPACE',''
  ) );
#3074 = PCURVE('',#3075,#3080);
#3075 = CYLINDRICAL_SURFACE('',#3076,0.79);
#3076 = AXIS2_PLACEMENT_3D('',#3077,#3078,#3079);
#3077 = CARTESIAN_POINT('',(29.2,39.09,6.29));
#3078 = DIRECTION('',(1.,0.,0.));
#3079 = DIRECTION('',(0.,1.,0.));
#3080 = DEFINITIONAL_REPRESENTATION('',(#3081),#3085);
#3081 = LINE('',#3082,#3083);
#3082 = CARTESIAN_POINT('',(0.,-0.8));
#3083 = VECTOR('',#3084,1.);
#3084 = DIRECTION('',(1.,0.));
#3085 = ( GEOMETRIC_REPRESENTATION_CONTEXT(2) 
PARAMETRIC_REPRESENTATION_CONTEXT() REPRESENTATION_CONTEXT('2D SPACE',''
  ) );
#3086 = ORIENTED_EDGE('',*,*,#3087,.F.);
#3087 = EDGE_CURVE('',#3088,#3055,#3090,.T.);
#3088 = VERTEX_POINT('',#3089);
#3089 = CARTESIAN_POINT('',(28.4,42.51,5.5));
#3090 = SURFACE_CURVE('',#3091,(#3095,#3101),.PCURVE_S1.);
#3091 = LINE('',#3092,#3093);
#3092 = CARTESIAN_POINT('',(28.4,-3.955,5.5));
#3093 = VECTOR('',#3094,1.);
#3094 = DIRECTION('',(-0.,-1.,-0.));
#3095 = PCURVE('',#873,#3096);
#3096 = DEFINITIONAL_REPRESENTATION('',(#3097),#3100);
#3097 = B_SPLINE_CURVE_WITH_KNOTS('',1,(#3098,#3099),.UNSPECIFIED.,.F.,
  .F.,(2,2),(-46.465,-43.045),.PIECEWISE_BEZIER_KNOTS.);
#3098 = CARTESIAN_POINT('',(89.51,-4.3));
#3099 = CARTESIAN_POINT('',(86.09,-4.3));
#3100 = ( GEOMETRIC_REPRESENTATION_CONTEXT(2) 
PARAMETRIC_REPRESENTATION_CONTEXT() REPRESENTATION_CONTEXT('2D SPACE',''
  ) );
#3101 = PCURVE('',#3102,#3107);
#3102 = PLANE('',#3103);
#3103 = AXIS2_PLACEMENT_3D('',#3104,#3105,#3106);
#3104 = CARTESIAN_POINT('',(29.2,39.09,5.5));
#3105 = DIRECTION('',(0.,0.,-1.));
#3106 = DIRECTION('',(0.,1.,0.));
#3107 = DEFINITIONAL_REPRESENTATION('',(#3108),#3111);
#3108 = B_SPLINE_CURVE_WITH_KNOTS('',1,(#3109,#3110),.UNSPECIFIED.,.F.,
  .F.,(2,2),(-46.465,-43.045),.PIECEWISE_BEZIER_KNOTS.);
#3109 = CARTESIAN_POINT('',(3.42,-0.8));
#3110 = CARTESIAN_POINT('',(0.,-0.8));
#3111 = ( GEOMETRIC_REPRESENTATION_CONTEXT(2) 
PARAMETRIC_REPRESENTATION_CONTEXT() REPRESENTATION_CONTEXT('2D SPACE',''
  ) );
#3112 = ORIENTED_EDGE('',*,*,#3113,.T.);
#3113 = EDGE_CURVE('',#3088,#3114,#3116,.T.);
#3114 = VERTEX_POINT('',#3115);
#3115 = CARTESIAN_POINT('',(28.4,43.3,6.29));
#3116 = SURFACE_CURVE('',#3117,(#3122,#3133),.PCURVE_S1.);
#3117 = CIRCLE('',#3118,0.79);
#3118 = AXIS2_PLACEMENT_3D('',#3119,#3120,#3121);
#3119 = CARTESIAN_POINT('',(28.4,42.51,6.29));
#3120 = DIRECTION('',(1.,0.,0.));
#3121 = DIRECTION('',(-0.,1.,0.));
#3122 = PCURVE('',#873,#3123);
#3123 = DEFINITIONAL_REPRESENTATION('',(#3124),#3132);
#3124 = ( BOUNDED_CURVE() B_SPLINE_CURVE(2,(#3125,#3126,#3127,#3128,
#3129,#3130,#3131),.UNSPECIFIED.,.T.,.F.) B_SPLINE_CURVE_WITH_KNOTS((1,2
    ,2,2,2,1),(-2.094395102393,0.,2.094395102393,4.188790204786,
6.28318530718,8.377580409573),.UNSPECIFIED.) CURVE() 
GEOMETRIC_REPRESENTATION_ITEM() RATIONAL_B_SPLINE_CURVE((1.,0.5,1.,0.5,
1.,0.5,1.)) REPRESENTATION_ITEM('') );
#3125 = CARTESIAN_POINT('',(90.3,-5.09));
#3126 = CARTESIAN_POINT('',(90.3,-6.458320137979));
#3127 = CARTESIAN_POINT('',(89.115,-5.77416006899));
#3128 = CARTESIAN_POINT('',(87.93,-5.09));
#3129 = CARTESIAN_POINT('',(89.115,-4.40583993101));
#3130 = CARTESIAN_POINT('',(90.3,-3.721679862021));
#3131 = CARTESIAN_POINT('',(90.3,-5.09));
#3132 = ( GEOMETRIC_REPRESENTATION_CONTEXT(2) 
PARAMETRIC_REPRESENTATION_CONTEXT() REPRESENTATION_CONTEXT('2D SPACE',''
  ) );
#3133 = PCURVE('',#3134,#3139);
#3134 = CYLINDRICAL_SURFACE('',#3135,0.79);
#3135 = AXIS2_PLACEMENT_3D('',#3136,#3137,#3138);
#3136 = CARTESIAN_POINT('',(29.2,42.51,6.29));
#3137 = DIRECTION('',(1.,0.,0.));
#3138 = DIRECTION('',(0.,1.,0.));
#3139 = DEFINITIONAL_REPRESENTATION('',(#3140),#3144);
#3140 = LINE('',#3141,#3142);
#3141 = CARTESIAN_POINT('',(0.,-0.8));
#3142 = VECTOR('',#3143,1.);
#3143 = DIRECTION('',(1.,0.));
#3144 = ( GEOMETRIC_REPRESENTATION_CONTEXT(2) 
PARAMETRIC_REPRESENTATION_CONTEXT() REPRESENTATION_CONTEXT('2D SPACE',''
  ) );
#3145 = ORIENTED_EDGE('',*,*,#3146,.F.);
#3146 = EDGE_CURVE('',#3147,#3114,#3149,.T.);
#3147 = VERTEX_POINT('',#3148);
#3148 = CARTESIAN_POINT('',(28.4,43.3,6.31));
#3149 = SURFACE_CURVE('',#3150,(#3154,#3160),.PCURVE_S1.);
#3150 = LINE('',#3151,#3152);
#3151 = CARTESIAN_POINT('',(28.4,43.3,3.745));
#3152 = VECTOR('',#3153,1.);
#3153 = DIRECTION('',(0.,0.,-1.));
#3154 = PCURVE('',#873,#3155);
#3155 = DEFINITIONAL_REPRESENTATION('',(#3156),#3159);
#3156 = B_SPLINE_CURVE_WITH_KNOTS('',1,(#3157,#3158),.UNSPECIFIED.,.F.,
  .F.,(2,2),(-2.565,-2.545),.PIECEWISE_BEZIER_KNOTS.);
#3157 = CARTESIAN_POINT('',(90.3,-5.11));
#3158 = CARTESIAN_POINT('',(90.3,-5.09));
#3159 = ( GEOMETRIC_REPRESENTATION_CONTEXT(2) 
PARAMETRIC_REPRESENTATION_CONTEXT() REPRESENTATION_CONTEXT('2D SPACE',''
  ) );
#3160 = PCURVE('',#3161,#3166);
#3161 = PLANE('',#3162);
#3162 = AXIS2_PLACEMENT_3D('',#3163,#3164,#3165);
#3163 = CARTESIAN_POINT('',(29.2,43.3,6.29));
#3164 = DIRECTION('',(0.,1.,0.));
#3165 = DIRECTION('',(0.,-0.,1.));
#3166 = DEFINITIONAL_REPRESENTATION('',(#3167),#3170);
#3167 = B_SPLINE_CURVE_WITH_KNOTS('',1,(#3168,#3169),.UNSPECIFIED.,.F.,
  .F.,(2,2),(-2.565,-2.545),.PIECEWISE_BEZIER_KNOTS.);
#3168 = CARTESIAN_POINT('',(2.E-02,-0.8));
#3169 = CARTESIAN_POINT('',(0.,-0.8));
#3170 = ( GEOMETRIC_REPRESENTATION_CONTEXT(2) 
PARAMETRIC_REPRESENTATION_CONTEXT() REPRESENTATION_CONTEXT('2D SPACE',''
  ) );
#3171 = ORIENTED_EDGE('',*,*,#3172,.T.);
#3172 = EDGE_CURVE('',#3147,#3173,#3175,.T.);
#3173 = VERTEX_POINT('',#3174);
#3174 = CARTESIAN_POINT('',(28.4,42.51,7.1));
#3175 = SURFACE_CURVE('',#3176,(#3181,#3192),.PCURVE_S1.);
#3176 = CIRCLE('',#3177,0.79);
#3177 = AXIS2_PLACEMENT_3D('',#3178,#3179,#3180);
#3178 = CARTESIAN_POINT('',(28.4,42.51,6.31));
#3179 = DIRECTION('',(1.,0.,0.));
#3180 = DIRECTION('',(-0.,1.,0.));
#3181 = PCURVE('',#873,#3182);
#3182 = DEFINITIONAL_REPRESENTATION('',(#3183),#3191);
#3183 = ( BOUNDED_CURVE() B_SPLINE_CURVE(2,(#3184,#3185,#3186,#3187,
#3188,#3189,#3190),.UNSPECIFIED.,.T.,.F.) B_SPLINE_CURVE_WITH_KNOTS((1,2
    ,2,2,2,1),(-2.094395102393,0.,2.094395102393,4.188790204786,
6.28318530718,8.377580409573),.UNSPECIFIED.) CURVE() 
GEOMETRIC_REPRESENTATION_ITEM() RATIONAL_B_SPLINE_CURVE((1.,0.5,1.,0.5,
1.,0.5,1.)) REPRESENTATION_ITEM('') );
#3184 = CARTESIAN_POINT('',(90.3,-5.11));
#3185 = CARTESIAN_POINT('',(90.3,-6.478320137979));
#3186 = CARTESIAN_POINT('',(89.115,-5.79416006899));
#3187 = CARTESIAN_POINT('',(87.93,-5.11));
#3188 = CARTESIAN_POINT('',(89.115,-4.42583993101));
#3189 = CARTESIAN_POINT('',(90.3,-3.741679862021));
#3190 = CARTESIAN_POINT('',(90.3,-5.11));
#3191 = ( GEOMETRIC_REPRESENTATION_CONTEXT(2) 
PARAMETRIC_REPRESENTATION_CONTEXT() REPRESENTATION_CONTEXT('2D SPACE',''
  ) );
#3192 = PCURVE('',#3193,#3198);
#3193 = CYLINDRICAL_SURFACE('',#3194,0.79);
#3194 = AXIS2_PLACEMENT_3D('',#3195,#3196,#3197);
#3195 = CARTESIAN_POINT('',(29.2,42.51,6.31));
#3196 = DIRECTION('',(1.,0.,0.));
#3197 = DIRECTION('',(0.,1.,0.));
#3198 = DEFINITIONAL_REPRESENTATION('',(#3199),#3203);
#3199 = LINE('',#3200,#3201);
#3200 = CARTESIAN_POINT('',(0.,-0.8));
#3201 = VECTOR('',#3202,1.);
#3202 = DIRECTION('',(1.,0.));
#3203 = ( GEOMETRIC_REPRESENTATION_CONTEXT(2) 
PARAMETRIC_REPRESENTATION_CONTEXT() REPRESENTATION_CONTEXT('2D SPACE',''
  ) );
#3204 = ORIENTED_EDGE('',*,*,#3205,.T.);
#3205 = EDGE_CURVE('',#3173,#2994,#3206,.T.);
#3206 = SURFACE_CURVE('',#3207,(#3211,#3217),.PCURVE_S1.);
#3207 = LINE('',#3208,#3209);
#3208 = CARTESIAN_POINT('',(28.4,-3.955,7.1));
#3209 = VECTOR('',#3210,1.);
#3210 = DIRECTION('',(-0.,-1.,-0.));
#3211 = PCURVE('',#873,#3212);
#3212 = DEFINITIONAL_REPRESENTATION('',(#3213),#3216);
#3213 = B_SPLINE_CURVE_WITH_KNOTS('',1,(#3214,#3215),.UNSPECIFIED.,.F.,
  .F.,(2,2),(-46.465,-43.045),.PIECEWISE_BEZIER_KNOTS.);
#3214 = CARTESIAN_POINT('',(89.51,-5.9));
#3215 = CARTESIAN_POINT('',(86.09,-5.9));
#3216 = ( GEOMETRIC_REPRESENTATION_CONTEXT(2) 
PARAMETRIC_REPRESENTATION_CONTEXT() REPRESENTATION_CONTEXT('2D SPACE',''
  ) );
#3217 = PCURVE('',#3218,#3223);
#3218 = PLANE('',#3219);
#3219 = AXIS2_PLACEMENT_3D('',#3220,#3221,#3222);
#3220 = CARTESIAN_POINT('',(29.2,39.09,7.1));
#3221 = DIRECTION('',(0.,0.,-1.));
#3222 = DIRECTION('',(0.,1.,0.));
#3223 = DEFINITIONAL_REPRESENTATION('',(#3224),#3227);
#3224 = B_SPLINE_CURVE_WITH_KNOTS('',1,(#3225,#3226),.UNSPECIFIED.,.F.,
  .F.,(2,2),(-46.465,-43.045),.PIECEWISE_BEZIER_KNOTS.);
#3225 = CARTESIAN_POINT('',(3.42,-0.8));
#3226 = CARTESIAN_POINT('',(0.,-0.8));
#3227 = ( GEOMETRIC_REPRESENTATION_CONTEXT(2) 
PARAMETRIC_REPRESENTATION_CONTEXT() REPRESENTATION_CONTEXT('2D SPACE',''
  ) );
#3228 = ADVANCED_FACE('',(#3229),#845,.F.);
#3229 = FACE_BOUND('',#3230,.T.);
#3230 = EDGE_LOOP('',(#3231,#3232,#3256,#3277));
#3231 = ORIENTED_EDGE('',*,*,#2935,.T.);
#3232 = ORIENTED_EDGE('',*,*,#3233,.T.);
#3233 = EDGE_CURVE('',#2913,#3234,#3236,.T.);
#3234 = VERTEX_POINT('',#3235);
#3235 = CARTESIAN_POINT('',(26.,49.4,8.2));
#3236 = SURFACE_CURVE('',#3237,(#3242,#3249),.PCURVE_S1.);
#3237 = CIRCLE('',#3238,2.4);
#3238 = AXIS2_PLACEMENT_3D('',#3239,#3240,#3241);
#3239 = CARTESIAN_POINT('',(26.,47.,8.2));
#3240 = DIRECTION('',(0.,0.,1.));
#3241 = DIRECTION('',(1.,0.,0.));
#3242 = PCURVE('',#845,#3243);
#3243 = DEFINITIONAL_REPRESENTATION('',(#3244),#3248);
#3244 = LINE('',#3245,#3246);
#3245 = CARTESIAN_POINT('',(-0.,-7.));
#3246 = VECTOR('',#3247,1.);
#3247 = DIRECTION('',(-1.,0.));
#3248 = ( GEOMETRIC_REPRESENTATION_CONTEXT(2) 
PARAMETRIC_REPRESENTATION_CONTEXT() REPRESENTATION_CONTEXT('2D SPACE',''
  ) );
#3249 = PCURVE('',#2457,#3250);
#3250 = DEFINITIONAL_REPRESENTATION('',(#3251),#3255);
#3251 = CIRCLE('',#3252,2.4);
#3252 = AXIS2_PLACEMENT_2D('',#3253,#3254);
#3253 = CARTESIAN_POINT('',(26.,47.));
#3254 = DIRECTION('',(1.,0.));
#3255 = ( GEOMETRIC_REPRESENTATION_CONTEXT(2) 
PARAMETRIC_REPRESENTATION_CONTEXT() REPRESENTATION_CONTEXT('2D SPACE',''
  ) );
#3256 = ORIENTED_EDGE('',*,*,#3257,.F.);
#3257 = EDGE_CURVE('',#806,#3234,#3258,.T.);
#3258 = SURFACE_CURVE('',#3259,(#3263,#3270),.PCURVE_S1.);
#3259 = LINE('',#3260,#3261);
#3260 = CARTESIAN_POINT('',(26.,49.4,1.2));
#3261 = VECTOR('',#3262,1.);
#3262 = DIRECTION('',(0.,0.,1.));
#3263 = PCURVE('',#845,#3264);
#3264 = DEFINITIONAL_REPRESENTATION('',(#3265),#3269);
#3265 = LINE('',#3266,#3267);
#3266 = CARTESIAN_POINT('',(-1.570796326795,0.));
#3267 = VECTOR('',#3268,1.);
#3268 = DIRECTION('',(-0.,-1.));
#3269 = ( GEOMETRIC_REPRESENTATION_CONTEXT(2) 
PARAMETRIC_REPRESENTATION_CONTEXT() REPRESENTATION_CONTEXT('2D SPACE',''
  ) );
#3270 = PCURVE('',#709,#3271);
#3271 = DEFINITIONAL_REPRESENTATION('',(#3272),#3276);
#3272 = LINE('',#3273,#3274);
#3273 = CARTESIAN_POINT('',(52.,0.));
#3274 = VECTOR('',#3275,1.);
#3275 = DIRECTION('',(0.,-1.));
#3276 = ( GEOMETRIC_REPRESENTATION_CONTEXT(2) 
PARAMETRIC_REPRESENTATION_CONTEXT() REPRESENTATION_CONTEXT('2D SPACE',''
  ) );
#3277 = ORIENTED_EDGE('',*,*,#828,.F.);
#3278 = ADVANCED_FACE('',(#3279),#709,.F.);
#3279 = FACE_BOUND('',#3280,.F.);
#3280 = EDGE_LOOP('',(#3281,#3282,#3305,#3326,#3327,#3328,#3349,#3375));
#3281 = ORIENTED_EDGE('',*,*,#693,.F.);
#3282 = ORIENTED_EDGE('',*,*,#3283,.T.);
#3283 = EDGE_CURVE('',#665,#3284,#3286,.T.);
#3284 = VERTEX_POINT('',#3285);
#3285 = CARTESIAN_POINT('',(-26.,49.4,8.2));
#3286 = SURFACE_CURVE('',#3287,(#3291,#3298),.PCURVE_S1.);
#3287 = LINE('',#3288,#3289);
#3288 = CARTESIAN_POINT('',(-26.,49.4,1.2));
#3289 = VECTOR('',#3290,1.);
#3290 = DIRECTION('',(0.,0.,1.));
#3291 = PCURVE('',#709,#3292);
#3292 = DEFINITIONAL_REPRESENTATION('',(#3293),#3297);
#3293 = LINE('',#3294,#3295);
#3294 = CARTESIAN_POINT('',(0.,0.));
#3295 = VECTOR('',#3296,1.);
#3296 = DIRECTION('',(0.,-1.));
#3297 = ( GEOMETRIC_REPRESENTATION_CONTEXT(2) 
PARAMETRIC_REPRESENTATION_CONTEXT() REPRESENTATION_CONTEXT('2D SPACE',''
  ) );
#3298 = PCURVE('',#681,#3299);
#3299 = DEFINITIONAL_REPRESENTATION('',(#3300),#3304);
#3300 = LINE('',#3301,#3302);
#3301 = CARTESIAN_POINT('',(-1.570796326795,0.));
#3302 = VECTOR('',#3303,1.);
#3303 = DIRECTION('',(-0.,-1.));
#3304 = ( GEOMETRIC_REPRESENTATION_CONTEXT(2) 
PARAMETRIC_REPRESENTATION_CONTEXT() REPRESENTATION_CONTEXT('2D SPACE',''
  ) );
#3305 = ORIENTED_EDGE('',*,*,#3306,.T.);
#3306 = EDGE_CURVE('',#3284,#3234,#3307,.T.);
#3307 = SURFACE_CURVE('',#3308,(#3312,#3319),.PCURVE_S1.);
#3308 = LINE('',#3309,#3310);
#3309 = CARTESIAN_POINT('',(0.,49.4,8.2));
#3310 = VECTOR('',#3311,1.);
#3311 = DIRECTION('',(1.,0.,0.));
#3312 = PCURVE('',#709,#3313);
#3313 = DEFINITIONAL_REPRESENTATION('',(#3314),#3318);
#3314 = LINE('',#3315,#3316);
#3315 = CARTESIAN_POINT('',(26.,-7.));
#3316 = VECTOR('',#3317,1.);
#3317 = DIRECTION('',(1.,0.));
#3318 = ( GEOMETRIC_REPRESENTATION_CONTEXT(2) 
PARAMETRIC_REPRESENTATION_CONTEXT() REPRESENTATION_CONTEXT('2D SPACE',''
  ) );
#3319 = PCURVE('',#2457,#3320);
#3320 = DEFINITIONAL_REPRESENTATION('',(#3321),#3325);
#3321 = LINE('',#3322,#3323);
#3322 = CARTESIAN_POINT('',(-2.315165420953E-17,49.4));
#3323 = VECTOR('',#3324,1.);
#3324 = DIRECTION('',(1.,0.));
#3325 = ( GEOMETRIC_REPRESENTATION_CONTEXT(2) 
PARAMETRIC_REPRESENTATION_CONTEXT() REPRESENTATION_CONTEXT('2D SPACE',''
  ) );
#3326 = ORIENTED_EDGE('',*,*,#3257,.F.);
#3327 = ORIENTED_EDGE('',*,*,#805,.F.);
#3328 = ORIENTED_EDGE('',*,*,#3329,.F.);
#3329 = EDGE_CURVE('',#3330,#778,#3332,.T.);
#3330 = VERTEX_POINT('',#3331);
#3331 = CARTESIAN_POINT('',(15.5,49.4,1.9));
#3332 = SURFACE_CURVE('',#3333,(#3337,#3343),.PCURVE_S1.);
#3333 = LINE('',#3334,#3335);
#3334 = CARTESIAN_POINT('',(15.5,49.4,1.2));
#3335 = VECTOR('',#3336,1.);
#3336 = DIRECTION('',(-0.,0.,-1.));
#3337 = PCURVE('',#709,#3338);
#3338 = DEFINITIONAL_REPRESENTATION('',(#3339),#3342);
#3339 = B_SPLINE_CURVE_WITH_KNOTS('',1,(#3340,#3341),.UNSPECIFIED.,.F.,
  .F.,(2,2),(-0.7,-2.22044604925E-16),.PIECEWISE_BEZIER_KNOTS.);
#3340 = CARTESIAN_POINT('',(41.5,-0.7));
#3341 = CARTESIAN_POINT('',(41.5,0.));
#3342 = ( GEOMETRIC_REPRESENTATION_CONTEXT(2) 
PARAMETRIC_REPRESENTATION_CONTEXT() REPRESENTATION_CONTEXT('2D SPACE',''
  ) );
#3343 = PCURVE('',#793,#3344);
#3344 = DEFINITIONAL_REPRESENTATION('',(#3345),#3348);
#3345 = B_SPLINE_CURVE_WITH_KNOTS('',1,(#3346,#3347),.UNSPECIFIED.,.F.,
  .F.,(2,2),(-0.7,-2.22044604925E-16),.PIECEWISE_BEZIER_KNOTS.);
#3346 = CARTESIAN_POINT('',(0.7,-9.999999999998E-03));
#3347 = CARTESIAN_POINT('',(2.22044604925E-16,-9.999999999998E-03));
#3348 = ( GEOMETRIC_REPRESENTATION_CONTEXT(2) 
PARAMETRIC_REPRESENTATION_CONTEXT() REPRESENTATION_CONTEXT('2D SPACE',''
  ) );
#3349 = ORIENTED_EDGE('',*,*,#3350,.F.);
#3350 = EDGE_CURVE('',#3351,#3330,#3353,.T.);
#3351 = VERTEX_POINT('',#3352);
#3352 = CARTESIAN_POINT('',(-15.5,49.4,1.9));
#3353 = SURFACE_CURVE('',#3354,(#3358,#3364),.PCURVE_S1.);
#3354 = LINE('',#3355,#3356);
#3355 = CARTESIAN_POINT('',(-20.75,49.4,1.9));
#3356 = VECTOR('',#3357,1.);
#3357 = DIRECTION('',(1.,0.,0.));
#3358 = PCURVE('',#709,#3359);
#3359 = DEFINITIONAL_REPRESENTATION('',(#3360),#3363);
#3360 = B_SPLINE_CURVE_WITH_KNOTS('',1,(#3361,#3362),.UNSPECIFIED.,.F.,
  .F.,(2,2),(5.25,36.25),.PIECEWISE_BEZIER_KNOTS.);
#3361 = CARTESIAN_POINT('',(10.5,-0.7));
#3362 = CARTESIAN_POINT('',(41.5,-0.7));
#3363 = ( GEOMETRIC_REPRESENTATION_CONTEXT(2) 
PARAMETRIC_REPRESENTATION_CONTEXT() REPRESENTATION_CONTEXT('2D SPACE',''
  ) );
#3364 = PCURVE('',#3365,#3370);
#3365 = PLANE('',#3366);
#3366 = AXIS2_PLACEMENT_3D('',#3367,#3368,#3369);
#3367 = CARTESIAN_POINT('',(-15.5,49.39,1.9));
#3368 = DIRECTION('',(0.,0.,1.));
#3369 = DIRECTION('',(1.,0.,-0.));
#3370 = DEFINITIONAL_REPRESENTATION('',(#3371),#3374);
#3371 = B_SPLINE_CURVE_WITH_KNOTS('',1,(#3372,#3373),.UNSPECIFIED.,.F.,
  .F.,(2,2),(5.25,36.25),.PIECEWISE_BEZIER_KNOTS.);
#3372 = CARTESIAN_POINT('',(0.,9.999999999998E-03));
#3373 = CARTESIAN_POINT('',(31.,9.999999999998E-03));
#3374 = ( GEOMETRIC_REPRESENTATION_CONTEXT(2) 
PARAMETRIC_REPRESENTATION_CONTEXT() REPRESENTATION_CONTEXT('2D SPACE',''
  ) );
#3375 = ORIENTED_EDGE('',*,*,#3376,.T.);
#3376 = EDGE_CURVE('',#3351,#694,#3377,.T.);
#3377 = SURFACE_CURVE('',#3378,(#3382,#3388),.PCURVE_S1.);
#3378 = LINE('',#3379,#3380);
#3379 = CARTESIAN_POINT('',(-15.5,49.4,1.2));
#3380 = VECTOR('',#3381,1.);
#3381 = DIRECTION('',(-0.,0.,-1.));
#3382 = PCURVE('',#709,#3383);
#3383 = DEFINITIONAL_REPRESENTATION('',(#3384),#3387);
#3384 = B_SPLINE_CURVE_WITH_KNOTS('',1,(#3385,#3386),.UNSPECIFIED.,.F.,
  .F.,(2,2),(-0.7,-2.22044604925E-16),.PIECEWISE_BEZIER_KNOTS.);
#3385 = CARTESIAN_POINT('',(10.5,-0.7));
#3386 = CARTESIAN_POINT('',(10.5,0.));
#3387 = ( GEOMETRIC_REPRESENTATION_CONTEXT(2) 
PARAMETRIC_REPRESENTATION_CONTEXT() REPRESENTATION_CONTEXT('2D SPACE',''
  ) );
#3388 = PCURVE('',#737,#3389);
#3389 = DEFINITIONAL_REPRESENTATION('',(#3390),#3393);
#3390 = B_SPLINE_CURVE_WITH_KNOTS('',1,(#3391,#3392),.UNSPECIFIED.,.F.,
  .F.,(2,2),(-0.7,-2.22044604925E-16),.PIECEWISE_BEZIER_KNOTS.);
#3391 = CARTESIAN_POINT('',(0.7,-9.999999999998E-03));
#3392 = CARTESIAN_POINT('',(2.22044604925E-16,-9.999999999998E-03));
#3393 = ( GEOMETRIC_REPRESENTATION_CONTEXT(2) 
PARAMETRIC_REPRESENTATION_CONTEXT() REPRESENTATION_CONTEXT('2D SPACE',''
  ) );
#3394 = ADVANCED_FACE('',(#3395),#793,.F.);
#3395 = FACE_BOUND('',#3396,.F.);
#3396 = EDGE_LOOP('',(#3397,#3420,#3421,#3422));
#3397 = ORIENTED_EDGE('',*,*,#3398,.F.);
#3398 = EDGE_CURVE('',#3330,#3399,#3401,.T.);
#3399 = VERTEX_POINT('',#3400);
#3400 = CARTESIAN_POINT('',(15.5,50.11,1.9));
#3401 = SURFACE_CURVE('',#3402,(#3406,#3413),.PCURVE_S1.);
#3402 = LINE('',#3403,#3404);
#3403 = CARTESIAN_POINT('',(15.5,49.39,1.9));
#3404 = VECTOR('',#3405,1.);
#3405 = DIRECTION('',(-0.,1.,0.));
#3406 = PCURVE('',#793,#3407);
#3407 = DEFINITIONAL_REPRESENTATION('',(#3408),#3412);
#3408 = LINE('',#3409,#3410);
#3409 = CARTESIAN_POINT('',(0.7,0.));
#3410 = VECTOR('',#3411,1.);
#3411 = DIRECTION('',(0.,-1.));
#3412 = ( GEOMETRIC_REPRESENTATION_CONTEXT(2) 
PARAMETRIC_REPRESENTATION_CONTEXT() REPRESENTATION_CONTEXT('2D SPACE',''
  ) );
#3413 = PCURVE('',#3365,#3414);
#3414 = DEFINITIONAL_REPRESENTATION('',(#3415),#3419);
#3415 = LINE('',#3416,#3417);
#3416 = CARTESIAN_POINT('',(31.,0.));
#3417 = VECTOR('',#3418,1.);
#3418 = DIRECTION('',(0.,1.));
#3419 = ( GEOMETRIC_REPRESENTATION_CONTEXT(2) 
PARAMETRIC_REPRESENTATION_CONTEXT() REPRESENTATION_CONTEXT('2D SPACE',''
  ) );
#3420 = ORIENTED_EDGE('',*,*,#3329,.T.);
#3421 = ORIENTED_EDGE('',*,*,#777,.T.);
#3422 = ORIENTED_EDGE('',*,*,#3423,.T.);
#3423 = EDGE_CURVE('',#750,#3399,#3424,.T.);
#3424 = SURFACE_CURVE('',#3425,(#3429,#3436),.PCURVE_S1.);
#3425 = LINE('',#3426,#3427);
#3426 = CARTESIAN_POINT('',(15.5,50.11,1.2));
#3427 = VECTOR('',#3428,1.);
#3428 = DIRECTION('',(0.,0.,1.));
#3429 = PCURVE('',#793,#3430);
#3430 = DEFINITIONAL_REPRESENTATION('',(#3431),#3435);
#3431 = LINE('',#3432,#3433);
#3432 = CARTESIAN_POINT('',(0.,-0.72));
#3433 = VECTOR('',#3434,1.);
#3434 = DIRECTION('',(1.,0.));
#3435 = ( GEOMETRIC_REPRESENTATION_CONTEXT(2) 
PARAMETRIC_REPRESENTATION_CONTEXT() REPRESENTATION_CONTEXT('2D SPACE',''
  ) );
#3436 = PCURVE('',#765,#3437);
#3437 = DEFINITIONAL_REPRESENTATION('',(#3438),#3442);
#3438 = LINE('',#3439,#3440);
#3439 = CARTESIAN_POINT('',(0.,31.));
#3440 = VECTOR('',#3441,1.);
#3441 = DIRECTION('',(1.,0.));
#3442 = ( GEOMETRIC_REPRESENTATION_CONTEXT(2) 
PARAMETRIC_REPRESENTATION_CONTEXT() REPRESENTATION_CONTEXT('2D SPACE',''
  ) );
#3443 = ADVANCED_FACE('',(#3444),#765,.F.);
#3444 = FACE_BOUND('',#3445,.F.);
#3445 = EDGE_LOOP('',(#3446,#3447,#3470,#3491));
#3446 = ORIENTED_EDGE('',*,*,#749,.F.);
#3447 = ORIENTED_EDGE('',*,*,#3448,.T.);
#3448 = EDGE_CURVE('',#722,#3449,#3451,.T.);
#3449 = VERTEX_POINT('',#3450);
#3450 = CARTESIAN_POINT('',(-15.5,50.11,1.9));
#3451 = SURFACE_CURVE('',#3452,(#3456,#3463),.PCURVE_S1.);
#3452 = LINE('',#3453,#3454);
#3453 = CARTESIAN_POINT('',(-15.5,50.11,1.2));
#3454 = VECTOR('',#3455,1.);
#3455 = DIRECTION('',(0.,0.,1.));
#3456 = PCURVE('',#765,#3457);
#3457 = DEFINITIONAL_REPRESENTATION('',(#3458),#3462);
#3458 = LINE('',#3459,#3460);
#3459 = CARTESIAN_POINT('',(0.,0.));
#3460 = VECTOR('',#3461,1.);
#3461 = DIRECTION('',(1.,0.));
#3462 = ( GEOMETRIC_REPRESENTATION_CONTEXT(2) 
PARAMETRIC_REPRESENTATION_CONTEXT() REPRESENTATION_CONTEXT('2D SPACE',''
  ) );
#3463 = PCURVE('',#737,#3464);
#3464 = DEFINITIONAL_REPRESENTATION('',(#3465),#3469);
#3465 = LINE('',#3466,#3467);
#3466 = CARTESIAN_POINT('',(0.,-0.72));
#3467 = VECTOR('',#3468,1.);
#3468 = DIRECTION('',(1.,0.));
#3469 = ( GEOMETRIC_REPRESENTATION_CONTEXT(2) 
PARAMETRIC_REPRESENTATION_CONTEXT() REPRESENTATION_CONTEXT('2D SPACE',''
  ) );
#3470 = ORIENTED_EDGE('',*,*,#3471,.T.);
#3471 = EDGE_CURVE('',#3449,#3399,#3472,.T.);
#3472 = SURFACE_CURVE('',#3473,(#3477,#3484),.PCURVE_S1.);
#3473 = LINE('',#3474,#3475);
#3474 = CARTESIAN_POINT('',(-15.5,50.11,1.9));
#3475 = VECTOR('',#3476,1.);
#3476 = DIRECTION('',(1.,0.,-0.));
#3477 = PCURVE('',#765,#3478);
#3478 = DEFINITIONAL_REPRESENTATION('',(#3479),#3483);
#3479 = LINE('',#3480,#3481);
#3480 = CARTESIAN_POINT('',(0.7,0.));
#3481 = VECTOR('',#3482,1.);
#3482 = DIRECTION('',(0.,1.));
#3483 = ( GEOMETRIC_REPRESENTATION_CONTEXT(2) 
PARAMETRIC_REPRESENTATION_CONTEXT() REPRESENTATION_CONTEXT('2D SPACE',''
  ) );
#3484 = PCURVE('',#3365,#3485);
#3485 = DEFINITIONAL_REPRESENTATION('',(#3486),#3490);
#3486 = LINE('',#3487,#3488);
#3487 = CARTESIAN_POINT('',(0.,0.72));
#3488 = VECTOR('',#3489,1.);
#3489 = DIRECTION('',(1.,0.));
#3490 = ( GEOMETRIC_REPRESENTATION_CONTEXT(2) 
PARAMETRIC_REPRESENTATION_CONTEXT() REPRESENTATION_CONTEXT('2D SPACE',''
  ) );
#3491 = ORIENTED_EDGE('',*,*,#3423,.F.);
#3492 = ADVANCED_FACE('',(#3493),#737,.T.);
#3493 = FACE_BOUND('',#3494,.T.);
#3494 = EDGE_LOOP('',(#3495,#3516,#3517,#3518));
#3495 = ORIENTED_EDGE('',*,*,#3496,.F.);
#3496 = EDGE_CURVE('',#3351,#3449,#3497,.T.);
#3497 = SURFACE_CURVE('',#3498,(#3502,#3509),.PCURVE_S1.);
#3498 = LINE('',#3499,#3500);
#3499 = CARTESIAN_POINT('',(-15.5,49.39,1.9));
#3500 = VECTOR('',#3501,1.);
#3501 = DIRECTION('',(-0.,1.,0.));
#3502 = PCURVE('',#737,#3503);
#3503 = DEFINITIONAL_REPRESENTATION('',(#3504),#3508);
#3504 = LINE('',#3505,#3506);
#3505 = CARTESIAN_POINT('',(0.7,0.));
#3506 = VECTOR('',#3507,1.);
#3507 = DIRECTION('',(0.,-1.));
#3508 = ( GEOMETRIC_REPRESENTATION_CONTEXT(2) 
PARAMETRIC_REPRESENTATION_CONTEXT() REPRESENTATION_CONTEXT('2D SPACE',''
  ) );
#3509 = PCURVE('',#3365,#3510);
#3510 = DEFINITIONAL_REPRESENTATION('',(#3511),#3515);
#3511 = LINE('',#3512,#3513);
#3512 = CARTESIAN_POINT('',(0.,0.));
#3513 = VECTOR('',#3514,1.);
#3514 = DIRECTION('',(0.,1.));
#3515 = ( GEOMETRIC_REPRESENTATION_CONTEXT(2) 
PARAMETRIC_REPRESENTATION_CONTEXT() REPRESENTATION_CONTEXT('2D SPACE',''
  ) );
#3516 = ORIENTED_EDGE('',*,*,#3376,.T.);
#3517 = ORIENTED_EDGE('',*,*,#721,.T.);
#3518 = ORIENTED_EDGE('',*,*,#3448,.T.);
#3519 = ADVANCED_FACE('',(#3520),#681,.F.);
#3520 = FACE_BOUND('',#3521,.T.);
#3521 = EDGE_LOOP('',(#3522,#3523,#3547,#3568));
#3522 = ORIENTED_EDGE('',*,*,#3283,.T.);
#3523 = ORIENTED_EDGE('',*,*,#3524,.T.);
#3524 = EDGE_CURVE('',#3284,#3525,#3527,.T.);
#3525 = VERTEX_POINT('',#3526);
#3526 = CARTESIAN_POINT('',(-28.4,47.,8.2));
#3527 = SURFACE_CURVE('',#3528,(#3533,#3540),.PCURVE_S1.);
#3528 = CIRCLE('',#3529,2.4);
#3529 = AXIS2_PLACEMENT_3D('',#3530,#3531,#3532);
#3530 = CARTESIAN_POINT('',(-26.,47.,8.2));
#3531 = DIRECTION('',(0.,0.,1.));
#3532 = DIRECTION('',(1.,0.,0.));
#3533 = PCURVE('',#681,#3534);
#3534 = DEFINITIONAL_REPRESENTATION('',(#3535),#3539);
#3535 = LINE('',#3536,#3537);
#3536 = CARTESIAN_POINT('',(-0.,-7.));
#3537 = VECTOR('',#3538,1.);
#3538 = DIRECTION('',(-1.,0.));
#3539 = ( GEOMETRIC_REPRESENTATION_CONTEXT(2) 
PARAMETRIC_REPRESENTATION_CONTEXT() REPRESENTATION_CONTEXT('2D SPACE',''
  ) );
#3540 = PCURVE('',#2457,#3541);
#3541 = DEFINITIONAL_REPRESENTATION('',(#3542),#3546);
#3542 = CIRCLE('',#3543,2.4);
#3543 = AXIS2_PLACEMENT_2D('',#3544,#3545);
#3544 = CARTESIAN_POINT('',(-26.,47.));
#3545 = DIRECTION('',(1.,0.));
#3546 = ( GEOMETRIC_REPRESENTATION_CONTEXT(2) 
PARAMETRIC_REPRESENTATION_CONTEXT() REPRESENTATION_CONTEXT('2D SPACE',''
  ) );
#3547 = ORIENTED_EDGE('',*,*,#3548,.F.);
#3548 = EDGE_CURVE('',#637,#3525,#3549,.T.);
#3549 = SURFACE_CURVE('',#3550,(#3554,#3561),.PCURVE_S1.);
#3550 = LINE('',#3551,#3552);
#3551 = CARTESIAN_POINT('',(-28.4,47.,1.2));
#3552 = VECTOR('',#3553,1.);
#3553 = DIRECTION('',(0.,0.,1.));
#3554 = PCURVE('',#681,#3555);
#3555 = DEFINITIONAL_REPRESENTATION('',(#3556),#3560);
#3556 = LINE('',#3557,#3558);
#3557 = CARTESIAN_POINT('',(-3.14159265359,0.));
#3558 = VECTOR('',#3559,1.);
#3559 = DIRECTION('',(-0.,-1.));
#3560 = ( GEOMETRIC_REPRESENTATION_CONTEXT(2) 
PARAMETRIC_REPRESENTATION_CONTEXT() REPRESENTATION_CONTEXT('2D SPACE',''
  ) );
#3561 = PCURVE('',#652,#3562);
#3562 = DEFINITIONAL_REPRESENTATION('',(#3563),#3567);
#3563 = LINE('',#3564,#3565);
#3564 = CARTESIAN_POINT('',(94.,0.));
#3565 = VECTOR('',#3566,1.);
#3566 = DIRECTION('',(0.,-1.));
#3567 = ( GEOMETRIC_REPRESENTATION_CONTEXT(2) 
PARAMETRIC_REPRESENTATION_CONTEXT() REPRESENTATION_CONTEXT('2D SPACE',''
  ) );
#3568 = ORIENTED_EDGE('',*,*,#664,.F.);
#3569 = ADVANCED_FACE('',(#3570),#652,.F.);
#3570 = FACE_BOUND('',#3571,.F.);
#3571 = EDGE_LOOP('',(#3572,#3573,#3594,#3615));
#3572 = ORIENTED_EDGE('',*,*,#636,.F.);
#3573 = ORIENTED_EDGE('',*,*,#3574,.T.);
#3574 = EDGE_CURVE('',#604,#3575,#3577,.T.);
#3575 = VERTEX_POINT('',#3576);
#3576 = CARTESIAN_POINT('',(-28.4,-3.614359353945,8.2));
#3577 = SURFACE_CURVE('',#3578,(#3582,#3588),.PCURVE_S1.);
#3578 = LINE('',#3579,#3580);
#3579 = CARTESIAN_POINT('',(-28.4,-3.614359353945,1.2));
#3580 = VECTOR('',#3581,1.);
#3581 = DIRECTION('',(0.,0.,1.));
#3582 = PCURVE('',#652,#3583);
#3583 = DEFINITIONAL_REPRESENTATION('',(#3584),#3587);
#3584 = B_SPLINE_CURVE_WITH_KNOTS('',1,(#3585,#3586),.UNSPECIFIED.,.F.,
  .F.,(2,2),(-2.400000000069E-06,7.0000024),.PIECEWISE_BEZIER_KNOTS.);
#3585 = CARTESIAN_POINT('',(43.385640646055,2.399999999847E-06));
#3586 = CARTESIAN_POINT('',(43.385640646055,-7.0000024));
#3587 = ( GEOMETRIC_REPRESENTATION_CONTEXT(2) 
PARAMETRIC_REPRESENTATION_CONTEXT() REPRESENTATION_CONTEXT('2D SPACE',''
  ) );
#3588 = PCURVE('',#624,#3589);
#3589 = DEFINITIONAL_REPRESENTATION('',(#3590),#3593);
#3590 = B_SPLINE_CURVE_WITH_KNOTS('',1,(#3591,#3592),.UNSPECIFIED.,.F.,
  .F.,(2,2),(0.,7.),.PIECEWISE_BEZIER_KNOTS.);
#3591 = CARTESIAN_POINT('',(8.377580409573,0.));
#3592 = CARTESIAN_POINT('',(8.377580409573,7.));
#3593 = ( GEOMETRIC_REPRESENTATION_CONTEXT(2) 
PARAMETRIC_REPRESENTATION_CONTEXT() REPRESENTATION_CONTEXT('2D SPACE',''
  ) );
#3594 = ORIENTED_EDGE('',*,*,#3595,.T.);
#3595 = EDGE_CURVE('',#3575,#3525,#3596,.T.);
#3596 = SURFACE_CURVE('',#3597,(#3601,#3608),.PCURVE_S1.);
#3597 = LINE('',#3598,#3599);
#3598 = CARTESIAN_POINT('',(-28.4,0.,8.2));
#3599 = VECTOR('',#3600,1.);
#3600 = DIRECTION('',(0.,1.,0.));
#3601 = PCURVE('',#652,#3602);
#3602 = DEFINITIONAL_REPRESENTATION('',(#3603),#3607);
#3603 = LINE('',#3604,#3605);
#3604 = CARTESIAN_POINT('',(47.,-7.));
#3605 = VECTOR('',#3606,1.);
#3606 = DIRECTION('',(1.,0.));
#3607 = ( GEOMETRIC_REPRESENTATION_CONTEXT(2) 
PARAMETRIC_REPRESENTATION_CONTEXT() REPRESENTATION_CONTEXT('2D SPACE',''
  ) );
#3608 = PCURVE('',#2457,#3609);
#3609 = DEFINITIONAL_REPRESENTATION('',(#3610),#3614);
#3610 = LINE('',#3611,#3612);
#3611 = CARTESIAN_POINT('',(-28.4,5.938399304744E-15));
#3612 = VECTOR('',#3613,1.);
#3613 = DIRECTION('',(0.,1.));
#3614 = ( GEOMETRIC_REPRESENTATION_CONTEXT(2) 
PARAMETRIC_REPRESENTATION_CONTEXT() REPRESENTATION_CONTEXT('2D SPACE',''
  ) );
#3615 = ORIENTED_EDGE('',*,*,#3548,.F.);
#3616 = ADVANCED_FACE('',(#3617),#624,.T.);
#3617 = FACE_BOUND('',#3618,.T.);
#3618 = EDGE_LOOP('',(#3619,#3643,#3662,#3663));
#3619 = ORIENTED_EDGE('',*,*,#3620,.F.);
#3620 = EDGE_CURVE('',#3621,#3575,#3623,.T.);
#3621 = VERTEX_POINT('',#3622);
#3622 = CARTESIAN_POINT('',(-28.4,-6.385640646055,8.2));
#3623 = SURFACE_CURVE('',#3624,(#3629,#3636),.PCURVE_S1.);
#3624 = CIRCLE('',#3625,1.6);
#3625 = AXIS2_PLACEMENT_3D('',#3626,#3627,#3628);
#3626 = CARTESIAN_POINT('',(-27.6,-5.,8.2));
#3627 = DIRECTION('',(0.,0.,1.));
#3628 = DIRECTION('',(-0.5,-0.866025403784,0.));
#3629 = PCURVE('',#624,#3630);
#3630 = DEFINITIONAL_REPRESENTATION('',(#3631),#3635);
#3631 = LINE('',#3632,#3633);
#3632 = CARTESIAN_POINT('',(4.188790204786,7.));
#3633 = VECTOR('',#3634,1.);
#3634 = DIRECTION('',(1.,0.));
#3635 = ( GEOMETRIC_REPRESENTATION_CONTEXT(2) 
PARAMETRIC_REPRESENTATION_CONTEXT() REPRESENTATION_CONTEXT('2D SPACE',''
  ) );
#3636 = PCURVE('',#2457,#3637);
#3637 = DEFINITIONAL_REPRESENTATION('',(#3638),#3642);
#3638 = CIRCLE('',#3639,1.6);
#3639 = AXIS2_PLACEMENT_2D('',#3640,#3641);
#3640 = CARTESIAN_POINT('',(-27.6,-5.));
#3641 = DIRECTION('',(-0.5,-0.866025403784));
#3642 = ( GEOMETRIC_REPRESENTATION_CONTEXT(2) 
PARAMETRIC_REPRESENTATION_CONTEXT() REPRESENTATION_CONTEXT('2D SPACE',''
  ) );
#3643 = ORIENTED_EDGE('',*,*,#3644,.F.);
#3644 = EDGE_CURVE('',#576,#3621,#3645,.T.);
#3645 = SURFACE_CURVE('',#3646,(#3650,#3656),.PCURVE_S1.);
#3646 = LINE('',#3647,#3648);
#3647 = CARTESIAN_POINT('',(-28.4,-6.385640646055,1.2));
#3648 = VECTOR('',#3649,1.);
#3649 = DIRECTION('',(0.,0.,1.));
#3650 = PCURVE('',#624,#3651);
#3651 = DEFINITIONAL_REPRESENTATION('',(#3652),#3655);
#3652 = B_SPLINE_CURVE_WITH_KNOTS('',1,(#3653,#3654),.UNSPECIFIED.,.F.,
  .F.,(2,2),(0.,7.),.PIECEWISE_BEZIER_KNOTS.);
#3653 = CARTESIAN_POINT('',(4.188790204786,0.));
#3654 = CARTESIAN_POINT('',(4.188790204786,7.));
#3655 = ( GEOMETRIC_REPRESENTATION_CONTEXT(2) 
PARAMETRIC_REPRESENTATION_CONTEXT() REPRESENTATION_CONTEXT('2D SPACE',''
  ) );
#3656 = PCURVE('',#591,#3657);
#3657 = DEFINITIONAL_REPRESENTATION('',(#3658),#3661);
#3658 = B_SPLINE_CURVE_WITH_KNOTS('',1,(#3659,#3660),.UNSPECIFIED.,.F.,
  .F.,(2,2),(-2.400000000069E-06,7.0000024),.PIECEWISE_BEZIER_KNOTS.);
#3659 = CARTESIAN_POINT('',(40.614359353945,2.399999999847E-06));
#3660 = CARTESIAN_POINT('',(40.614359353945,-7.0000024));
#3661 = ( GEOMETRIC_REPRESENTATION_CONTEXT(2) 
PARAMETRIC_REPRESENTATION_CONTEXT() REPRESENTATION_CONTEXT('2D SPACE',''
  ) );
#3662 = ORIENTED_EDGE('',*,*,#603,.F.);
#3663 = ORIENTED_EDGE('',*,*,#3574,.T.);
#3664 = ADVANCED_FACE('',(#3665),#591,.F.);
#3665 = FACE_BOUND('',#3666,.F.);
#3666 = EDGE_LOOP('',(#3667,#3668,#3669,#3690));
#3667 = ORIENTED_EDGE('',*,*,#575,.F.);
#3668 = ORIENTED_EDGE('',*,*,#2417,.T.);
#3669 = ORIENTED_EDGE('',*,*,#3670,.T.);
#3670 = EDGE_CURVE('',#2418,#3621,#3671,.T.);
#3671 = SURFACE_CURVE('',#3672,(#3676,#3683),.PCURVE_S1.);
#3672 = LINE('',#3673,#3674);
#3673 = CARTESIAN_POINT('',(-28.4,0.,8.2));
#3674 = VECTOR('',#3675,1.);
#3675 = DIRECTION('',(0.,1.,0.));
#3676 = PCURVE('',#591,#3677);
#3677 = DEFINITIONAL_REPRESENTATION('',(#3678),#3682);
#3678 = LINE('',#3679,#3680);
#3679 = CARTESIAN_POINT('',(47.,-7.));
#3680 = VECTOR('',#3681,1.);
#3681 = DIRECTION('',(1.,0.));
#3682 = ( GEOMETRIC_REPRESENTATION_CONTEXT(2) 
PARAMETRIC_REPRESENTATION_CONTEXT() REPRESENTATION_CONTEXT('2D SPACE',''
  ) );
#3683 = PCURVE('',#2457,#3684);
#3684 = DEFINITIONAL_REPRESENTATION('',(#3685),#3689);
#3685 = LINE('',#3686,#3687);
#3686 = CARTESIAN_POINT('',(-28.4,5.938399304744E-15));
#3687 = VECTOR('',#3688,1.);
#3688 = DIRECTION('',(0.,1.));
#3689 = ( GEOMETRIC_REPRESENTATION_CONTEXT(2) 
PARAMETRIC_REPRESENTATION_CONTEXT() REPRESENTATION_CONTEXT('2D SPACE',''
  ) );
#3690 = ORIENTED_EDGE('',*,*,#3644,.F.);
#3691 = ADVANCED_FACE('',(#3692),#1067,.T.);
#3692 = FACE_BOUND('',#3693,.T.);
#3693 = EDGE_LOOP('',(#3694,#3695,#3715,#3716,#3717,#3718,#3774,#3800));
#3694 = ORIENTED_EDGE('',*,*,#1279,.F.);
#3695 = ORIENTED_EDGE('',*,*,#3696,.T.);
#3696 = EDGE_CURVE('',#1280,#1383,#3697,.T.);
#3697 = SURFACE_CURVE('',#3698,(#3703,#3709),.PCURVE_S1.);
#3698 = CIRCLE('',#3699,1.);
#3699 = AXIS2_PLACEMENT_3D('',#3700,#3701,#3702);
#3700 = CARTESIAN_POINT('',(26.,-50.,8.4));
#3701 = DIRECTION('',(-1.,-6.123233995737E-17,0.));
#3702 = DIRECTION('',(6.123233995737E-17,-1.,-0.));
#3703 = PCURVE('',#1067,#3704);
#3704 = DEFINITIONAL_REPRESENTATION('',(#3705),#3708);
#3705 = B_SPLINE_CURVE_WITH_KNOTS('',1,(#3706,#3707),.UNSPECIFIED.,.F.,
  .F.,(2,2),(0.,1.570796326795),.PIECEWISE_BEZIER_KNOTS.);
#3706 = CARTESIAN_POINT('',(0.,0.));
#3707 = CARTESIAN_POINT('',(1.570796326795,0.));
#3708 = ( GEOMETRIC_REPRESENTATION_CONTEXT(2) 
PARAMETRIC_REPRESENTATION_CONTEXT() REPRESENTATION_CONTEXT('2D SPACE',''
  ) );
#3709 = PCURVE('',#1426,#3710);
#3710 = DEFINITIONAL_REPRESENTATION('',(#3711),#3714);
#3711 = B_SPLINE_CURVE_WITH_KNOTS('',1,(#3712,#3713),.UNSPECIFIED.,.F.,
  .F.,(2,2),(0.,1.570796326795),.PIECEWISE_BEZIER_KNOTS.);
#3712 = CARTESIAN_POINT('',(-1.570796326795,0.));
#3713 = CARTESIAN_POINT('',(-1.570796326795,1.570796326795));
#3714 = ( GEOMETRIC_REPRESENTATION_CONTEXT(2) 
PARAMETRIC_REPRESENTATION_CONTEXT() REPRESENTATION_CONTEXT('2D SPACE',''
  ) );
#3715 = ORIENTED_EDGE('',*,*,#1382,.T.);
#3716 = ORIENTED_EDGE('',*,*,#1327,.F.);
#3717 = ORIENTED_EDGE('',*,*,#1051,.F.);
#3718 = ORIENTED_EDGE('',*,*,#3719,.T.);
#3719 = EDGE_CURVE('',#1052,#3720,#3722,.T.);
#3720 = VERTEX_POINT('',#3721);
#3721 = CARTESIAN_POINT('',(-1.01,-50.8479976415,8.93));
#3722 = SURFACE_CURVE('',#3723,(#3738,#3756),.PCURVE_S1.);
#3723 = B_SPLINE_CURVE_WITH_KNOTS('',7,(#3724,#3725,#3726,#3727,#3728,
    #3729,#3730,#3731,#3732,#3733,#3734,#3735,#3736,#3737),
  .UNSPECIFIED.,.F.,.F.,(8,6,8),(0.,0.423922660435,1.),.UNSPECIFIED.);
#3724 = CARTESIAN_POINT('',(-2.646001222493,-51.,8.4));
#3725 = CARTESIAN_POINT('',(-2.559851955777,-51.,8.462362967109));
#3726 = CARTESIAN_POINT('',(-2.471024300929,-50.99546262958,
    8.520825740067));
#3727 = CARTESIAN_POINT('',(-2.379869500117,-50.98740959779,
    8.575158030827));
#3728 = CARTESIAN_POINT('',(-2.286675272598,-50.97673751775,
    8.62524870028));
#3729 = CARTESIAN_POINT('',(-2.191664313179,-50.96426013346,
    8.671047974987));
#3730 = CARTESIAN_POINT('',(-2.094998667587,-50.95073508607,
    8.712528306349));
#3731 = CARTESIAN_POINT('',(-1.863332158617,-50.91804075735,
    8.800128166734));
#3732 = CARTESIAN_POINT('',(-1.725882548917,-50.89842664777,
    8.843000932867));
#3733 = CARTESIAN_POINT('',(-1.585646274107,-50.87994447434,
    8.877585092096));
#3734 = CARTESIAN_POINT('',(-1.443593229012,-50.86448242828,
    8.90362357347));
#3735 = CARTESIAN_POINT('',(-1.300242742464,-50.85354637586,
    8.921122211111));
#3736 = CARTESIAN_POINT('',(-1.155707478386,-50.8479976415,8.93));
#3737 = CARTESIAN_POINT('',(-1.01,-50.8479976415,8.93));
#3738 = PCURVE('',#1067,#3739);
#3739 = DEFINITIONAL_REPRESENTATION('',(#3740),#3755);
#3740 = B_SPLINE_CURVE_WITH_KNOTS('',7,(#3741,#3742,#3743,#3744,#3745,
    #3746,#3747,#3748,#3749,#3750,#3751,#3752,#3753,#3754),
  .UNSPECIFIED.,.F.,.F.,(8,6,8),(0.,0.423922660435,1.),.UNSPECIFIED.);
#3741 = CARTESIAN_POINT('',(0.,28.646001222493));
#3742 = CARTESIAN_POINT('',(6.236296710871E-02,28.559851955777));
#3743 = CARTESIAN_POINT('',(0.120826069827,28.471024300929));
#3744 = CARTESIAN_POINT('',(0.17555330724,28.379869500117));
#3745 = CARTESIAN_POINT('',(0.226611341002,28.286675272598));
#3746 = CARTESIAN_POINT('',(0.273983233369,28.191664313179));
#3747 = CARTESIAN_POINT('',(0.3175746181,28.094998667587));
#3748 = CARTESIAN_POINT('',(0.411076782085,27.863332158617));
#3749 = CARTESIAN_POINT('',(0.458101595171,27.725882548917));
#3750 = CARTESIAN_POINT('',(0.497220184281,27.585646274107));
#3751 = CARTESIAN_POINT('',(0.527496665223,27.443593229012));
#3752 = CARTESIAN_POINT('',(0.548131368149,27.300242742464));
#3753 = CARTESIAN_POINT('',(0.558600565343,27.155707478386));
#3754 = CARTESIAN_POINT('',(0.558600565343,27.01));
#3755 = ( GEOMETRIC_REPRESENTATION_CONTEXT(2) 
PARAMETRIC_REPRESENTATION_CONTEXT() REPRESENTATION_CONTEXT('2D SPACE',''
  ) );
#3756 = PCURVE('',#1096,#3757);
#3757 = DEFINITIONAL_REPRESENTATION('',(#3758),#3773);
#3758 = B_SPLINE_CURVE_WITH_KNOTS('',7,(#3759,#3760,#3761,#3762,#3763,
    #3764,#3765,#3766,#3767,#3768,#3769,#3770,#3771,#3772),
  .UNSPECIFIED.,.F.,.F.,(8,6,8),(0.,0.423922660435,1.),.UNSPECIFIED.);
#3759 = CARTESIAN_POINT('',(4.085805890812,-0.3));
#3760 = CARTESIAN_POINT('',(4.123925035377,-0.3));
#3761 = CARTESIAN_POINT('',(4.162002071031,-0.295462629583));
#3762 = CARTESIAN_POINT('',(4.199977246513,-0.287409597799));
#3763 = CARTESIAN_POINT('',(4.237832842889,-0.276737517751));
#3764 = CARTESIAN_POINT('',(4.275578941591,-0.264260133466));
#3765 = CARTESIAN_POINT('',(4.313245076626,-0.250735086073));
#3766 = CARTESIAN_POINT('',(4.402017623709,-0.218040757354));
#3767 = CARTESIAN_POINT('',(4.453533409984,-0.198426647779));
#3768 = CARTESIAN_POINT('',(4.505150863909,-0.179944474343));
#3769 = CARTESIAN_POINT('',(4.55674637266,-0.164482428288));
#3770 = CARTESIAN_POINT('',(4.608359368555,-0.153546375865));
#3771 = CARTESIAN_POINT('',(4.660164077737,-0.147997641506));
#3772 = CARTESIAN_POINT('',(4.712388980385,-0.147997641506));
#3773 = ( GEOMETRIC_REPRESENTATION_CONTEXT(2) 
PARAMETRIC_REPRESENTATION_CONTEXT() REPRESENTATION_CONTEXT('2D SPACE',''
  ) );
#3774 = ORIENTED_EDGE('',*,*,#3775,.F.);
#3775 = EDGE_CURVE('',#3776,#3720,#3778,.T.);
#3776 = VERTEX_POINT('',#3777);
#3777 = CARTESIAN_POINT('',(5.81,-50.8479976415,8.93));
#3778 = SURFACE_CURVE('',#3779,(#3783,#3789),.PCURVE_S1.);
#3779 = LINE('',#3780,#3781);
#3780 = CARTESIAN_POINT('',(26.,-50.8479976415,8.93));
#3781 = VECTOR('',#3782,1.);
#3782 = DIRECTION('',(-1.,-0.,-0.));
#3783 = PCURVE('',#1067,#3784);
#3784 = DEFINITIONAL_REPRESENTATION('',(#3785),#3788);
#3785 = B_SPLINE_CURVE_WITH_KNOTS('',1,(#3786,#3787),.UNSPECIFIED.,.F.,
  .F.,(2,2),(19.508,27.692),.PIECEWISE_BEZIER_KNOTS.);
#3786 = CARTESIAN_POINT('',(0.558600565343,19.508));
#3787 = CARTESIAN_POINT('',(0.558600565343,27.692));
#3788 = ( GEOMETRIC_REPRESENTATION_CONTEXT(2) 
PARAMETRIC_REPRESENTATION_CONTEXT() REPRESENTATION_CONTEXT('2D SPACE',''
  ) );
#3789 = PCURVE('',#3790,#3795);
#3790 = PLANE('',#3791);
#3791 = AXIS2_PLACEMENT_3D('',#3792,#3793,#3794);
#3792 = CARTESIAN_POINT('',(-1.01,-50.7,8.93));
#3793 = DIRECTION('',(0.,-0.,1.));
#3794 = DIRECTION('',(1.,0.,0.));
#3795 = DEFINITIONAL_REPRESENTATION('',(#3796),#3799);
#3796 = B_SPLINE_CURVE_WITH_KNOTS('',1,(#3797,#3798),.UNSPECIFIED.,.F.,
  .F.,(2,2),(19.508,27.692),.PIECEWISE_BEZIER_KNOTS.);
#3797 = CARTESIAN_POINT('',(7.502,-0.147997641506));
#3798 = CARTESIAN_POINT('',(-0.682,-0.147997641506));
#3799 = ( GEOMETRIC_REPRESENTATION_CONTEXT(2) 
PARAMETRIC_REPRESENTATION_CONTEXT() REPRESENTATION_CONTEXT('2D SPACE',''
  ) );
#3800 = ORIENTED_EDGE('',*,*,#3801,.T.);
#3801 = EDGE_CURVE('',#3776,#1251,#3802,.T.);
#3802 = SURFACE_CURVE('',#3803,(#3818,#3836),.PCURVE_S1.);
#3803 = B_SPLINE_CURVE_WITH_KNOTS('',7,(#3804,#3805,#3806,#3807,#3808,
    #3809,#3810,#3811,#3812,#3813,#3814,#3815,#3816,#3817),
  .UNSPECIFIED.,.F.,.F.,(8,6,8),(0.,0.575712199603,1.),.UNSPECIFIED.);
#3804 = CARTESIAN_POINT('',(5.81,-50.8479976415,8.93));
#3805 = CARTESIAN_POINT('',(5.955613884322,-50.8479976415,8.93));
#3806 = CARTESIAN_POINT('',(6.100058357783,-50.85353924994,
    8.921133612388));
#3807 = CARTESIAN_POINT('',(6.243320338875,-50.86446153789,
    8.903656999332));
#3808 = CARTESIAN_POINT('',(6.385286903282,-50.87990534341,
    8.877651039182));
#3809 = CARTESIAN_POINT('',(6.525439488954,-50.8983683129,8.843110113802
    ));
#3810 = CARTESIAN_POINT('',(6.662809916221,-50.91796623753,
    8.800290798887));
#3811 = CARTESIAN_POINT('',(6.894496682656,-50.95066484188,
    8.712743665256));
#3812 = CARTESIAN_POINT('',(6.991253219823,-50.96420613535,
    8.671246104063));
#3813 = CARTESIAN_POINT('',(7.086352685703,-50.97670056643,
    8.625422060057));
#3814 = CARTESIAN_POINT('',(7.179632811221,-50.98738867729,
    8.575299088838));
#3815 = CARTESIAN_POINT('',(7.270870480543,-50.99545476438,
    8.520926968077));
#3816 = CARTESIAN_POINT('',(7.359777324132,-51.,8.462416992534));
#3817 = CARTESIAN_POINT('',(7.446001222493,-51.,8.4));
#3818 = PCURVE('',#1067,#3819);
#3819 = DEFINITIONAL_REPRESENTATION('',(#3820),#3835);
#3820 = B_SPLINE_CURVE_WITH_KNOTS('',7,(#3821,#3822,#3823,#3824,#3825,
    #3826,#3827,#3828,#3829,#3830,#3831,#3832,#3833,#3834),
  .UNSPECIFIED.,.F.,.F.,(8,6,8),(0.,0.575712199603,1.),.UNSPECIFIED.);
#3821 = CARTESIAN_POINT('',(0.558600565343,20.19));
#3822 = CARTESIAN_POINT('',(0.558600565343,20.044386115678));
#3823 = CARTESIAN_POINT('',(0.548144812706,19.899941642217));
#3824 = CARTESIAN_POINT('',(0.527536083769,19.756679661125));
#3825 = CARTESIAN_POINT('',(0.497296844496,19.614713096719));
#3826 = CARTESIAN_POINT('',(0.458225094856,19.474560511046));
#3827 = CARTESIAN_POINT('',(0.41125520656,19.337190083779));
#3828 = CARTESIAN_POINT('',(0.317800943236,19.105503317344));
#3829 = CARTESIAN_POINT('',(0.274188173302,19.008746780177));
#3830 = CARTESIAN_POINT('',(0.22678805152,18.913647314297));
#3831 = CARTESIAN_POINT('',(0.175695390504,18.820367188779));
#3832 = CARTESIAN_POINT('',(0.120927299807,18.729129519457));
#3833 = CARTESIAN_POINT('',(6.241699253404E-02,18.640222675868));
#3834 = CARTESIAN_POINT('',(0.,18.553998777507));
#3835 = ( GEOMETRIC_REPRESENTATION_CONTEXT(2) 
PARAMETRIC_REPRESENTATION_CONTEXT() REPRESENTATION_CONTEXT('2D SPACE',''
  ) );
#3836 = PCURVE('',#1267,#3837);
#3837 = DEFINITIONAL_REPRESENTATION('',(#3838),#3853);
#3838 = B_SPLINE_CURVE_WITH_KNOTS('',7,(#3839,#3840,#3841,#3842,#3843,
    #3844,#3845,#3846,#3847,#3848,#3849,#3850,#3851,#3852),
  .UNSPECIFIED.,.F.,.F.,(8,6,8),(0.,0.575712199603,1.),.UNSPECIFIED.);
#3839 = CARTESIAN_POINT('',(4.712388980385,-0.147997641506));
#3840 = CARTESIAN_POINT('',(4.764580336772,-0.147997641506));
#3841 = CARTESIAN_POINT('',(4.816352504714,-0.15353924994));
#3842 = CARTESIAN_POINT('',(4.867933329131,-0.164461537897));
#3843 = CARTESIAN_POINT('',(4.919496561856,-0.179905343416));
#3844 = CARTESIAN_POINT('',(4.971081474109,-0.198368312906));
#3845 = CARTESIAN_POINT('',(5.02256463412,-0.217966237536));
#3846 = CARTESIAN_POINT('',(5.111337290775,-0.250664841886));
#3847 = CARTESIAN_POINT('',(5.1490357053,-0.264206135356));
#3848 = CARTESIAN_POINT('',(5.186814087226,-0.276700566438));
#3849 = CARTESIAN_POINT('',(5.224702112865,-0.287388677291));
#3850 = CARTESIAN_POINT('',(5.262709955077,-0.295454764385));
#3851 = CARTESIAN_POINT('',(5.300819902541,-0.3));
#3852 = CARTESIAN_POINT('',(5.338972069957,-0.3));
#3853 = ( GEOMETRIC_REPRESENTATION_CONTEXT(2) 
PARAMETRIC_REPRESENTATION_CONTEXT() REPRESENTATION_CONTEXT('2D SPACE',''
  ) );
#3854 = ADVANCED_FACE('',(#3855),#1267,.F.);
#3855 = FACE_BOUND('',#3856,.F.);
#3856 = EDGE_LOOP('',(#3857,#3880,#3881,#3882,#3905));
#3857 = ORIENTED_EDGE('',*,*,#3858,.F.);
#3858 = EDGE_CURVE('',#3776,#3859,#3861,.T.);
#3859 = VERTEX_POINT('',#3860);
#3860 = CARTESIAN_POINT('',(5.81,-50.4,8.93));
#3861 = SURFACE_CURVE('',#3862,(#3866,#3873),.PCURVE_S1.);
#3862 = LINE('',#3863,#3864);
#3863 = CARTESIAN_POINT('',(5.81,-51.,8.93));
#3864 = VECTOR('',#3865,1.);
#3865 = DIRECTION('',(0.,1.,0.));
#3866 = PCURVE('',#1267,#3867);
#3867 = DEFINITIONAL_REPRESENTATION('',(#3868),#3872);
#3868 = LINE('',#3869,#3870);
#3869 = CARTESIAN_POINT('',(4.712388980385,-0.3));
#3870 = VECTOR('',#3871,1.);
#3871 = DIRECTION('',(-0.,1.));
#3872 = ( GEOMETRIC_REPRESENTATION_CONTEXT(2) 
PARAMETRIC_REPRESENTATION_CONTEXT() REPRESENTATION_CONTEXT('2D SPACE',''
  ) );
#3873 = PCURVE('',#3790,#3874);
#3874 = DEFINITIONAL_REPRESENTATION('',(#3875),#3879);
#3875 = LINE('',#3876,#3877);
#3876 = CARTESIAN_POINT('',(6.82,-0.3));
#3877 = VECTOR('',#3878,1.);
#3878 = DIRECTION('',(0.,1.));
#3879 = ( GEOMETRIC_REPRESENTATION_CONTEXT(2) 
PARAMETRIC_REPRESENTATION_CONTEXT() REPRESENTATION_CONTEXT('2D SPACE',''
  ) );
#3880 = ORIENTED_EDGE('',*,*,#3801,.T.);
#3881 = ORIENTED_EDGE('',*,*,#1250,.T.);
#3882 = ORIENTED_EDGE('',*,*,#3883,.T.);
#3883 = EDGE_CURVE('',#1223,#3884,#3886,.T.);
#3884 = VERTEX_POINT('',#3885);
#3885 = CARTESIAN_POINT('',(8.6,-50.4,6.14));
#3886 = SURFACE_CURVE('',#3887,(#3891,#3898),.PCURVE_S1.);
#3887 = LINE('',#3888,#3889);
#3888 = CARTESIAN_POINT('',(8.6,-51.,6.14));
#3889 = VECTOR('',#3890,1.);
#3890 = DIRECTION('',(0.,1.,0.));
#3891 = PCURVE('',#1267,#3892);
#3892 = DEFINITIONAL_REPRESENTATION('',(#3893),#3897);
#3893 = LINE('',#3894,#3895);
#3894 = CARTESIAN_POINT('',(6.28318530718,-0.3));
#3895 = VECTOR('',#3896,1.);
#3896 = DIRECTION('',(-0.,1.));
#3897 = ( GEOMETRIC_REPRESENTATION_CONTEXT(2) 
PARAMETRIC_REPRESENTATION_CONTEXT() REPRESENTATION_CONTEXT('2D SPACE',''
  ) );
#3898 = PCURVE('',#1238,#3899);
#3899 = DEFINITIONAL_REPRESENTATION('',(#3900),#3904);
#3900 = LINE('',#3901,#3902);
#3901 = CARTESIAN_POINT('',(0.,-0.3));
#3902 = VECTOR('',#3903,1.);
#3903 = DIRECTION('',(0.,1.));
#3904 = ( GEOMETRIC_REPRESENTATION_CONTEXT(2) 
PARAMETRIC_REPRESENTATION_CONTEXT() REPRESENTATION_CONTEXT('2D SPACE',''
  ) );
#3905 = ORIENTED_EDGE('',*,*,#3906,.F.);
#3906 = EDGE_CURVE('',#3859,#3884,#3907,.T.);
#3907 = SURFACE_CURVE('',#3908,(#3913,#3920),.PCURVE_S1.);
#3908 = CIRCLE('',#3909,2.79);
#3909 = AXIS2_PLACEMENT_3D('',#3910,#3911,#3912);
#3910 = CARTESIAN_POINT('',(5.81,-50.4,6.14));
#3911 = DIRECTION('',(-0.,1.,0.));
#3912 = DIRECTION('',(1.,0.,0.));
#3913 = PCURVE('',#1267,#3914);
#3914 = DEFINITIONAL_REPRESENTATION('',(#3915),#3919);
#3915 = LINE('',#3916,#3917);
#3916 = CARTESIAN_POINT('',(-0.,0.3));
#3917 = VECTOR('',#3918,1.);
#3918 = DIRECTION('',(1.,-0.));
#3919 = ( GEOMETRIC_REPRESENTATION_CONTEXT(2) 
PARAMETRIC_REPRESENTATION_CONTEXT() REPRESENTATION_CONTEXT('2D SPACE',''
  ) );
#3920 = PCURVE('',#3921,#3926);
#3921 = PLANE('',#3922);
#3922 = AXIS2_PLACEMENT_3D('',#3923,#3924,#3925);
#3923 = CARTESIAN_POINT('',(2.4,-50.4,6.13));
#3924 = DIRECTION('',(0.,1.,0.));
#3925 = DIRECTION('',(1.,0.,0.));
#3926 = DEFINITIONAL_REPRESENTATION('',(#3927),#3931);
#3927 = CIRCLE('',#3928,2.79);
#3928 = AXIS2_PLACEMENT_2D('',#3929,#3930);
#3929 = CARTESIAN_POINT('',(3.41,-1.E-02));
#3930 = DIRECTION('',(1.,0.));
#3931 = ( GEOMETRIC_REPRESENTATION_CONTEXT(2) 
PARAMETRIC_REPRESENTATION_CONTEXT() REPRESENTATION_CONTEXT('2D SPACE',''
  ) );
#3932 = ADVANCED_FACE('',(#3933),#1238,.F.);
#3933 = FACE_BOUND('',#3934,.F.);
#3934 = EDGE_LOOP('',(#3935,#3936,#3937,#3960));
#3935 = ORIENTED_EDGE('',*,*,#3883,.F.);
#3936 = ORIENTED_EDGE('',*,*,#1222,.T.);
#3937 = ORIENTED_EDGE('',*,*,#3938,.T.);
#3938 = EDGE_CURVE('',#1194,#3939,#3941,.T.);
#3939 = VERTEX_POINT('',#3940);
#3940 = CARTESIAN_POINT('',(8.6,-50.4,6.12));
#3941 = SURFACE_CURVE('',#3942,(#3946,#3953),.PCURVE_S1.);
#3942 = LINE('',#3943,#3944);
#3943 = CARTESIAN_POINT('',(8.6,-51.,6.12));
#3944 = VECTOR('',#3945,1.);
#3945 = DIRECTION('',(0.,1.,0.));
#3946 = PCURVE('',#1238,#3947);
#3947 = DEFINITIONAL_REPRESENTATION('',(#3948),#3952);
#3948 = LINE('',#3949,#3950);
#3949 = CARTESIAN_POINT('',(2.E-02,-0.3));
#3950 = VECTOR('',#3951,1.);
#3951 = DIRECTION('',(0.,1.));
#3952 = ( GEOMETRIC_REPRESENTATION_CONTEXT(2) 
PARAMETRIC_REPRESENTATION_CONTEXT() REPRESENTATION_CONTEXT('2D SPACE',''
  ) );
#3953 = PCURVE('',#1210,#3954);
#3954 = DEFINITIONAL_REPRESENTATION('',(#3955),#3959);
#3955 = LINE('',#3956,#3957);
#3956 = CARTESIAN_POINT('',(0.,-0.3));
#3957 = VECTOR('',#3958,1.);
#3958 = DIRECTION('',(-0.,1.));
#3959 = ( GEOMETRIC_REPRESENTATION_CONTEXT(2) 
PARAMETRIC_REPRESENTATION_CONTEXT() REPRESENTATION_CONTEXT('2D SPACE',''
  ) );
#3960 = ORIENTED_EDGE('',*,*,#3961,.F.);
#3961 = EDGE_CURVE('',#3884,#3939,#3962,.T.);
#3962 = SURFACE_CURVE('',#3963,(#3967,#3974),.PCURVE_S1.);
#3963 = LINE('',#3964,#3965);
#3964 = CARTESIAN_POINT('',(8.6,-50.4,6.13));
#3965 = VECTOR('',#3966,1.);
#3966 = DIRECTION('',(0.,0.,-1.));
#3967 = PCURVE('',#1238,#3968);
#3968 = DEFINITIONAL_REPRESENTATION('',(#3969),#3973);
#3969 = LINE('',#3970,#3971);
#3970 = CARTESIAN_POINT('',(1.E-02,0.3));
#3971 = VECTOR('',#3972,1.);
#3972 = DIRECTION('',(1.,0.));
#3973 = ( GEOMETRIC_REPRESENTATION_CONTEXT(2) 
PARAMETRIC_REPRESENTATION_CONTEXT() REPRESENTATION_CONTEXT('2D SPACE',''
  ) );
#3974 = PCURVE('',#3921,#3975);
#3975 = DEFINITIONAL_REPRESENTATION('',(#3976),#3980);
#3976 = LINE('',#3977,#3978);
#3977 = CARTESIAN_POINT('',(6.2,1.774131786788E-16));
#3978 = VECTOR('',#3979,1.);
#3979 = DIRECTION('',(0.,1.));
#3980 = ( GEOMETRIC_REPRESENTATION_CONTEXT(2) 
PARAMETRIC_REPRESENTATION_CONTEXT() REPRESENTATION_CONTEXT('2D SPACE',''
  ) );
#3981 = ADVANCED_FACE('',(#3982),#1210,.F.);
#3982 = FACE_BOUND('',#3983,.F.);
#3983 = EDGE_LOOP('',(#3984,#3985,#3986,#4009));
#3984 = ORIENTED_EDGE('',*,*,#3938,.F.);
#3985 = ORIENTED_EDGE('',*,*,#1193,.T.);
#3986 = ORIENTED_EDGE('',*,*,#3987,.F.);
#3987 = EDGE_CURVE('',#3988,#1166,#3990,.T.);
#3988 = VERTEX_POINT('',#3989);
#3989 = CARTESIAN_POINT('',(5.81,-50.4,3.33));
#3990 = SURFACE_CURVE('',#3991,(#3995,#4002),.PCURVE_S1.);
#3991 = LINE('',#3992,#3993);
#3992 = CARTESIAN_POINT('',(5.81,-50.4,3.33));
#3993 = VECTOR('',#3994,1.);
#3994 = DIRECTION('',(0.,-1.,0.));
#3995 = PCURVE('',#1210,#3996);
#3996 = DEFINITIONAL_REPRESENTATION('',(#3997),#4001);
#3997 = LINE('',#3998,#3999);
#3998 = CARTESIAN_POINT('',(1.570796326795,0.3));
#3999 = VECTOR('',#4000,1.);
#4000 = DIRECTION('',(0.,-1.));
#4001 = ( GEOMETRIC_REPRESENTATION_CONTEXT(2) 
PARAMETRIC_REPRESENTATION_CONTEXT() REPRESENTATION_CONTEXT('2D SPACE',''
  ) );
#4002 = PCURVE('',#1181,#4003);
#4003 = DEFINITIONAL_REPRESENTATION('',(#4004),#4008);
#4004 = LINE('',#4005,#4006);
#4005 = CARTESIAN_POINT('',(6.82,0.3));
#4006 = VECTOR('',#4007,1.);
#4007 = DIRECTION('',(0.,-1.));
#4008 = ( GEOMETRIC_REPRESENTATION_CONTEXT(2) 
PARAMETRIC_REPRESENTATION_CONTEXT() REPRESENTATION_CONTEXT('2D SPACE',''
  ) );
#4009 = ORIENTED_EDGE('',*,*,#4010,.F.);
#4010 = EDGE_CURVE('',#3939,#3988,#4011,.T.);
#4011 = SURFACE_CURVE('',#4012,(#4017,#4024),.PCURVE_S1.);
#4012 = CIRCLE('',#4013,2.79);
#4013 = AXIS2_PLACEMENT_3D('',#4014,#4015,#4016);
#4014 = CARTESIAN_POINT('',(5.81,-50.4,6.12));
#4015 = DIRECTION('',(-0.,1.,0.));
#4016 = DIRECTION('',(1.,0.,0.));
#4017 = PCURVE('',#1210,#4018);
#4018 = DEFINITIONAL_REPRESENTATION('',(#4019),#4023);
#4019 = LINE('',#4020,#4021);
#4020 = CARTESIAN_POINT('',(-0.,0.3));
#4021 = VECTOR('',#4022,1.);
#4022 = DIRECTION('',(1.,-0.));
#4023 = ( GEOMETRIC_REPRESENTATION_CONTEXT(2) 
PARAMETRIC_REPRESENTATION_CONTEXT() REPRESENTATION_CONTEXT('2D SPACE',''
  ) );
#4024 = PCURVE('',#3921,#4025);
#4025 = DEFINITIONAL_REPRESENTATION('',(#4026),#4030);
#4026 = CIRCLE('',#4027,2.79);
#4027 = AXIS2_PLACEMENT_2D('',#4028,#4029);
#4028 = CARTESIAN_POINT('',(3.41,1.E-02));
#4029 = DIRECTION('',(1.,0.));
#4030 = ( GEOMETRIC_REPRESENTATION_CONTEXT(2) 
PARAMETRIC_REPRESENTATION_CONTEXT() REPRESENTATION_CONTEXT('2D SPACE',''
  ) );
#4031 = ADVANCED_FACE('',(#4032),#1181,.T.);
#4032 = FACE_BOUND('',#4033,.T.);
#4033 = EDGE_LOOP('',(#4034,#4035,#4036,#4059));
#4034 = ORIENTED_EDGE('',*,*,#1165,.T.);
#4035 = ORIENTED_EDGE('',*,*,#3987,.F.);
#4036 = ORIENTED_EDGE('',*,*,#4037,.F.);
#4037 = EDGE_CURVE('',#4038,#3988,#4040,.T.);
#4038 = VERTEX_POINT('',#4039);
#4039 = CARTESIAN_POINT('',(-1.01,-50.4,3.33));
#4040 = SURFACE_CURVE('',#4041,(#4045,#4052),.PCURVE_S1.);
#4041 = LINE('',#4042,#4043);
#4042 = CARTESIAN_POINT('',(2.4,-50.4,3.33));
#4043 = VECTOR('',#4044,1.);
#4044 = DIRECTION('',(1.,0.,0.));
#4045 = PCURVE('',#1181,#4046);
#4046 = DEFINITIONAL_REPRESENTATION('',(#4047),#4051);
#4047 = LINE('',#4048,#4049);
#4048 = CARTESIAN_POINT('',(3.41,0.3));
#4049 = VECTOR('',#4050,1.);
#4050 = DIRECTION('',(1.,0.));
#4051 = ( GEOMETRIC_REPRESENTATION_CONTEXT(2) 
PARAMETRIC_REPRESENTATION_CONTEXT() REPRESENTATION_CONTEXT('2D SPACE',''
  ) );
#4052 = PCURVE('',#3921,#4053);
#4053 = DEFINITIONAL_REPRESENTATION('',(#4054),#4058);
#4054 = LINE('',#4055,#4056);
#4055 = CARTESIAN_POINT('',(-6.301062729427E-16,2.8));
#4056 = VECTOR('',#4057,1.);
#4057 = DIRECTION('',(1.,0.));
#4058 = ( GEOMETRIC_REPRESENTATION_CONTEXT(2) 
PARAMETRIC_REPRESENTATION_CONTEXT() REPRESENTATION_CONTEXT('2D SPACE',''
  ) );
#4059 = ORIENTED_EDGE('',*,*,#4060,.T.);
#4060 = EDGE_CURVE('',#4038,#1137,#4061,.T.);
#4061 = SURFACE_CURVE('',#4062,(#4066,#4073),.PCURVE_S1.);
#4062 = LINE('',#4063,#4064);
#4063 = CARTESIAN_POINT('',(-1.01,-50.4,3.33));
#4064 = VECTOR('',#4065,1.);
#4065 = DIRECTION('',(0.,-1.,0.));
#4066 = PCURVE('',#1181,#4067);
#4067 = DEFINITIONAL_REPRESENTATION('',(#4068),#4072);
#4068 = LINE('',#4069,#4070);
#4069 = CARTESIAN_POINT('',(0.,0.3));
#4070 = VECTOR('',#4071,1.);
#4071 = DIRECTION('',(0.,-1.));
#4072 = ( GEOMETRIC_REPRESENTATION_CONTEXT(2) 
PARAMETRIC_REPRESENTATION_CONTEXT() REPRESENTATION_CONTEXT('2D SPACE',''
  ) );
#4073 = PCURVE('',#1153,#4074);
#4074 = DEFINITIONAL_REPRESENTATION('',(#4075),#4079);
#4075 = LINE('',#4076,#4077);
#4076 = CARTESIAN_POINT('',(1.570796326795,0.3));
#4077 = VECTOR('',#4078,1.);
#4078 = DIRECTION('',(0.,-1.));
#4079 = ( GEOMETRIC_REPRESENTATION_CONTEXT(2) 
PARAMETRIC_REPRESENTATION_CONTEXT() REPRESENTATION_CONTEXT('2D SPACE',''
  ) );
#4080 = ADVANCED_FACE('',(#4081),#1153,.F.);
#4081 = FACE_BOUND('',#4082,.F.);
#4082 = EDGE_LOOP('',(#4083,#4084,#4107,#4129));
#4083 = ORIENTED_EDGE('',*,*,#1136,.T.);
#4084 = ORIENTED_EDGE('',*,*,#4085,.F.);
#4085 = EDGE_CURVE('',#4086,#1109,#4088,.T.);
#4086 = VERTEX_POINT('',#4087);
#4087 = CARTESIAN_POINT('',(-3.8,-50.4,6.12));
#4088 = SURFACE_CURVE('',#4089,(#4093,#4100),.PCURVE_S1.);
#4089 = LINE('',#4090,#4091);
#4090 = CARTESIAN_POINT('',(-3.8,-50.4,6.12));
#4091 = VECTOR('',#4092,1.);
#4092 = DIRECTION('',(0.,-1.,0.));
#4093 = PCURVE('',#1153,#4094);
#4094 = DEFINITIONAL_REPRESENTATION('',(#4095),#4099);
#4095 = LINE('',#4096,#4097);
#4096 = CARTESIAN_POINT('',(3.14159265359,0.3));
#4097 = VECTOR('',#4098,1.);
#4098 = DIRECTION('',(0.,-1.));
#4099 = ( GEOMETRIC_REPRESENTATION_CONTEXT(2) 
PARAMETRIC_REPRESENTATION_CONTEXT() REPRESENTATION_CONTEXT('2D SPACE',''
  ) );
#4100 = PCURVE('',#1124,#4101);
#4101 = DEFINITIONAL_REPRESENTATION('',(#4102),#4106);
#4102 = LINE('',#4103,#4104);
#4103 = CARTESIAN_POINT('',(2.E-02,0.3));
#4104 = VECTOR('',#4105,1.);
#4105 = DIRECTION('',(0.,-1.));
#4106 = ( GEOMETRIC_REPRESENTATION_CONTEXT(2) 
PARAMETRIC_REPRESENTATION_CONTEXT() REPRESENTATION_CONTEXT('2D SPACE',''
  ) );
#4107 = ORIENTED_EDGE('',*,*,#4108,.F.);
#4108 = EDGE_CURVE('',#4038,#4086,#4109,.T.);
#4109 = SURFACE_CURVE('',#4110,(#4115,#4122),.PCURVE_S1.);
#4110 = CIRCLE('',#4111,2.79);
#4111 = AXIS2_PLACEMENT_3D('',#4112,#4113,#4114);
#4112 = CARTESIAN_POINT('',(-1.01,-50.4,6.12));
#4113 = DIRECTION('',(-0.,1.,0.));
#4114 = DIRECTION('',(1.,0.,0.));
#4115 = PCURVE('',#1153,#4116);
#4116 = DEFINITIONAL_REPRESENTATION('',(#4117),#4121);
#4117 = LINE('',#4118,#4119);
#4118 = CARTESIAN_POINT('',(-0.,0.3));
#4119 = VECTOR('',#4120,1.);
#4120 = DIRECTION('',(1.,-0.));
#4121 = ( GEOMETRIC_REPRESENTATION_CONTEXT(2) 
PARAMETRIC_REPRESENTATION_CONTEXT() REPRESENTATION_CONTEXT('2D SPACE',''
  ) );
#4122 = PCURVE('',#3921,#4123);
#4123 = DEFINITIONAL_REPRESENTATION('',(#4124),#4128);
#4124 = CIRCLE('',#4125,2.79);
#4125 = AXIS2_PLACEMENT_2D('',#4126,#4127);
#4126 = CARTESIAN_POINT('',(-3.41,1.E-02));
#4127 = DIRECTION('',(1.,0.));
#4128 = ( GEOMETRIC_REPRESENTATION_CONTEXT(2) 
PARAMETRIC_REPRESENTATION_CONTEXT() REPRESENTATION_CONTEXT('2D SPACE',''
  ) );
#4129 = ORIENTED_EDGE('',*,*,#4060,.T.);
#4130 = ADVANCED_FACE('',(#4131),#1124,.T.);
#4131 = FACE_BOUND('',#4132,.T.);
#4132 = EDGE_LOOP('',(#4133,#4156,#4157,#4158));
#4133 = ORIENTED_EDGE('',*,*,#4134,.F.);
#4134 = EDGE_CURVE('',#1080,#4135,#4137,.T.);
#4135 = VERTEX_POINT('',#4136);
#4136 = CARTESIAN_POINT('',(-3.8,-50.4,6.14));
#4137 = SURFACE_CURVE('',#4138,(#4142,#4149),.PCURVE_S1.);
#4138 = LINE('',#4139,#4140);
#4139 = CARTESIAN_POINT('',(-3.8,-51.,6.14));
#4140 = VECTOR('',#4141,1.);
#4141 = DIRECTION('',(0.,1.,0.));
#4142 = PCURVE('',#1124,#4143);
#4143 = DEFINITIONAL_REPRESENTATION('',(#4144),#4148);
#4144 = LINE('',#4145,#4146);
#4145 = CARTESIAN_POINT('',(0.,-0.3));
#4146 = VECTOR('',#4147,1.);
#4147 = DIRECTION('',(0.,1.));
#4148 = ( GEOMETRIC_REPRESENTATION_CONTEXT(2) 
PARAMETRIC_REPRESENTATION_CONTEXT() REPRESENTATION_CONTEXT('2D SPACE',''
  ) );
#4149 = PCURVE('',#1096,#4150);
#4150 = DEFINITIONAL_REPRESENTATION('',(#4151),#4155);
#4151 = LINE('',#4152,#4153);
#4152 = CARTESIAN_POINT('',(3.14159265359,-0.3));
#4153 = VECTOR('',#4154,1.);
#4154 = DIRECTION('',(-0.,1.));
#4155 = ( GEOMETRIC_REPRESENTATION_CONTEXT(2) 
PARAMETRIC_REPRESENTATION_CONTEXT() REPRESENTATION_CONTEXT('2D SPACE',''
  ) );
#4156 = ORIENTED_EDGE('',*,*,#1108,.T.);
#4157 = ORIENTED_EDGE('',*,*,#4085,.F.);
#4158 = ORIENTED_EDGE('',*,*,#4159,.F.);
#4159 = EDGE_CURVE('',#4135,#4086,#4160,.T.);
#4160 = SURFACE_CURVE('',#4161,(#4165,#4172),.PCURVE_S1.);
#4161 = LINE('',#4162,#4163);
#4162 = CARTESIAN_POINT('',(-3.8,-50.4,6.13));
#4163 = VECTOR('',#4164,1.);
#4164 = DIRECTION('',(0.,0.,-1.));
#4165 = PCURVE('',#1124,#4166);
#4166 = DEFINITIONAL_REPRESENTATION('',(#4167),#4171);
#4167 = LINE('',#4168,#4169);
#4168 = CARTESIAN_POINT('',(1.E-02,0.3));
#4169 = VECTOR('',#4170,1.);
#4170 = DIRECTION('',(1.,0.));
#4171 = ( GEOMETRIC_REPRESENTATION_CONTEXT(2) 
PARAMETRIC_REPRESENTATION_CONTEXT() REPRESENTATION_CONTEXT('2D SPACE',''
  ) );
#4172 = PCURVE('',#3921,#4173);
#4173 = DEFINITIONAL_REPRESENTATION('',(#4174),#4178);
#4174 = LINE('',#4175,#4176);
#4175 = CARTESIAN_POINT('',(-6.2,1.774131786788E-16));
#4176 = VECTOR('',#4177,1.);
#4177 = DIRECTION('',(0.,1.));
#4178 = ( GEOMETRIC_REPRESENTATION_CONTEXT(2) 
PARAMETRIC_REPRESENTATION_CONTEXT() REPRESENTATION_CONTEXT('2D SPACE',''
  ) );
#4179 = ADVANCED_FACE('',(#4180),#1096,.F.);
#4180 = FACE_BOUND('',#4181,.F.);
#4181 = EDGE_LOOP('',(#4182,#4183,#4184,#4185,#4208));
#4182 = ORIENTED_EDGE('',*,*,#4134,.F.);
#4183 = ORIENTED_EDGE('',*,*,#1079,.T.);
#4184 = ORIENTED_EDGE('',*,*,#3719,.T.);
#4185 = ORIENTED_EDGE('',*,*,#4186,.T.);
#4186 = EDGE_CURVE('',#3720,#4187,#4189,.T.);
#4187 = VERTEX_POINT('',#4188);
#4188 = CARTESIAN_POINT('',(-1.01,-50.4,8.93));
#4189 = SURFACE_CURVE('',#4190,(#4194,#4201),.PCURVE_S1.);
#4190 = LINE('',#4191,#4192);
#4191 = CARTESIAN_POINT('',(-1.01,-51.,8.93));
#4192 = VECTOR('',#4193,1.);
#4193 = DIRECTION('',(0.,1.,0.));
#4194 = PCURVE('',#1096,#4195);
#4195 = DEFINITIONAL_REPRESENTATION('',(#4196),#4200);
#4196 = LINE('',#4197,#4198);
#4197 = CARTESIAN_POINT('',(4.712388980385,-0.3));
#4198 = VECTOR('',#4199,1.);
#4199 = DIRECTION('',(-0.,1.));
#4200 = ( GEOMETRIC_REPRESENTATION_CONTEXT(2) 
PARAMETRIC_REPRESENTATION_CONTEXT() REPRESENTATION_CONTEXT('2D SPACE',''
  ) );
#4201 = PCURVE('',#3790,#4202);
#4202 = DEFINITIONAL_REPRESENTATION('',(#4203),#4207);
#4203 = LINE('',#4204,#4205);
#4204 = CARTESIAN_POINT('',(0.,-0.3));
#4205 = VECTOR('',#4206,1.);
#4206 = DIRECTION('',(0.,1.));
#4207 = ( GEOMETRIC_REPRESENTATION_CONTEXT(2) 
PARAMETRIC_REPRESENTATION_CONTEXT() REPRESENTATION_CONTEXT('2D SPACE',''
  ) );
#4208 = ORIENTED_EDGE('',*,*,#4209,.F.);
#4209 = EDGE_CURVE('',#4135,#4187,#4210,.T.);
#4210 = SURFACE_CURVE('',#4211,(#4216,#4223),.PCURVE_S1.);
#4211 = CIRCLE('',#4212,2.79);
#4212 = AXIS2_PLACEMENT_3D('',#4213,#4214,#4215);
#4213 = CARTESIAN_POINT('',(-1.01,-50.4,6.14));
#4214 = DIRECTION('',(-0.,1.,0.));
#4215 = DIRECTION('',(1.,0.,0.));
#4216 = PCURVE('',#1096,#4217);
#4217 = DEFINITIONAL_REPRESENTATION('',(#4218),#4222);
#4218 = LINE('',#4219,#4220);
#4219 = CARTESIAN_POINT('',(-0.,0.3));
#4220 = VECTOR('',#4221,1.);
#4221 = DIRECTION('',(1.,-0.));
#4222 = ( GEOMETRIC_REPRESENTATION_CONTEXT(2) 
PARAMETRIC_REPRESENTATION_CONTEXT() REPRESENTATION_CONTEXT('2D SPACE',''
  ) );
#4223 = PCURVE('',#3921,#4224);
#4224 = DEFINITIONAL_REPRESENTATION('',(#4225),#4229);
#4225 = CIRCLE('',#4226,2.79);
#4226 = AXIS2_PLACEMENT_2D('',#4227,#4228);
#4227 = CARTESIAN_POINT('',(-3.41,-1.E-02));
#4228 = DIRECTION('',(1.,0.));
#4229 = ( GEOMETRIC_REPRESENTATION_CONTEXT(2) 
PARAMETRIC_REPRESENTATION_CONTEXT() REPRESENTATION_CONTEXT('2D SPACE',''
  ) );
#4230 = ADVANCED_FACE('',(#4231),#1515,.T.);
#4231 = FACE_BOUND('',#4232,.T.);
#4232 = EDGE_LOOP('',(#4233,#4234,#4235,#4255));
#4233 = ORIENTED_EDGE('',*,*,#1842,.T.);
#4234 = ORIENTED_EDGE('',*,*,#1499,.T.);
#4235 = ORIENTED_EDGE('',*,*,#4236,.F.);
#4236 = EDGE_CURVE('',#1868,#1467,#4237,.T.);
#4237 = SURFACE_CURVE('',#4238,(#4243,#4249),.PCURVE_S1.);
#4238 = CIRCLE('',#4239,1.);
#4239 = AXIS2_PLACEMENT_3D('',#4240,#4241,#4242);
#4240 = CARTESIAN_POINT('',(26.,50.,8.4));
#4241 = DIRECTION('',(1.,0.,0.));
#4242 = DIRECTION('',(-0.,1.,0.));
#4243 = PCURVE('',#1515,#4244);
#4244 = DEFINITIONAL_REPRESENTATION('',(#4245),#4248);
#4245 = B_SPLINE_CURVE_WITH_KNOTS('',1,(#4246,#4247),.UNSPECIFIED.,.F.,
  .F.,(2,2),(0.,1.570796326795),.PIECEWISE_BEZIER_KNOTS.);
#4246 = CARTESIAN_POINT('',(0.,52.));
#4247 = CARTESIAN_POINT('',(1.570796326795,52.));
#4248 = ( GEOMETRIC_REPRESENTATION_CONTEXT(2) 
PARAMETRIC_REPRESENTATION_CONTEXT() REPRESENTATION_CONTEXT('2D SPACE',''
  ) );
#4249 = PCURVE('',#1487,#4250);
#4250 = DEFINITIONAL_REPRESENTATION('',(#4251),#4254);
#4251 = B_SPLINE_CURVE_WITH_KNOTS('',1,(#4252,#4253),.UNSPECIFIED.,.F.,
  .F.,(2,2),(0.,1.570796326795),.PIECEWISE_BEZIER_KNOTS.);
#4252 = CARTESIAN_POINT('',(0.,0.));
#4253 = CARTESIAN_POINT('',(0.,1.570796326795));
#4254 = ( GEOMETRIC_REPRESENTATION_CONTEXT(2) 
PARAMETRIC_REPRESENTATION_CONTEXT() REPRESENTATION_CONTEXT('2D SPACE',''
  ) );
#4255 = ORIENTED_EDGE('',*,*,#1867,.F.);
#4256 = ADVANCED_FACE('',(#4257),#1426,.T.);
#4257 = FACE_BOUND('',#4258,.F.);
#4258 = EDGE_LOOP('',(#4259,#4279,#4280,#4281));
#4259 = ORIENTED_EDGE('',*,*,#4260,.F.);
#4260 = EDGE_CURVE('',#1916,#1406,#4261,.T.);
#4261 = SURFACE_CURVE('',#4262,(#4267,#4273),.PCURVE_S1.);
#4262 = CIRCLE('',#4263,1.);
#4263 = AXIS2_PLACEMENT_3D('',#4264,#4265,#4266);
#4264 = CARTESIAN_POINT('',(29.,-47.,8.4));
#4265 = DIRECTION('',(-0.,-1.,0.));
#4266 = DIRECTION('',(1.,-0.,0.));
#4267 = PCURVE('',#1426,#4268);
#4268 = DEFINITIONAL_REPRESENTATION('',(#4269),#4272);
#4269 = B_SPLINE_CURVE_WITH_KNOTS('',1,(#4270,#4271),.UNSPECIFIED.,.F.,
  .F.,(2,2),(0.,1.570796326795),.PIECEWISE_BEZIER_KNOTS.);
#4270 = CARTESIAN_POINT('',(0.,0.));
#4271 = CARTESIAN_POINT('',(0.,1.570796326795));
#4272 = ( GEOMETRIC_REPRESENTATION_CONTEXT(2) 
PARAMETRIC_REPRESENTATION_CONTEXT() REPRESENTATION_CONTEXT('2D SPACE',''
  ) );
#4273 = PCURVE('',#1454,#4274);
#4274 = DEFINITIONAL_REPRESENTATION('',(#4275),#4278);
#4275 = B_SPLINE_CURVE_WITH_KNOTS('',1,(#4276,#4277),.UNSPECIFIED.,.F.,
  .F.,(2,2),(0.,1.570796326795),.PIECEWISE_BEZIER_KNOTS.);
#4276 = CARTESIAN_POINT('',(0.,94.));
#4277 = CARTESIAN_POINT('',(1.570796326795,94.));
#4278 = ( GEOMETRIC_REPRESENTATION_CONTEXT(2) 
PARAMETRIC_REPRESENTATION_CONTEXT() REPRESENTATION_CONTEXT('2D SPACE',''
  ) );
#4279 = ORIENTED_EDGE('',*,*,#1938,.T.);
#4280 = ORIENTED_EDGE('',*,*,#3696,.T.);
#4281 = ORIENTED_EDGE('',*,*,#1405,.F.);
#4282 = ADVANCED_FACE('',(#4283),#1487,.T.);
#4283 = FACE_BOUND('',#4284,.F.);
#4284 = EDGE_LOOP('',(#4285,#4286,#4287,#4307));
#4285 = ORIENTED_EDGE('',*,*,#4236,.F.);
#4286 = ORIENTED_EDGE('',*,*,#1966,.T.);
#4287 = ORIENTED_EDGE('',*,*,#4288,.T.);
#4288 = EDGE_CURVE('',#1967,#1439,#4289,.T.);
#4289 = SURFACE_CURVE('',#4290,(#4295,#4301),.PCURVE_S1.);
#4290 = CIRCLE('',#4291,1.);
#4291 = AXIS2_PLACEMENT_3D('',#4292,#4293,#4294);
#4292 = CARTESIAN_POINT('',(29.,47.,8.4));
#4293 = DIRECTION('',(6.123233995737E-17,-1.,0.));
#4294 = DIRECTION('',(1.,6.123233995737E-17,0.));
#4295 = PCURVE('',#1487,#4296);
#4296 = DEFINITIONAL_REPRESENTATION('',(#4297),#4300);
#4297 = B_SPLINE_CURVE_WITH_KNOTS('',1,(#4298,#4299),.UNSPECIFIED.,.F.,
  .F.,(2,2),(0.,1.570796326795),.PIECEWISE_BEZIER_KNOTS.);
#4298 = CARTESIAN_POINT('',(-1.570796326795,0.));
#4299 = CARTESIAN_POINT('',(-1.570796326795,1.570796326795));
#4300 = ( GEOMETRIC_REPRESENTATION_CONTEXT(2) 
PARAMETRIC_REPRESENTATION_CONTEXT() REPRESENTATION_CONTEXT('2D SPACE',''
  ) );
#4301 = PCURVE('',#1454,#4302);
#4302 = DEFINITIONAL_REPRESENTATION('',(#4303),#4306);
#4303 = B_SPLINE_CURVE_WITH_KNOTS('',1,(#4304,#4305),.UNSPECIFIED.,.F.,
  .F.,(2,2),(0.,1.570796326795),.PIECEWISE_BEZIER_KNOTS.);
#4304 = CARTESIAN_POINT('',(0.,0.));
#4305 = CARTESIAN_POINT('',(1.570796326795,0.));
#4306 = ( GEOMETRIC_REPRESENTATION_CONTEXT(2) 
PARAMETRIC_REPRESENTATION_CONTEXT() REPRESENTATION_CONTEXT('2D SPACE',''
  ) );
#4307 = ORIENTED_EDGE('',*,*,#1466,.F.);
#4308 = ADVANCED_FACE('',(#4309),#1454,.T.);
#4309 = FACE_BOUND('',#4310,.T.);
#4310 = EDGE_LOOP('',(#4311,#4312,#4313,#4314));
#4311 = ORIENTED_EDGE('',*,*,#4288,.T.);
#4312 = ORIENTED_EDGE('',*,*,#1438,.T.);
#4313 = ORIENTED_EDGE('',*,*,#4260,.F.);
#4314 = ORIENTED_EDGE('',*,*,#2016,.F.);
#4315 = ADVANCED_FACE('',(#4316),#1572,.F.);
#4316 = FACE_BOUND('',#4317,.F.);
#4317 = EDGE_LOOP('',(#4318,#4319,#4342,#4369));
#4318 = ORIENTED_EDGE('',*,*,#1555,.F.);
#4319 = ORIENTED_EDGE('',*,*,#4320,.F.);
#4320 = EDGE_CURVE('',#4321,#1556,#4323,.T.);
#4321 = VERTEX_POINT('',#4322);
#4322 = CARTESIAN_POINT('',(-3.388,46.68,6.));
#4323 = SEAM_CURVE('',#4324,(#4328,#4335),.PCURVE_S1.);
#4324 = LINE('',#4325,#4326);
#4325 = CARTESIAN_POINT('',(-3.388,46.68,6.));
#4326 = VECTOR('',#4327,1.);
#4327 = DIRECTION('',(0.,0.,1.));
#4328 = PCURVE('',#1572,#4329);
#4329 = DEFINITIONAL_REPRESENTATION('',(#4330),#4334);
#4330 = LINE('',#4331,#4332);
#4331 = CARTESIAN_POINT('',(0.,-2.19));
#4332 = VECTOR('',#4333,1.);
#4333 = DIRECTION('',(0.,1.));
#4334 = ( GEOMETRIC_REPRESENTATION_CONTEXT(2) 
PARAMETRIC_REPRESENTATION_CONTEXT() REPRESENTATION_CONTEXT('2D SPACE',''
  ) );
#4335 = PCURVE('',#1572,#4336);
#4336 = DEFINITIONAL_REPRESENTATION('',(#4337),#4341);
#4337 = LINE('',#4338,#4339);
#4338 = CARTESIAN_POINT('',(6.28318530718,-2.19));
#4339 = VECTOR('',#4340,1.);
#4340 = DIRECTION('',(0.,1.));
#4341 = ( GEOMETRIC_REPRESENTATION_CONTEXT(2) 
PARAMETRIC_REPRESENTATION_CONTEXT() REPRESENTATION_CONTEXT('2D SPACE',''
  ) );
#4342 = ORIENTED_EDGE('',*,*,#4343,.T.);
#4343 = EDGE_CURVE('',#4321,#4321,#4344,.T.);
#4344 = SURFACE_CURVE('',#4345,(#4350,#4357),.PCURVE_S1.);
#4345 = CIRCLE('',#4346,0.5);
#4346 = AXIS2_PLACEMENT_3D('',#4347,#4348,#4349);
#4347 = CARTESIAN_POINT('',(-3.888,46.68,6.));
#4348 = DIRECTION('',(0.,0.,1.));
#4349 = DIRECTION('',(1.,0.,-0.));
#4350 = PCURVE('',#1572,#4351);
#4351 = DEFINITIONAL_REPRESENTATION('',(#4352),#4356);
#4352 = LINE('',#4353,#4354);
#4353 = CARTESIAN_POINT('',(0.,-2.19));
#4354 = VECTOR('',#4355,1.);
#4355 = DIRECTION('',(1.,0.));
#4356 = ( GEOMETRIC_REPRESENTATION_CONTEXT(2) 
PARAMETRIC_REPRESENTATION_CONTEXT() REPRESENTATION_CONTEXT('2D SPACE',''
  ) );
#4357 = PCURVE('',#4358,#4363);
#4358 = PLANE('',#4359);
#4359 = AXIS2_PLACEMENT_3D('',#4360,#4361,#4362);
#4360 = CARTESIAN_POINT('',(-3.888,46.68,6.));
#4361 = DIRECTION('',(0.,0.,1.));
#4362 = DIRECTION('',(1.,0.,-0.));
#4363 = DEFINITIONAL_REPRESENTATION('',(#4364),#4368);
#4364 = CIRCLE('',#4365,0.5);
#4365 = AXIS2_PLACEMENT_2D('',#4366,#4367);
#4366 = CARTESIAN_POINT('',(0.,0.));
#4367 = DIRECTION('',(1.,0.));
#4368 = ( GEOMETRIC_REPRESENTATION_CONTEXT(2) 
PARAMETRIC_REPRESENTATION_CONTEXT() REPRESENTATION_CONTEXT('2D SPACE',''
  ) );
#4369 = ORIENTED_EDGE('',*,*,#4320,.T.);
#4370 = ADVANCED_FACE('',(#4371),#1603,.F.);
#4371 = FACE_BOUND('',#4372,.F.);
#4372 = EDGE_LOOP('',(#4373,#4374,#4397,#4424));
#4373 = ORIENTED_EDGE('',*,*,#1586,.F.);
#4374 = ORIENTED_EDGE('',*,*,#4375,.F.);
#4375 = EDGE_CURVE('',#4376,#1587,#4378,.T.);
#4376 = VERTEX_POINT('',#4377);
#4377 = CARTESIAN_POINT('',(14.613,46.68,6.));
#4378 = SEAM_CURVE('',#4379,(#4383,#4390),.PCURVE_S1.);
#4379 = LINE('',#4380,#4381);
#4380 = CARTESIAN_POINT('',(14.613,46.68,6.));
#4381 = VECTOR('',#4382,1.);
#4382 = DIRECTION('',(0.,0.,1.));
#4383 = PCURVE('',#1603,#4384);
#4384 = DEFINITIONAL_REPRESENTATION('',(#4385),#4389);
#4385 = LINE('',#4386,#4387);
#4386 = CARTESIAN_POINT('',(0.,-2.19));
#4387 = VECTOR('',#4388,1.);
#4388 = DIRECTION('',(0.,1.));
#4389 = ( GEOMETRIC_REPRESENTATION_CONTEXT(2) 
PARAMETRIC_REPRESENTATION_CONTEXT() REPRESENTATION_CONTEXT('2D SPACE',''
  ) );
#4390 = PCURVE('',#1603,#4391);
#4391 = DEFINITIONAL_REPRESENTATION('',(#4392),#4396);
#4392 = LINE('',#4393,#4394);
#4393 = CARTESIAN_POINT('',(6.28318530718,-2.19));
#4394 = VECTOR('',#4395,1.);
#4395 = DIRECTION('',(0.,1.));
#4396 = ( GEOMETRIC_REPRESENTATION_CONTEXT(2) 
PARAMETRIC_REPRESENTATION_CONTEXT() REPRESENTATION_CONTEXT('2D SPACE',''
  ) );
#4397 = ORIENTED_EDGE('',*,*,#4398,.T.);
#4398 = EDGE_CURVE('',#4376,#4376,#4399,.T.);
#4399 = SURFACE_CURVE('',#4400,(#4405,#4412),.PCURVE_S1.);
#4400 = CIRCLE('',#4401,0.5);
#4401 = AXIS2_PLACEMENT_3D('',#4402,#4403,#4404);
#4402 = CARTESIAN_POINT('',(14.113,46.68,6.));
#4403 = DIRECTION('',(0.,0.,1.));
#4404 = DIRECTION('',(1.,0.,-0.));
#4405 = PCURVE('',#1603,#4406);
#4406 = DEFINITIONAL_REPRESENTATION('',(#4407),#4411);
#4407 = LINE('',#4408,#4409);
#4408 = CARTESIAN_POINT('',(0.,-2.19));
#4409 = VECTOR('',#4410,1.);
#4410 = DIRECTION('',(1.,0.));
#4411 = ( GEOMETRIC_REPRESENTATION_CONTEXT(2) 
PARAMETRIC_REPRESENTATION_CONTEXT() REPRESENTATION_CONTEXT('2D SPACE',''
  ) );
#4412 = PCURVE('',#4413,#4418);
#4413 = PLANE('',#4414);
#4414 = AXIS2_PLACEMENT_3D('',#4415,#4416,#4417);
#4415 = CARTESIAN_POINT('',(14.113,46.68,6.));
#4416 = DIRECTION('',(0.,0.,1.));
#4417 = DIRECTION('',(1.,0.,-0.));
#4418 = DEFINITIONAL_REPRESENTATION('',(#4419),#4423);
#4419 = CIRCLE('',#4420,0.5);
#4420 = AXIS2_PLACEMENT_2D('',#4421,#4422);
#4421 = CARTESIAN_POINT('',(0.,0.));
#4422 = DIRECTION('',(1.,0.));
#4423 = ( GEOMETRIC_REPRESENTATION_CONTEXT(2) 
PARAMETRIC_REPRESENTATION_CONTEXT() REPRESENTATION_CONTEXT('2D SPACE',''
  ) );
#4424 = ORIENTED_EDGE('',*,*,#4375,.T.);
#4425 = ADVANCED_FACE('',(#4426),#1636,.F.);
#4426 = FACE_BOUND('',#4427,.F.);
#4427 = EDGE_LOOP('',(#4428,#4451,#4480,#4501));
#4428 = ORIENTED_EDGE('',*,*,#4429,.F.);
#4429 = EDGE_CURVE('',#4430,#1618,#4432,.T.);
#4430 = VERTEX_POINT('',#4431);
#4431 = CARTESIAN_POINT('',(17.4025,46.855,8.8));
#4432 = SURFACE_CURVE('',#4433,(#4437,#4444),.PCURVE_S1.);
#4433 = LINE('',#4434,#4435);
#4434 = CARTESIAN_POINT('',(17.4025,46.855,8.8));
#4435 = VECTOR('',#4436,1.);
#4436 = DIRECTION('',(0.,0.,1.));
#4437 = PCURVE('',#1636,#4438);
#4438 = DEFINITIONAL_REPRESENTATION('',(#4439),#4443);
#4439 = LINE('',#4440,#4441);
#4440 = CARTESIAN_POINT('',(3.14159265359,-0.4));
#4441 = VECTOR('',#4442,1.);
#4442 = DIRECTION('',(-0.,1.));
#4443 = ( GEOMETRIC_REPRESENTATION_CONTEXT(2) 
PARAMETRIC_REPRESENTATION_CONTEXT() REPRESENTATION_CONTEXT('2D SPACE',''
  ) );
#4444 = PCURVE('',#1663,#4445);
#4445 = DEFINITIONAL_REPRESENTATION('',(#4446),#4450);
#4446 = LINE('',#4447,#4448);
#4447 = CARTESIAN_POINT('',(0.,-0.4));
#4448 = VECTOR('',#4449,1.);
#4449 = DIRECTION('',(0.,1.));
#4450 = ( GEOMETRIC_REPRESENTATION_CONTEXT(2) 
PARAMETRIC_REPRESENTATION_CONTEXT() REPRESENTATION_CONTEXT('2D SPACE',''
  ) );
#4451 = ORIENTED_EDGE('',*,*,#4452,.T.);
#4452 = EDGE_CURVE('',#4430,#4453,#4455,.T.);
#4453 = VERTEX_POINT('',#4454);
#4454 = CARTESIAN_POINT('',(18.4025,45.855,8.8));
#4455 = SURFACE_CURVE('',#4456,(#4461,#4468),.PCURVE_S1.);
#4456 = CIRCLE('',#4457,1.);
#4457 = AXIS2_PLACEMENT_3D('',#4458,#4459,#4460);
#4458 = CARTESIAN_POINT('',(18.4025,46.855,8.8));
#4459 = DIRECTION('',(0.,0.,1.));
#4460 = DIRECTION('',(1.,0.,0.));
#4461 = PCURVE('',#1636,#4462);
#4462 = DEFINITIONAL_REPRESENTATION('',(#4463),#4467);
#4463 = LINE('',#4464,#4465);
#4464 = CARTESIAN_POINT('',(0.,-0.4));
#4465 = VECTOR('',#4466,1.);
#4466 = DIRECTION('',(1.,0.));
#4467 = ( GEOMETRIC_REPRESENTATION_CONTEXT(2) 
PARAMETRIC_REPRESENTATION_CONTEXT() REPRESENTATION_CONTEXT('2D SPACE',''
  ) );
#4468 = PCURVE('',#4469,#4474);
#4469 = PLANE('',#4470);
#4470 = AXIS2_PLACEMENT_3D('',#4471,#4472,#4473);
#4471 = CARTESIAN_POINT('',(22.0025,47.255,8.8));
#4472 = DIRECTION('',(0.,0.,1.));
#4473 = DIRECTION('',(1.,0.,-0.));
#4474 = DEFINITIONAL_REPRESENTATION('',(#4475),#4479);
#4475 = CIRCLE('',#4476,1.);
#4476 = AXIS2_PLACEMENT_2D('',#4477,#4478);
#4477 = CARTESIAN_POINT('',(-3.6,-0.4));
#4478 = DIRECTION('',(1.,0.));
#4479 = ( GEOMETRIC_REPRESENTATION_CONTEXT(2) 
PARAMETRIC_REPRESENTATION_CONTEXT() REPRESENTATION_CONTEXT('2D SPACE',''
  ) );
#4480 = ORIENTED_EDGE('',*,*,#4481,.T.);
#4481 = EDGE_CURVE('',#4453,#1620,#4482,.T.);
#4482 = SURFACE_CURVE('',#4483,(#4487,#4494),.PCURVE_S1.);
#4483 = LINE('',#4484,#4485);
#4484 = CARTESIAN_POINT('',(18.4025,45.855,8.8));
#4485 = VECTOR('',#4486,1.);
#4486 = DIRECTION('',(0.,0.,1.));
#4487 = PCURVE('',#1636,#4488);
#4488 = DEFINITIONAL_REPRESENTATION('',(#4489),#4493);
#4489 = LINE('',#4490,#4491);
#4490 = CARTESIAN_POINT('',(4.712388980385,-0.4));
#4491 = VECTOR('',#4492,1.);
#4492 = DIRECTION('',(-0.,1.));
#4493 = ( GEOMETRIC_REPRESENTATION_CONTEXT(2) 
PARAMETRIC_REPRESENTATION_CONTEXT() REPRESENTATION_CONTEXT('2D SPACE',''
  ) );
#4494 = PCURVE('',#1826,#4495);
#4495 = DEFINITIONAL_REPRESENTATION('',(#4496),#4500);
#4496 = LINE('',#4497,#4498);
#4497 = CARTESIAN_POINT('',(0.,-0.4));
#4498 = VECTOR('',#4499,1.);
#4499 = DIRECTION('',(0.,1.));
#4500 = ( GEOMETRIC_REPRESENTATION_CONTEXT(2) 
PARAMETRIC_REPRESENTATION_CONTEXT() REPRESENTATION_CONTEXT('2D SPACE',''
  ) );
#4501 = ORIENTED_EDGE('',*,*,#1617,.F.);
#4502 = ADVANCED_FACE('',(#4503),#1826,.F.);
#4503 = FACE_BOUND('',#4504,.F.);
#4504 = EDGE_LOOP('',(#4505,#4506,#4529,#4550));
#4505 = ORIENTED_EDGE('',*,*,#4481,.F.);
#4506 = ORIENTED_EDGE('',*,*,#4507,.T.);
#4507 = EDGE_CURVE('',#4453,#4508,#4510,.T.);
#4508 = VERTEX_POINT('',#4509);
#4509 = CARTESIAN_POINT('',(25.6025,45.855,8.8));
#4510 = SURFACE_CURVE('',#4511,(#4515,#4522),.PCURVE_S1.);
#4511 = LINE('',#4512,#4513);
#4512 = CARTESIAN_POINT('',(22.0025,45.855,8.8));
#4513 = VECTOR('',#4514,1.);
#4514 = DIRECTION('',(1.,0.,0.));
#4515 = PCURVE('',#1826,#4516);
#4516 = DEFINITIONAL_REPRESENTATION('',(#4517),#4521);
#4517 = LINE('',#4518,#4519);
#4518 = CARTESIAN_POINT('',(3.6,-0.4));
#4519 = VECTOR('',#4520,1.);
#4520 = DIRECTION('',(1.,0.));
#4521 = ( GEOMETRIC_REPRESENTATION_CONTEXT(2) 
PARAMETRIC_REPRESENTATION_CONTEXT() REPRESENTATION_CONTEXT('2D SPACE',''
  ) );
#4522 = PCURVE('',#4469,#4523);
#4523 = DEFINITIONAL_REPRESENTATION('',(#4524),#4528);
#4524 = LINE('',#4525,#4526);
#4525 = CARTESIAN_POINT('',(-6.997731995883E-17,-1.4));
#4526 = VECTOR('',#4527,1.);
#4527 = DIRECTION('',(1.,0.));
#4528 = ( GEOMETRIC_REPRESENTATION_CONTEXT(2) 
PARAMETRIC_REPRESENTATION_CONTEXT() REPRESENTATION_CONTEXT('2D SPACE',''
  ) );
#4529 = ORIENTED_EDGE('',*,*,#4530,.T.);
#4530 = EDGE_CURVE('',#4508,#1785,#4531,.T.);
#4531 = SURFACE_CURVE('',#4532,(#4536,#4543),.PCURVE_S1.);
#4532 = LINE('',#4533,#4534);
#4533 = CARTESIAN_POINT('',(25.6025,45.855,8.8));
#4534 = VECTOR('',#4535,1.);
#4535 = DIRECTION('',(0.,0.,1.));
#4536 = PCURVE('',#1826,#4537);
#4537 = DEFINITIONAL_REPRESENTATION('',(#4538),#4542);
#4538 = LINE('',#4539,#4540);
#4539 = CARTESIAN_POINT('',(7.2,-0.4));
#4540 = VECTOR('',#4541,1.);
#4541 = DIRECTION('',(0.,1.));
#4542 = ( GEOMETRIC_REPRESENTATION_CONTEXT(2) 
PARAMETRIC_REPRESENTATION_CONTEXT() REPRESENTATION_CONTEXT('2D SPACE',''
  ) );
#4543 = PCURVE('',#1801,#4544);
#4544 = DEFINITIONAL_REPRESENTATION('',(#4545),#4549);
#4545 = LINE('',#4546,#4547);
#4546 = CARTESIAN_POINT('',(4.712388980385,-0.4));
#4547 = VECTOR('',#4548,1.);
#4548 = DIRECTION('',(-0.,1.));
#4549 = ( GEOMETRIC_REPRESENTATION_CONTEXT(2) 
PARAMETRIC_REPRESENTATION_CONTEXT() REPRESENTATION_CONTEXT('2D SPACE',''
  ) );
#4550 = ORIENTED_EDGE('',*,*,#1813,.F.);
#4551 = ADVANCED_FACE('',(#4552),#1801,.F.);
#4552 = FACE_BOUND('',#4553,.F.);
#4553 = EDGE_LOOP('',(#4554,#4555,#4579,#4600));
#4554 = ORIENTED_EDGE('',*,*,#4530,.F.);
#4555 = ORIENTED_EDGE('',*,*,#4556,.T.);
#4556 = EDGE_CURVE('',#4508,#4557,#4559,.T.);
#4557 = VERTEX_POINT('',#4558);
#4558 = CARTESIAN_POINT('',(26.6025,46.855,8.8));
#4559 = SURFACE_CURVE('',#4560,(#4565,#4572),.PCURVE_S1.);
#4560 = CIRCLE('',#4561,1.);
#4561 = AXIS2_PLACEMENT_3D('',#4562,#4563,#4564);
#4562 = CARTESIAN_POINT('',(25.6025,46.855,8.8));
#4563 = DIRECTION('',(0.,0.,1.));
#4564 = DIRECTION('',(1.,0.,0.));
#4565 = PCURVE('',#1801,#4566);
#4566 = DEFINITIONAL_REPRESENTATION('',(#4567),#4571);
#4567 = LINE('',#4568,#4569);
#4568 = CARTESIAN_POINT('',(0.,-0.4));
#4569 = VECTOR('',#4570,1.);
#4570 = DIRECTION('',(1.,0.));
#4571 = ( GEOMETRIC_REPRESENTATION_CONTEXT(2) 
PARAMETRIC_REPRESENTATION_CONTEXT() REPRESENTATION_CONTEXT('2D SPACE',''
  ) );
#4572 = PCURVE('',#4469,#4573);
#4573 = DEFINITIONAL_REPRESENTATION('',(#4574),#4578);
#4574 = CIRCLE('',#4575,1.);
#4575 = AXIS2_PLACEMENT_2D('',#4576,#4577);
#4576 = CARTESIAN_POINT('',(3.6,-0.4));
#4577 = DIRECTION('',(1.,0.));
#4578 = ( GEOMETRIC_REPRESENTATION_CONTEXT(2) 
PARAMETRIC_REPRESENTATION_CONTEXT() REPRESENTATION_CONTEXT('2D SPACE',''
  ) );
#4579 = ORIENTED_EDGE('',*,*,#4580,.T.);
#4580 = EDGE_CURVE('',#4557,#1759,#4581,.T.);
#4581 = SURFACE_CURVE('',#4582,(#4586,#4593),.PCURVE_S1.);
#4582 = LINE('',#4583,#4584);
#4583 = CARTESIAN_POINT('',(26.6025,46.855,8.8));
#4584 = VECTOR('',#4585,1.);
#4585 = DIRECTION('',(0.,0.,1.));
#4586 = PCURVE('',#1801,#4587);
#4587 = DEFINITIONAL_REPRESENTATION('',(#4588),#4592);
#4588 = LINE('',#4589,#4590);
#4589 = CARTESIAN_POINT('',(6.28318530718,-0.4));
#4590 = VECTOR('',#4591,1.);
#4591 = DIRECTION('',(-0.,1.));
#4592 = ( GEOMETRIC_REPRESENTATION_CONTEXT(2) 
PARAMETRIC_REPRESENTATION_CONTEXT() REPRESENTATION_CONTEXT('2D SPACE',''
  ) );
#4593 = PCURVE('',#1773,#4594);
#4594 = DEFINITIONAL_REPRESENTATION('',(#4595),#4599);
#4595 = LINE('',#4596,#4597);
#4596 = CARTESIAN_POINT('',(0.,-0.4));
#4597 = VECTOR('',#4598,1.);
#4598 = DIRECTION('',(0.,1.));
#4599 = ( GEOMETRIC_REPRESENTATION_CONTEXT(2) 
PARAMETRIC_REPRESENTATION_CONTEXT() REPRESENTATION_CONTEXT('2D SPACE',''
  ) );
#4600 = ORIENTED_EDGE('',*,*,#1784,.F.);
#4601 = ADVANCED_FACE('',(#4602),#1773,.F.);
#4602 = FACE_BOUND('',#4603,.F.);
#4603 = EDGE_LOOP('',(#4604,#4605,#4628,#4649));
#4604 = ORIENTED_EDGE('',*,*,#4580,.F.);
#4605 = ORIENTED_EDGE('',*,*,#4606,.T.);
#4606 = EDGE_CURVE('',#4557,#4607,#4609,.T.);
#4607 = VERTEX_POINT('',#4608);
#4608 = CARTESIAN_POINT('',(26.6025,47.655,8.8));
#4609 = SURFACE_CURVE('',#4610,(#4614,#4621),.PCURVE_S1.);
#4610 = LINE('',#4611,#4612);
#4611 = CARTESIAN_POINT('',(26.6025,47.255,8.8));
#4612 = VECTOR('',#4613,1.);
#4613 = DIRECTION('',(0.,1.,0.));
#4614 = PCURVE('',#1773,#4615);
#4615 = DEFINITIONAL_REPRESENTATION('',(#4616),#4620);
#4616 = LINE('',#4617,#4618);
#4617 = CARTESIAN_POINT('',(0.4,-0.4));
#4618 = VECTOR('',#4619,1.);
#4619 = DIRECTION('',(1.,0.));
#4620 = ( GEOMETRIC_REPRESENTATION_CONTEXT(2) 
PARAMETRIC_REPRESENTATION_CONTEXT() REPRESENTATION_CONTEXT('2D SPACE',''
  ) );
#4621 = PCURVE('',#4469,#4622);
#4622 = DEFINITIONAL_REPRESENTATION('',(#4623),#4627);
#4623 = LINE('',#4624,#4625);
#4624 = CARTESIAN_POINT('',(4.6,5.685657246655E-17));
#4625 = VECTOR('',#4626,1.);
#4626 = DIRECTION('',(0.,1.));
#4627 = ( GEOMETRIC_REPRESENTATION_CONTEXT(2) 
PARAMETRIC_REPRESENTATION_CONTEXT() REPRESENTATION_CONTEXT('2D SPACE',''
  ) );
#4628 = ORIENTED_EDGE('',*,*,#4629,.T.);
#4629 = EDGE_CURVE('',#4607,#1730,#4630,.T.);
#4630 = SURFACE_CURVE('',#4631,(#4635,#4642),.PCURVE_S1.);
#4631 = LINE('',#4632,#4633);
#4632 = CARTESIAN_POINT('',(26.6025,47.655,8.8));
#4633 = VECTOR('',#4634,1.);
#4634 = DIRECTION('',(0.,0.,1.));
#4635 = PCURVE('',#1773,#4636);
#4636 = DEFINITIONAL_REPRESENTATION('',(#4637),#4641);
#4637 = LINE('',#4638,#4639);
#4638 = CARTESIAN_POINT('',(0.8,-0.4));
#4639 = VECTOR('',#4640,1.);
#4640 = DIRECTION('',(0.,1.));
#4641 = ( GEOMETRIC_REPRESENTATION_CONTEXT(2) 
PARAMETRIC_REPRESENTATION_CONTEXT() REPRESENTATION_CONTEXT('2D SPACE',''
  ) );
#4642 = PCURVE('',#1746,#4643);
#4643 = DEFINITIONAL_REPRESENTATION('',(#4644),#4648);
#4644 = LINE('',#4645,#4646);
#4645 = CARTESIAN_POINT('',(0.,-0.4));
#4646 = VECTOR('',#4647,1.);
#4647 = DIRECTION('',(-0.,1.));
#4648 = ( GEOMETRIC_REPRESENTATION_CONTEXT(2) 
PARAMETRIC_REPRESENTATION_CONTEXT() REPRESENTATION_CONTEXT('2D SPACE',''
  ) );
#4649 = ORIENTED_EDGE('',*,*,#1758,.F.);
#4650 = ADVANCED_FACE('',(#4651),#1746,.F.);
#4651 = FACE_BOUND('',#4652,.F.);
#4652 = EDGE_LOOP('',(#4653,#4654,#4678,#4699));
#4653 = ORIENTED_EDGE('',*,*,#4629,.F.);
#4654 = ORIENTED_EDGE('',*,*,#4655,.T.);
#4655 = EDGE_CURVE('',#4607,#4656,#4658,.T.);
#4656 = VERTEX_POINT('',#4657);
#4657 = CARTESIAN_POINT('',(25.6025,48.655,8.8));
#4658 = SURFACE_CURVE('',#4659,(#4664,#4671),.PCURVE_S1.);
#4659 = CIRCLE('',#4660,1.);
#4660 = AXIS2_PLACEMENT_3D('',#4661,#4662,#4663);
#4661 = CARTESIAN_POINT('',(25.6025,47.655,8.8));
#4662 = DIRECTION('',(0.,0.,1.));
#4663 = DIRECTION('',(1.,0.,0.));
#4664 = PCURVE('',#1746,#4665);
#4665 = DEFINITIONAL_REPRESENTATION('',(#4666),#4670);
#4666 = LINE('',#4667,#4668);
#4667 = CARTESIAN_POINT('',(0.,-0.4));
#4668 = VECTOR('',#4669,1.);
#4669 = DIRECTION('',(1.,0.));
#4670 = ( GEOMETRIC_REPRESENTATION_CONTEXT(2) 
PARAMETRIC_REPRESENTATION_CONTEXT() REPRESENTATION_CONTEXT('2D SPACE',''
  ) );
#4671 = PCURVE('',#4469,#4672);
#4672 = DEFINITIONAL_REPRESENTATION('',(#4673),#4677);
#4673 = CIRCLE('',#4674,1.);
#4674 = AXIS2_PLACEMENT_2D('',#4675,#4676);
#4675 = CARTESIAN_POINT('',(3.6,0.4));
#4676 = DIRECTION('',(1.,0.));
#4677 = ( GEOMETRIC_REPRESENTATION_CONTEXT(2) 
PARAMETRIC_REPRESENTATION_CONTEXT() REPRESENTATION_CONTEXT('2D SPACE',''
  ) );
#4678 = ORIENTED_EDGE('',*,*,#4679,.F.);
#4679 = EDGE_CURVE('',#1704,#4656,#4680,.T.);
#4680 = SURFACE_CURVE('',#4681,(#4685,#4692),.PCURVE_S1.);
#4681 = LINE('',#4682,#4683);
#4682 = CARTESIAN_POINT('',(25.6025,48.655,9.6));
#4683 = VECTOR('',#4684,1.);
#4684 = DIRECTION('',(0.,0.,-1.));
#4685 = PCURVE('',#1746,#4686);
#4686 = DEFINITIONAL_REPRESENTATION('',(#4687),#4691);
#4687 = LINE('',#4688,#4689);
#4688 = CARTESIAN_POINT('',(1.570796326795,0.4));
#4689 = VECTOR('',#4690,1.);
#4690 = DIRECTION('',(0.,-1.));
#4691 = ( GEOMETRIC_REPRESENTATION_CONTEXT(2) 
PARAMETRIC_REPRESENTATION_CONTEXT() REPRESENTATION_CONTEXT('2D SPACE',''
  ) );
#4692 = PCURVE('',#1718,#4693);
#4693 = DEFINITIONAL_REPRESENTATION('',(#4694),#4698);
#4694 = LINE('',#4695,#4696);
#4695 = CARTESIAN_POINT('',(7.2,0.4));
#4696 = VECTOR('',#4697,1.);
#4697 = DIRECTION('',(0.,-1.));
#4698 = ( GEOMETRIC_REPRESENTATION_CONTEXT(2) 
PARAMETRIC_REPRESENTATION_CONTEXT() REPRESENTATION_CONTEXT('2D SPACE',''
  ) );
#4699 = ORIENTED_EDGE('',*,*,#1729,.F.);
#4700 = ADVANCED_FACE('',(#4701),#1718,.T.);
#4701 = FACE_BOUND('',#4702,.T.);
#4702 = EDGE_LOOP('',(#4703,#4726,#4747,#4748));
#4703 = ORIENTED_EDGE('',*,*,#4704,.T.);
#4704 = EDGE_CURVE('',#1675,#4705,#4707,.T.);
#4705 = VERTEX_POINT('',#4706);
#4706 = CARTESIAN_POINT('',(18.4025,48.655,8.8));
#4707 = SURFACE_CURVE('',#4708,(#4712,#4719),.PCURVE_S1.);
#4708 = LINE('',#4709,#4710);
#4709 = CARTESIAN_POINT('',(18.4025,48.655,9.6));
#4710 = VECTOR('',#4711,1.);
#4711 = DIRECTION('',(0.,0.,-1.));
#4712 = PCURVE('',#1718,#4713);
#4713 = DEFINITIONAL_REPRESENTATION('',(#4714),#4718);
#4714 = LINE('',#4715,#4716);
#4715 = CARTESIAN_POINT('',(0.,0.4));
#4716 = VECTOR('',#4717,1.);
#4717 = DIRECTION('',(0.,-1.));
#4718 = ( GEOMETRIC_REPRESENTATION_CONTEXT(2) 
PARAMETRIC_REPRESENTATION_CONTEXT() REPRESENTATION_CONTEXT('2D SPACE',''
  ) );
#4719 = PCURVE('',#1691,#4720);
#4720 = DEFINITIONAL_REPRESENTATION('',(#4721),#4725);
#4721 = LINE('',#4722,#4723);
#4722 = CARTESIAN_POINT('',(1.570796326795,0.4));
#4723 = VECTOR('',#4724,1.);
#4724 = DIRECTION('',(0.,-1.));
#4725 = ( GEOMETRIC_REPRESENTATION_CONTEXT(2) 
PARAMETRIC_REPRESENTATION_CONTEXT() REPRESENTATION_CONTEXT('2D SPACE',''
  ) );
#4726 = ORIENTED_EDGE('',*,*,#4727,.T.);
#4727 = EDGE_CURVE('',#4705,#4656,#4728,.T.);
#4728 = SURFACE_CURVE('',#4729,(#4733,#4740),.PCURVE_S1.);
#4729 = LINE('',#4730,#4731);
#4730 = CARTESIAN_POINT('',(22.0025,48.655,8.8));
#4731 = VECTOR('',#4732,1.);
#4732 = DIRECTION('',(1.,0.,0.));
#4733 = PCURVE('',#1718,#4734);
#4734 = DEFINITIONAL_REPRESENTATION('',(#4735),#4739);
#4735 = LINE('',#4736,#4737);
#4736 = CARTESIAN_POINT('',(3.6,-0.4));
#4737 = VECTOR('',#4738,1.);
#4738 = DIRECTION('',(1.,0.));
#4739 = ( GEOMETRIC_REPRESENTATION_CONTEXT(2) 
PARAMETRIC_REPRESENTATION_CONTEXT() REPRESENTATION_CONTEXT('2D SPACE',''
  ) );
#4740 = PCURVE('',#4469,#4741);
#4741 = DEFINITIONAL_REPRESENTATION('',(#4742),#4746);
#4742 = LINE('',#4743,#4744);
#4743 = CARTESIAN_POINT('',(-6.997731995883E-17,1.4));
#4744 = VECTOR('',#4745,1.);
#4745 = DIRECTION('',(1.,0.));
#4746 = ( GEOMETRIC_REPRESENTATION_CONTEXT(2) 
PARAMETRIC_REPRESENTATION_CONTEXT() REPRESENTATION_CONTEXT('2D SPACE',''
  ) );
#4747 = ORIENTED_EDGE('',*,*,#4679,.F.);
#4748 = ORIENTED_EDGE('',*,*,#1703,.F.);
#4749 = ADVANCED_FACE('',(#4750),#1691,.F.);
#4750 = FACE_BOUND('',#4751,.F.);
#4751 = EDGE_LOOP('',(#4752,#4753,#4777,#4798));
#4752 = ORIENTED_EDGE('',*,*,#4704,.T.);
#4753 = ORIENTED_EDGE('',*,*,#4754,.T.);
#4754 = EDGE_CURVE('',#4705,#4755,#4757,.T.);
#4755 = VERTEX_POINT('',#4756);
#4756 = CARTESIAN_POINT('',(17.4025,47.655,8.8));
#4757 = SURFACE_CURVE('',#4758,(#4763,#4770),.PCURVE_S1.);
#4758 = CIRCLE('',#4759,1.);
#4759 = AXIS2_PLACEMENT_3D('',#4760,#4761,#4762);
#4760 = CARTESIAN_POINT('',(18.4025,47.655,8.8));
#4761 = DIRECTION('',(0.,0.,1.));
#4762 = DIRECTION('',(1.,0.,0.));
#4763 = PCURVE('',#1691,#4764);
#4764 = DEFINITIONAL_REPRESENTATION('',(#4765),#4769);
#4765 = LINE('',#4766,#4767);
#4766 = CARTESIAN_POINT('',(0.,-0.4));
#4767 = VECTOR('',#4768,1.);
#4768 = DIRECTION('',(1.,0.));
#4769 = ( GEOMETRIC_REPRESENTATION_CONTEXT(2) 
PARAMETRIC_REPRESENTATION_CONTEXT() REPRESENTATION_CONTEXT('2D SPACE',''
  ) );
#4770 = PCURVE('',#4469,#4771);
#4771 = DEFINITIONAL_REPRESENTATION('',(#4772),#4776);
#4772 = CIRCLE('',#4773,1.);
#4773 = AXIS2_PLACEMENT_2D('',#4774,#4775);
#4774 = CARTESIAN_POINT('',(-3.6,0.4));
#4775 = DIRECTION('',(1.,0.));
#4776 = ( GEOMETRIC_REPRESENTATION_CONTEXT(2) 
PARAMETRIC_REPRESENTATION_CONTEXT() REPRESENTATION_CONTEXT('2D SPACE',''
  ) );
#4777 = ORIENTED_EDGE('',*,*,#4778,.F.);
#4778 = EDGE_CURVE('',#1649,#4755,#4779,.T.);
#4779 = SURFACE_CURVE('',#4780,(#4784,#4791),.PCURVE_S1.);
#4780 = LINE('',#4781,#4782);
#4781 = CARTESIAN_POINT('',(17.4025,47.655,9.6));
#4782 = VECTOR('',#4783,1.);
#4783 = DIRECTION('',(0.,0.,-1.));
#4784 = PCURVE('',#1691,#4785);
#4785 = DEFINITIONAL_REPRESENTATION('',(#4786),#4790);
#4786 = LINE('',#4787,#4788);
#4787 = CARTESIAN_POINT('',(3.14159265359,0.4));
#4788 = VECTOR('',#4789,1.);
#4789 = DIRECTION('',(0.,-1.));
#4790 = ( GEOMETRIC_REPRESENTATION_CONTEXT(2) 
PARAMETRIC_REPRESENTATION_CONTEXT() REPRESENTATION_CONTEXT('2D SPACE',''
  ) );
#4791 = PCURVE('',#1663,#4792);
#4792 = DEFINITIONAL_REPRESENTATION('',(#4793),#4797);
#4793 = LINE('',#4794,#4795);
#4794 = CARTESIAN_POINT('',(0.8,0.4));
#4795 = VECTOR('',#4796,1.);
#4796 = DIRECTION('',(0.,-1.));
#4797 = ( GEOMETRIC_REPRESENTATION_CONTEXT(2) 
PARAMETRIC_REPRESENTATION_CONTEXT() REPRESENTATION_CONTEXT('2D SPACE',''
  ) );
#4798 = ORIENTED_EDGE('',*,*,#1674,.F.);
#4799 = ADVANCED_FACE('',(#4800),#1663,.T.);
#4800 = FACE_BOUND('',#4801,.T.);
#4801 = EDGE_LOOP('',(#4802,#4803,#4824,#4825));
#4802 = ORIENTED_EDGE('',*,*,#4429,.F.);
#4803 = ORIENTED_EDGE('',*,*,#4804,.T.);
#4804 = EDGE_CURVE('',#4430,#4755,#4805,.T.);
#4805 = SURFACE_CURVE('',#4806,(#4810,#4817),.PCURVE_S1.);
#4806 = LINE('',#4807,#4808);
#4807 = CARTESIAN_POINT('',(17.4025,47.255,8.8));
#4808 = VECTOR('',#4809,1.);
#4809 = DIRECTION('',(0.,1.,0.));
#4810 = PCURVE('',#1663,#4811);
#4811 = DEFINITIONAL_REPRESENTATION('',(#4812),#4816);
#4812 = LINE('',#4813,#4814);
#4813 = CARTESIAN_POINT('',(0.4,-0.4));
#4814 = VECTOR('',#4815,1.);
#4815 = DIRECTION('',(1.,0.));
#4816 = ( GEOMETRIC_REPRESENTATION_CONTEXT(2) 
PARAMETRIC_REPRESENTATION_CONTEXT() REPRESENTATION_CONTEXT('2D SPACE',''
  ) );
#4817 = PCURVE('',#4469,#4818);
#4818 = DEFINITIONAL_REPRESENTATION('',(#4819),#4823);
#4819 = LINE('',#4820,#4821);
#4820 = CARTESIAN_POINT('',(-4.6,5.685657246655E-17));
#4821 = VECTOR('',#4822,1.);
#4822 = DIRECTION('',(0.,1.));
#4823 = ( GEOMETRIC_REPRESENTATION_CONTEXT(2) 
PARAMETRIC_REPRESENTATION_CONTEXT() REPRESENTATION_CONTEXT('2D SPACE',''
  ) );
#4824 = ORIENTED_EDGE('',*,*,#4778,.F.);
#4825 = ORIENTED_EDGE('',*,*,#1648,.F.);
#4826 = ADVANCED_FACE('',(#4827),#2062,.F.);
#4827 = FACE_BOUND('',#4828,.F.);
#4828 = EDGE_LOOP('',(#4829,#4852,#4853,#4854));
#4829 = ORIENTED_EDGE('',*,*,#4830,.T.);
#4830 = EDGE_CURVE('',#4831,#2042,#4833,.T.);
#4831 = VERTEX_POINT('',#4832);
#4832 = CARTESIAN_POINT('',(28.65,31.1,5.33));
#4833 = SEAM_CURVE('',#4834,(#4838,#4845),.PCURVE_S1.);
#4834 = LINE('',#4835,#4836);
#4835 = CARTESIAN_POINT('',(27.9,31.1,5.33));
#4836 = VECTOR('',#4837,1.);
#4837 = DIRECTION('',(1.,0.,2.22044604925E-16));
#4838 = PCURVE('',#2062,#4839);
#4839 = DEFINITIONAL_REPRESENTATION('',(#4840),#4844);
#4840 = LINE('',#4841,#4842);
#4841 = CARTESIAN_POINT('',(6.28318530718,-0.));
#4842 = VECTOR('',#4843,1.);
#4843 = DIRECTION('',(0.,1.));
#4844 = ( GEOMETRIC_REPRESENTATION_CONTEXT(2) 
PARAMETRIC_REPRESENTATION_CONTEXT() REPRESENTATION_CONTEXT('2D SPACE',''
  ) );
#4845 = PCURVE('',#2062,#4846);
#4846 = DEFINITIONAL_REPRESENTATION('',(#4847),#4851);
#4847 = LINE('',#4848,#4849);
#4848 = CARTESIAN_POINT('',(0.,-0.));
#4849 = VECTOR('',#4850,1.);
#4850 = DIRECTION('',(0.,1.));
#4851 = ( GEOMETRIC_REPRESENTATION_CONTEXT(2) 
PARAMETRIC_REPRESENTATION_CONTEXT() REPRESENTATION_CONTEXT('2D SPACE',''
  ) );
#4852 = ORIENTED_EDGE('',*,*,#2041,.F.);
#4853 = ORIENTED_EDGE('',*,*,#4830,.F.);
#4854 = ORIENTED_EDGE('',*,*,#4855,.T.);
#4855 = EDGE_CURVE('',#4831,#4831,#4856,.T.);
#4856 = SURFACE_CURVE('',#4857,(#4862,#4869),.PCURVE_S1.);
#4857 = CIRCLE('',#4858,1.1);
#4858 = AXIS2_PLACEMENT_3D('',#4859,#4860,#4861);
#4859 = CARTESIAN_POINT('',(28.65,31.1,6.43));
#4860 = DIRECTION('',(1.,0.,2.22044604925E-16));
#4861 = DIRECTION('',(2.22044604925E-16,0.,-1.));
#4862 = PCURVE('',#2062,#4863);
#4863 = DEFINITIONAL_REPRESENTATION('',(#4864),#4868);
#4864 = LINE('',#4865,#4866);
#4865 = CARTESIAN_POINT('',(0.,0.75));
#4866 = VECTOR('',#4867,1.);
#4867 = DIRECTION('',(1.,0.));
#4868 = ( GEOMETRIC_REPRESENTATION_CONTEXT(2) 
PARAMETRIC_REPRESENTATION_CONTEXT() REPRESENTATION_CONTEXT('2D SPACE',''
  ) );
#4869 = PCURVE('',#4870,#4875);
#4870 = PLANE('',#4871);
#4871 = AXIS2_PLACEMENT_3D('',#4872,#4873,#4874);
#4872 = CARTESIAN_POINT('',(28.65,31.1,6.43));
#4873 = DIRECTION('',(1.,0.,2.22044604925E-16));
#4874 = DIRECTION('',(2.22044604925E-16,0.,-1.));
#4875 = DEFINITIONAL_REPRESENTATION('',(#4876),#4880);
#4876 = CIRCLE('',#4877,1.1);
#4877 = AXIS2_PLACEMENT_2D('',#4878,#4879);
#4878 = CARTESIAN_POINT('',(0.,0.));
#4879 = DIRECTION('',(1.,0.));
#4880 = ( GEOMETRIC_REPRESENTATION_CONTEXT(2) 
PARAMETRIC_REPRESENTATION_CONTEXT() REPRESENTATION_CONTEXT('2D SPACE',''
  ) );
#4881 = ADVANCED_FACE('',(#4882),#2094,.T.);
#4882 = FACE_BOUND('',#4883,.T.);
#4883 = EDGE_LOOP('',(#4884,#4907,#4935,#4956));
#4884 = ORIENTED_EDGE('',*,*,#4885,.F.);
#4885 = EDGE_CURVE('',#4886,#2077,#4888,.T.);
#4886 = VERTEX_POINT('',#4887);
#4887 = CARTESIAN_POINT('',(29.,36.8,6.29));
#4888 = SURFACE_CURVE('',#4889,(#4893,#4900),.PCURVE_S1.);
#4889 = LINE('',#4890,#4891);
#4890 = CARTESIAN_POINT('',(29.,36.8,6.29));
#4891 = VECTOR('',#4892,1.);
#4892 = DIRECTION('',(1.,0.,0.));
#4893 = PCURVE('',#2094,#4894);
#4894 = DEFINITIONAL_REPRESENTATION('',(#4895),#4899);
#4895 = LINE('',#4896,#4897);
#4896 = CARTESIAN_POINT('',(0.,-0.5));
#4897 = VECTOR('',#4898,1.);
#4898 = DIRECTION('',(0.,1.));
#4899 = ( GEOMETRIC_REPRESENTATION_CONTEXT(2) 
PARAMETRIC_REPRESENTATION_CONTEXT() REPRESENTATION_CONTEXT('2D SPACE',''
  ) );
#4900 = PCURVE('',#2123,#4901);
#4901 = DEFINITIONAL_REPRESENTATION('',(#4902),#4906);
#4902 = LINE('',#4903,#4904);
#4903 = CARTESIAN_POINT('',(-6.28318530718,-0.5));
#4904 = VECTOR('',#4905,1.);
#4905 = DIRECTION('',(0.,1.));
#4906 = ( GEOMETRIC_REPRESENTATION_CONTEXT(2) 
PARAMETRIC_REPRESENTATION_CONTEXT() REPRESENTATION_CONTEXT('2D SPACE',''
  ) );
#4907 = ORIENTED_EDGE('',*,*,#4908,.T.);
#4908 = EDGE_CURVE('',#4886,#4909,#4911,.T.);
#4909 = VERTEX_POINT('',#4910);
#4910 = CARTESIAN_POINT('',(29.,36.8,6.31));
#4911 = SURFACE_CURVE('',#4912,(#4916,#4923),.PCURVE_S1.);
#4912 = LINE('',#4913,#4914);
#4913 = CARTESIAN_POINT('',(29.,36.8,6.3));
#4914 = VECTOR('',#4915,1.);
#4915 = DIRECTION('',(0.,0.,1.));
#4916 = PCURVE('',#2094,#4917);
#4917 = DEFINITIONAL_REPRESENTATION('',(#4918),#4922);
#4918 = LINE('',#4919,#4920);
#4919 = CARTESIAN_POINT('',(1.E-02,-0.5));
#4920 = VECTOR('',#4921,1.);
#4921 = DIRECTION('',(1.,0.));
#4922 = ( GEOMETRIC_REPRESENTATION_CONTEXT(2) 
PARAMETRIC_REPRESENTATION_CONTEXT() REPRESENTATION_CONTEXT('2D SPACE',''
  ) );
#4923 = PCURVE('',#4924,#4929);
#4924 = PLANE('',#4925);
#4925 = AXIS2_PLACEMENT_3D('',#4926,#4927,#4928);
#4926 = CARTESIAN_POINT('',(29.,40.8,6.3));
#4927 = DIRECTION('',(1.,0.,0.));
#4928 = DIRECTION('',(0.,1.,0.));
#4929 = DEFINITIONAL_REPRESENTATION('',(#4930),#4934);
#4930 = LINE('',#4931,#4932);
#4931 = CARTESIAN_POINT('',(-4.,1.387857459975E-16));
#4932 = VECTOR('',#4933,1.);
#4933 = DIRECTION('',(0.,1.));
#4934 = ( GEOMETRIC_REPRESENTATION_CONTEXT(2) 
PARAMETRIC_REPRESENTATION_CONTEXT() REPRESENTATION_CONTEXT('2D SPACE',''
  ) );
#4935 = ORIENTED_EDGE('',*,*,#4936,.F.);
#4936 = EDGE_CURVE('',#2079,#4909,#4937,.T.);
#4937 = SURFACE_CURVE('',#4938,(#4942,#4949),.PCURVE_S1.);
#4938 = LINE('',#4939,#4940);
#4939 = CARTESIAN_POINT('',(30.,36.8,6.31));
#4940 = VECTOR('',#4941,1.);
#4941 = DIRECTION('',(-1.,0.,0.));
#4942 = PCURVE('',#2094,#4943);
#4943 = DEFINITIONAL_REPRESENTATION('',(#4944),#4948);
#4944 = LINE('',#4945,#4946);
#4945 = CARTESIAN_POINT('',(2.E-02,0.5));
#4946 = VECTOR('',#4947,1.);
#4947 = DIRECTION('',(0.,-1.));
#4948 = ( GEOMETRIC_REPRESENTATION_CONTEXT(2) 
PARAMETRIC_REPRESENTATION_CONTEXT() REPRESENTATION_CONTEXT('2D SPACE',''
  ) );
#4949 = PCURVE('',#2292,#4950);
#4950 = DEFINITIONAL_REPRESENTATION('',(#4951),#4955);
#4951 = LINE('',#4952,#4953);
#4952 = CARTESIAN_POINT('',(-0.,0.5));
#4953 = VECTOR('',#4954,1.);
#4954 = DIRECTION('',(-0.,-1.));
#4955 = ( GEOMETRIC_REPRESENTATION_CONTEXT(2) 
PARAMETRIC_REPRESENTATION_CONTEXT() REPRESENTATION_CONTEXT('2D SPACE',''
  ) );
#4956 = ORIENTED_EDGE('',*,*,#2076,.F.);
#4957 = ADVANCED_FACE('',(#4958),#2123,.F.);
#4958 = FACE_BOUND('',#4959,.T.);
#4959 = EDGE_LOOP('',(#4960,#4983,#5009,#5010));
#4960 = ORIENTED_EDGE('',*,*,#4961,.F.);
#4961 = EDGE_CURVE('',#4962,#2107,#4964,.T.);
#4962 = VERTEX_POINT('',#4963);
#4963 = CARTESIAN_POINT('',(29.,38.59,4.5));
#4964 = SURFACE_CURVE('',#4965,(#4969,#4976),.PCURVE_S1.);
#4965 = LINE('',#4966,#4967);
#4966 = CARTESIAN_POINT('',(29.,38.59,4.5));
#4967 = VECTOR('',#4968,1.);
#4968 = DIRECTION('',(1.,0.,0.));
#4969 = PCURVE('',#2123,#4970);
#4970 = DEFINITIONAL_REPRESENTATION('',(#4971),#4975);
#4971 = LINE('',#4972,#4973);
#4972 = CARTESIAN_POINT('',(-4.712388980385,-0.5));
#4973 = VECTOR('',#4974,1.);
#4974 = DIRECTION('',(0.,1.));
#4975 = ( GEOMETRIC_REPRESENTATION_CONTEXT(2) 
PARAMETRIC_REPRESENTATION_CONTEXT() REPRESENTATION_CONTEXT('2D SPACE',''
  ) );
#4976 = PCURVE('',#2151,#4977);
#4977 = DEFINITIONAL_REPRESENTATION('',(#4978),#4982);
#4978 = LINE('',#4979,#4980);
#4979 = CARTESIAN_POINT('',(0.,-0.5));
#4980 = VECTOR('',#4981,1.);
#4981 = DIRECTION('',(0.,1.));
#4982 = ( GEOMETRIC_REPRESENTATION_CONTEXT(2) 
PARAMETRIC_REPRESENTATION_CONTEXT() REPRESENTATION_CONTEXT('2D SPACE',''
  ) );
#4983 = ORIENTED_EDGE('',*,*,#4984,.T.);
#4984 = EDGE_CURVE('',#4962,#4886,#4985,.T.);
#4985 = SURFACE_CURVE('',#4986,(#4991,#4998),.PCURVE_S1.);
#4986 = CIRCLE('',#4987,1.79);
#4987 = AXIS2_PLACEMENT_3D('',#4988,#4989,#4990);
#4988 = CARTESIAN_POINT('',(29.,38.59,6.29));
#4989 = DIRECTION('',(-1.,0.,0.));
#4990 = DIRECTION('',(0.,-1.,0.));
#4991 = PCURVE('',#2123,#4992);
#4992 = DEFINITIONAL_REPRESENTATION('',(#4993),#4997);
#4993 = LINE('',#4994,#4995);
#4994 = CARTESIAN_POINT('',(-0.,-0.5));
#4995 = VECTOR('',#4996,1.);
#4996 = DIRECTION('',(-1.,0.));
#4997 = ( GEOMETRIC_REPRESENTATION_CONTEXT(2) 
PARAMETRIC_REPRESENTATION_CONTEXT() REPRESENTATION_CONTEXT('2D SPACE',''
  ) );
#4998 = PCURVE('',#4924,#4999);
#4999 = DEFINITIONAL_REPRESENTATION('',(#5000),#5008);
#5000 = ( BOUNDED_CURVE() B_SPLINE_CURVE(2,(#5001,#5002,#5003,#5004,
#5005,#5006,#5007),.UNSPECIFIED.,.T.,.F.) B_SPLINE_CURVE_WITH_KNOTS((1,2
    ,2,2,2,1),(-2.094395102393,0.,2.094395102393,4.188790204786,
6.28318530718,8.377580409573),.UNSPECIFIED.) CURVE() 
GEOMETRIC_REPRESENTATION_ITEM() RATIONAL_B_SPLINE_CURVE((1.,0.5,1.,0.5,
1.,0.5,1.)) REPRESENTATION_ITEM('') );
#5001 = CARTESIAN_POINT('',(-4.,-1.E-02));
#5002 = CARTESIAN_POINT('',(-4.,3.090370945548));
#5003 = CARTESIAN_POINT('',(-1.315,1.540185472774));
#5004 = CARTESIAN_POINT('',(1.37,-9.999999999999E-03));
#5005 = CARTESIAN_POINT('',(-1.315,-1.560185472774));
#5006 = CARTESIAN_POINT('',(-4.,-3.110370945548));
#5007 = CARTESIAN_POINT('',(-4.,-1.E-02));
#5008 = ( GEOMETRIC_REPRESENTATION_CONTEXT(2) 
PARAMETRIC_REPRESENTATION_CONTEXT() REPRESENTATION_CONTEXT('2D SPACE',''
  ) );
#5009 = ORIENTED_EDGE('',*,*,#4885,.T.);
#5010 = ORIENTED_EDGE('',*,*,#2106,.F.);
#5011 = ADVANCED_FACE('',(#5012),#2292,.F.);
#5012 = FACE_BOUND('',#5013,.T.);
#5013 = EDGE_LOOP('',(#5014,#5042,#5063,#5064));
#5014 = ORIENTED_EDGE('',*,*,#5015,.T.);
#5015 = EDGE_CURVE('',#4909,#5016,#5018,.T.);
#5016 = VERTEX_POINT('',#5017);
#5017 = CARTESIAN_POINT('',(29.,38.59,8.1));
#5018 = SURFACE_CURVE('',#5019,(#5024,#5031),.PCURVE_S1.);
#5019 = CIRCLE('',#5020,1.79);
#5020 = AXIS2_PLACEMENT_3D('',#5021,#5022,#5023);
#5021 = CARTESIAN_POINT('',(29.,38.59,6.31));
#5022 = DIRECTION('',(-1.,0.,0.));
#5023 = DIRECTION('',(0.,-1.,0.));
#5024 = PCURVE('',#2292,#5025);
#5025 = DEFINITIONAL_REPRESENTATION('',(#5026),#5030);
#5026 = LINE('',#5027,#5028);
#5027 = CARTESIAN_POINT('',(-0.,-0.5));
#5028 = VECTOR('',#5029,1.);
#5029 = DIRECTION('',(-1.,0.));
#5030 = ( GEOMETRIC_REPRESENTATION_CONTEXT(2) 
PARAMETRIC_REPRESENTATION_CONTEXT() REPRESENTATION_CONTEXT('2D SPACE',''
  ) );
#5031 = PCURVE('',#4924,#5032);
#5032 = DEFINITIONAL_REPRESENTATION('',(#5033),#5041);
#5033 = ( BOUNDED_CURVE() B_SPLINE_CURVE(2,(#5034,#5035,#5036,#5037,
#5038,#5039,#5040),.UNSPECIFIED.,.T.,.F.) B_SPLINE_CURVE_WITH_KNOTS((1,2
    ,2,2,2,1),(-2.094395102393,0.,2.094395102393,4.188790204786,
6.28318530718,8.377580409573),.UNSPECIFIED.) CURVE() 
GEOMETRIC_REPRESENTATION_ITEM() RATIONAL_B_SPLINE_CURVE((1.,0.5,1.,0.5,
1.,0.5,1.)) REPRESENTATION_ITEM('') );
#5034 = CARTESIAN_POINT('',(-4.,1.E-02));
#5035 = CARTESIAN_POINT('',(-4.,3.110370945548));
#5036 = CARTESIAN_POINT('',(-1.315,1.560185472774));
#5037 = CARTESIAN_POINT('',(1.37,1.E-02));
#5038 = CARTESIAN_POINT('',(-1.315,-1.540185472774));
#5039 = CARTESIAN_POINT('',(-4.,-3.090370945548));
#5040 = CARTESIAN_POINT('',(-4.,1.E-02));
#5041 = ( GEOMETRIC_REPRESENTATION_CONTEXT(2) 
PARAMETRIC_REPRESENTATION_CONTEXT() REPRESENTATION_CONTEXT('2D SPACE',''
  ) );
#5042 = ORIENTED_EDGE('',*,*,#5043,.F.);
#5043 = EDGE_CURVE('',#2250,#5016,#5044,.T.);
#5044 = SURFACE_CURVE('',#5045,(#5049,#5056),.PCURVE_S1.);
#5045 = LINE('',#5046,#5047);
#5046 = CARTESIAN_POINT('',(30.,38.59,8.1));
#5047 = VECTOR('',#5048,1.);
#5048 = DIRECTION('',(-1.,0.,0.));
#5049 = PCURVE('',#2292,#5050);
#5050 = DEFINITIONAL_REPRESENTATION('',(#5051),#5055);
#5051 = LINE('',#5052,#5053);
#5052 = CARTESIAN_POINT('',(-1.570796326795,0.5));
#5053 = VECTOR('',#5054,1.);
#5054 = DIRECTION('',(-0.,-1.));
#5055 = ( GEOMETRIC_REPRESENTATION_CONTEXT(2) 
PARAMETRIC_REPRESENTATION_CONTEXT() REPRESENTATION_CONTEXT('2D SPACE',''
  ) );
#5056 = PCURVE('',#2265,#5057);
#5057 = DEFINITIONAL_REPRESENTATION('',(#5058),#5062);
#5058 = LINE('',#5059,#5060);
#5059 = CARTESIAN_POINT('',(0.,0.5));
#5060 = VECTOR('',#5061,1.);
#5061 = DIRECTION('',(0.,-1.));
#5062 = ( GEOMETRIC_REPRESENTATION_CONTEXT(2) 
PARAMETRIC_REPRESENTATION_CONTEXT() REPRESENTATION_CONTEXT('2D SPACE',''
  ) );
#5063 = ORIENTED_EDGE('',*,*,#2277,.F.);
#5064 = ORIENTED_EDGE('',*,*,#4936,.T.);
#5065 = ADVANCED_FACE('',(#5066),#2151,.F.);
#5066 = FACE_BOUND('',#5067,.F.);
#5067 = EDGE_LOOP('',(#5068,#5069,#5092,#5113));
#5068 = ORIENTED_EDGE('',*,*,#4961,.F.);
#5069 = ORIENTED_EDGE('',*,*,#5070,.T.);
#5070 = EDGE_CURVE('',#4962,#5071,#5073,.T.);
#5071 = VERTEX_POINT('',#5072);
#5072 = CARTESIAN_POINT('',(29.,43.01,4.5));
#5073 = SURFACE_CURVE('',#5074,(#5078,#5085),.PCURVE_S1.);
#5074 = LINE('',#5075,#5076);
#5075 = CARTESIAN_POINT('',(29.,40.8,4.5));
#5076 = VECTOR('',#5077,1.);
#5077 = DIRECTION('',(0.,1.,0.));
#5078 = PCURVE('',#2151,#5079);
#5079 = DEFINITIONAL_REPRESENTATION('',(#5080),#5084);
#5080 = LINE('',#5081,#5082);
#5081 = CARTESIAN_POINT('',(2.21,-0.5));
#5082 = VECTOR('',#5083,1.);
#5083 = DIRECTION('',(1.,0.));
#5084 = ( GEOMETRIC_REPRESENTATION_CONTEXT(2) 
PARAMETRIC_REPRESENTATION_CONTEXT() REPRESENTATION_CONTEXT('2D SPACE',''
  ) );
#5085 = PCURVE('',#4924,#5086);
#5086 = DEFINITIONAL_REPRESENTATION('',(#5087),#5091);
#5087 = LINE('',#5088,#5089);
#5088 = CARTESIAN_POINT('',(1.332343161576E-16,-1.8));
#5089 = VECTOR('',#5090,1.);
#5090 = DIRECTION('',(1.,0.));
#5091 = ( GEOMETRIC_REPRESENTATION_CONTEXT(2) 
PARAMETRIC_REPRESENTATION_CONTEXT() REPRESENTATION_CONTEXT('2D SPACE',''
  ) );
#5092 = ORIENTED_EDGE('',*,*,#5093,.T.);
#5093 = EDGE_CURVE('',#5071,#2136,#5094,.T.);
#5094 = SURFACE_CURVE('',#5095,(#5099,#5106),.PCURVE_S1.);
#5095 = LINE('',#5096,#5097);
#5096 = CARTESIAN_POINT('',(29.,43.01,4.5));
#5097 = VECTOR('',#5098,1.);
#5098 = DIRECTION('',(1.,0.,0.));
#5099 = PCURVE('',#2151,#5100);
#5100 = DEFINITIONAL_REPRESENTATION('',(#5101),#5105);
#5101 = LINE('',#5102,#5103);
#5102 = CARTESIAN_POINT('',(4.42,-0.5));
#5103 = VECTOR('',#5104,1.);
#5104 = DIRECTION('',(0.,1.));
#5105 = ( GEOMETRIC_REPRESENTATION_CONTEXT(2) 
PARAMETRIC_REPRESENTATION_CONTEXT() REPRESENTATION_CONTEXT('2D SPACE',''
  ) );
#5106 = PCURVE('',#2180,#5107);
#5107 = DEFINITIONAL_REPRESENTATION('',(#5108),#5112);
#5108 = LINE('',#5109,#5110);
#5109 = CARTESIAN_POINT('',(-4.712388980385,-0.5));
#5110 = VECTOR('',#5111,1.);
#5111 = DIRECTION('',(0.,1.));
#5112 = ( GEOMETRIC_REPRESENTATION_CONTEXT(2) 
PARAMETRIC_REPRESENTATION_CONTEXT() REPRESENTATION_CONTEXT('2D SPACE',''
  ) );
#5113 = ORIENTED_EDGE('',*,*,#2135,.F.);
#5114 = ADVANCED_FACE('',(#5115),#2265,.T.);
#5115 = FACE_BOUND('',#5116,.T.);
#5116 = EDGE_LOOP('',(#5117,#5140,#5161,#5162));
#5117 = ORIENTED_EDGE('',*,*,#5118,.T.);
#5118 = EDGE_CURVE('',#5016,#5119,#5121,.T.);
#5119 = VERTEX_POINT('',#5120);
#5120 = CARTESIAN_POINT('',(29.,43.01,8.1));
#5121 = SURFACE_CURVE('',#5122,(#5126,#5133),.PCURVE_S1.);
#5122 = LINE('',#5123,#5124);
#5123 = CARTESIAN_POINT('',(29.,40.8,8.1));
#5124 = VECTOR('',#5125,1.);
#5125 = DIRECTION('',(0.,1.,0.));
#5126 = PCURVE('',#2265,#5127);
#5127 = DEFINITIONAL_REPRESENTATION('',(#5128),#5132);
#5128 = LINE('',#5129,#5130);
#5129 = CARTESIAN_POINT('',(2.21,-0.5));
#5130 = VECTOR('',#5131,1.);
#5131 = DIRECTION('',(1.,0.));
#5132 = ( GEOMETRIC_REPRESENTATION_CONTEXT(2) 
PARAMETRIC_REPRESENTATION_CONTEXT() REPRESENTATION_CONTEXT('2D SPACE',''
  ) );
#5133 = PCURVE('',#4924,#5134);
#5134 = DEFINITIONAL_REPRESENTATION('',(#5135),#5139);
#5135 = LINE('',#5136,#5137);
#5136 = CARTESIAN_POINT('',(1.332343161576E-16,1.8));
#5137 = VECTOR('',#5138,1.);
#5138 = DIRECTION('',(1.,0.));
#5139 = ( GEOMETRIC_REPRESENTATION_CONTEXT(2) 
PARAMETRIC_REPRESENTATION_CONTEXT() REPRESENTATION_CONTEXT('2D SPACE',''
  ) );
#5140 = ORIENTED_EDGE('',*,*,#5141,.F.);
#5141 = EDGE_CURVE('',#2221,#5119,#5142,.T.);
#5142 = SURFACE_CURVE('',#5143,(#5147,#5154),.PCURVE_S1.);
#5143 = LINE('',#5144,#5145);
#5144 = CARTESIAN_POINT('',(30.,43.01,8.1));
#5145 = VECTOR('',#5146,1.);
#5146 = DIRECTION('',(-1.,0.,0.));
#5147 = PCURVE('',#2265,#5148);
#5148 = DEFINITIONAL_REPRESENTATION('',(#5149),#5153);
#5149 = LINE('',#5150,#5151);
#5150 = CARTESIAN_POINT('',(4.42,0.5));
#5151 = VECTOR('',#5152,1.);
#5152 = DIRECTION('',(0.,-1.));
#5153 = ( GEOMETRIC_REPRESENTATION_CONTEXT(2) 
PARAMETRIC_REPRESENTATION_CONTEXT() REPRESENTATION_CONTEXT('2D SPACE',''
  ) );
#5154 = PCURVE('',#2237,#5155);
#5155 = DEFINITIONAL_REPRESENTATION('',(#5156),#5160);
#5156 = LINE('',#5157,#5158);
#5157 = CARTESIAN_POINT('',(-1.570796326795,0.5));
#5158 = VECTOR('',#5159,1.);
#5159 = DIRECTION('',(-0.,-1.));
#5160 = ( GEOMETRIC_REPRESENTATION_CONTEXT(2) 
PARAMETRIC_REPRESENTATION_CONTEXT() REPRESENTATION_CONTEXT('2D SPACE',''
  ) );
#5161 = ORIENTED_EDGE('',*,*,#2249,.F.);
#5162 = ORIENTED_EDGE('',*,*,#5043,.T.);
#5163 = ADVANCED_FACE('',(#5164),#2180,.F.);
#5164 = FACE_BOUND('',#5165,.T.);
#5165 = EDGE_LOOP('',(#5166,#5189,#5215,#5216));
#5166 = ORIENTED_EDGE('',*,*,#5167,.F.);
#5167 = EDGE_CURVE('',#5168,#2164,#5170,.T.);
#5168 = VERTEX_POINT('',#5169);
#5169 = CARTESIAN_POINT('',(29.,44.8,6.29));
#5170 = SURFACE_CURVE('',#5171,(#5175,#5182),.PCURVE_S1.);
#5171 = LINE('',#5172,#5173);
#5172 = CARTESIAN_POINT('',(29.,44.8,6.29));
#5173 = VECTOR('',#5174,1.);
#5174 = DIRECTION('',(1.,0.,0.));
#5175 = PCURVE('',#2180,#5176);
#5176 = DEFINITIONAL_REPRESENTATION('',(#5177),#5181);
#5177 = LINE('',#5178,#5179);
#5178 = CARTESIAN_POINT('',(-3.14159265359,-0.5));
#5179 = VECTOR('',#5180,1.);
#5180 = DIRECTION('',(0.,1.));
#5181 = ( GEOMETRIC_REPRESENTATION_CONTEXT(2) 
PARAMETRIC_REPRESENTATION_CONTEXT() REPRESENTATION_CONTEXT('2D SPACE',''
  ) );
#5182 = PCURVE('',#2208,#5183);
#5183 = DEFINITIONAL_REPRESENTATION('',(#5184),#5188);
#5184 = LINE('',#5185,#5186);
#5185 = CARTESIAN_POINT('',(0.,-0.5));
#5186 = VECTOR('',#5187,1.);
#5187 = DIRECTION('',(0.,1.));
#5188 = ( GEOMETRIC_REPRESENTATION_CONTEXT(2) 
PARAMETRIC_REPRESENTATION_CONTEXT() REPRESENTATION_CONTEXT('2D SPACE',''
  ) );
#5189 = ORIENTED_EDGE('',*,*,#5190,.T.);
#5190 = EDGE_CURVE('',#5168,#5071,#5191,.T.);
#5191 = SURFACE_CURVE('',#5192,(#5197,#5204),.PCURVE_S1.);
#5192 = CIRCLE('',#5193,1.79);
#5193 = AXIS2_PLACEMENT_3D('',#5194,#5195,#5196);
#5194 = CARTESIAN_POINT('',(29.,43.01,6.29));
#5195 = DIRECTION('',(-1.,0.,0.));
#5196 = DIRECTION('',(0.,-1.,0.));
#5197 = PCURVE('',#2180,#5198);
#5198 = DEFINITIONAL_REPRESENTATION('',(#5199),#5203);
#5199 = LINE('',#5200,#5201);
#5200 = CARTESIAN_POINT('',(-0.,-0.5));
#5201 = VECTOR('',#5202,1.);
#5202 = DIRECTION('',(-1.,0.));
#5203 = ( GEOMETRIC_REPRESENTATION_CONTEXT(2) 
PARAMETRIC_REPRESENTATION_CONTEXT() REPRESENTATION_CONTEXT('2D SPACE',''
  ) );
#5204 = PCURVE('',#4924,#5205);
#5205 = DEFINITIONAL_REPRESENTATION('',(#5206),#5214);
#5206 = ( BOUNDED_CURVE() B_SPLINE_CURVE(2,(#5207,#5208,#5209,#5210,
#5211,#5212,#5213),.UNSPECIFIED.,.T.,.F.) B_SPLINE_CURVE_WITH_KNOTS((1,2
    ,2,2,2,1),(-2.094395102393,0.,2.094395102393,4.188790204786,
6.28318530718,8.377580409573),.UNSPECIFIED.) CURVE() 
GEOMETRIC_REPRESENTATION_ITEM() RATIONAL_B_SPLINE_CURVE((1.,0.5,1.,0.5,
1.,0.5,1.)) REPRESENTATION_ITEM('') );
#5207 = CARTESIAN_POINT('',(0.42,-1.E-02));
#5208 = CARTESIAN_POINT('',(0.42,3.090370945548));
#5209 = CARTESIAN_POINT('',(3.105,1.540185472774));
#5210 = CARTESIAN_POINT('',(5.79,-9.999999999999E-03));
#5211 = CARTESIAN_POINT('',(3.105,-1.560185472774));
#5212 = CARTESIAN_POINT('',(0.42,-3.110370945548));
#5213 = CARTESIAN_POINT('',(0.42,-1.E-02));
#5214 = ( GEOMETRIC_REPRESENTATION_CONTEXT(2) 
PARAMETRIC_REPRESENTATION_CONTEXT() REPRESENTATION_CONTEXT('2D SPACE',''
  ) );
#5215 = ORIENTED_EDGE('',*,*,#5093,.T.);
#5216 = ORIENTED_EDGE('',*,*,#2163,.F.);
#5217 = ADVANCED_FACE('',(#5218),#2237,.F.);
#5218 = FACE_BOUND('',#5219,.T.);
#5219 = EDGE_LOOP('',(#5220,#5248,#5269,#5270));
#5220 = ORIENTED_EDGE('',*,*,#5221,.T.);
#5221 = EDGE_CURVE('',#5119,#5222,#5224,.T.);
#5222 = VERTEX_POINT('',#5223);
#5223 = CARTESIAN_POINT('',(29.,44.8,6.31));
#5224 = SURFACE_CURVE('',#5225,(#5230,#5237),.PCURVE_S1.);
#5225 = CIRCLE('',#5226,1.79);
#5226 = AXIS2_PLACEMENT_3D('',#5227,#5228,#5229);
#5227 = CARTESIAN_POINT('',(29.,43.01,6.31));
#5228 = DIRECTION('',(-1.,0.,0.));
#5229 = DIRECTION('',(0.,-1.,0.));
#5230 = PCURVE('',#2237,#5231);
#5231 = DEFINITIONAL_REPRESENTATION('',(#5232),#5236);
#5232 = LINE('',#5233,#5234);
#5233 = CARTESIAN_POINT('',(-0.,-0.5));
#5234 = VECTOR('',#5235,1.);
#5235 = DIRECTION('',(-1.,0.));
#5236 = ( GEOMETRIC_REPRESENTATION_CONTEXT(2) 
PARAMETRIC_REPRESENTATION_CONTEXT() REPRESENTATION_CONTEXT('2D SPACE',''
  ) );
#5237 = PCURVE('',#4924,#5238);
#5238 = DEFINITIONAL_REPRESENTATION('',(#5239),#5247);
#5239 = ( BOUNDED_CURVE() B_SPLINE_CURVE(2,(#5240,#5241,#5242,#5243,
#5244,#5245,#5246),.UNSPECIFIED.,.T.,.F.) B_SPLINE_CURVE_WITH_KNOTS((1,2
    ,2,2,2,1),(-2.094395102393,0.,2.094395102393,4.188790204786,
6.28318530718,8.377580409573),.UNSPECIFIED.) CURVE() 
GEOMETRIC_REPRESENTATION_ITEM() RATIONAL_B_SPLINE_CURVE((1.,0.5,1.,0.5,
1.,0.5,1.)) REPRESENTATION_ITEM('') );
#5240 = CARTESIAN_POINT('',(0.42,1.E-02));
#5241 = CARTESIAN_POINT('',(0.42,3.110370945548));
#5242 = CARTESIAN_POINT('',(3.105,1.560185472774));
#5243 = CARTESIAN_POINT('',(5.79,1.E-02));
#5244 = CARTESIAN_POINT('',(3.105,-1.540185472774));
#5245 = CARTESIAN_POINT('',(0.42,-3.090370945548));
#5246 = CARTESIAN_POINT('',(0.42,1.E-02));
#5247 = ( GEOMETRIC_REPRESENTATION_CONTEXT(2) 
PARAMETRIC_REPRESENTATION_CONTEXT() REPRESENTATION_CONTEXT('2D SPACE',''
  ) );
#5248 = ORIENTED_EDGE('',*,*,#5249,.T.);
#5249 = EDGE_CURVE('',#5222,#2193,#5250,.T.);
#5250 = SURFACE_CURVE('',#5251,(#5255,#5262),.PCURVE_S1.);
#5251 = LINE('',#5252,#5253);
#5252 = CARTESIAN_POINT('',(29.,44.8,6.31));
#5253 = VECTOR('',#5254,1.);
#5254 = DIRECTION('',(1.,0.,0.));
#5255 = PCURVE('',#2237,#5256);
#5256 = DEFINITIONAL_REPRESENTATION('',(#5257),#5261);
#5257 = LINE('',#5258,#5259);
#5258 = CARTESIAN_POINT('',(-3.14159265359,-0.5));
#5259 = VECTOR('',#5260,1.);
#5260 = DIRECTION('',(0.,1.));
#5261 = ( GEOMETRIC_REPRESENTATION_CONTEXT(2) 
PARAMETRIC_REPRESENTATION_CONTEXT() REPRESENTATION_CONTEXT('2D SPACE',''
  ) );
#5262 = PCURVE('',#2208,#5263);
#5263 = DEFINITIONAL_REPRESENTATION('',(#5264),#5268);
#5264 = LINE('',#5265,#5266);
#5265 = CARTESIAN_POINT('',(2.E-02,-0.5));
#5266 = VECTOR('',#5267,1.);
#5267 = DIRECTION('',(0.,1.));
#5268 = ( GEOMETRIC_REPRESENTATION_CONTEXT(2) 
PARAMETRIC_REPRESENTATION_CONTEXT() REPRESENTATION_CONTEXT('2D SPACE',''
  ) );
#5269 = ORIENTED_EDGE('',*,*,#2220,.F.);
#5270 = ORIENTED_EDGE('',*,*,#5141,.T.);
#5271 = ADVANCED_FACE('',(#5272),#2208,.F.);
#5272 = FACE_BOUND('',#5273,.F.);
#5273 = EDGE_LOOP('',(#5274,#5275,#5296,#5297));
#5274 = ORIENTED_EDGE('',*,*,#5167,.F.);
#5275 = ORIENTED_EDGE('',*,*,#5276,.T.);
#5276 = EDGE_CURVE('',#5168,#5222,#5277,.T.);
#5277 = SURFACE_CURVE('',#5278,(#5282,#5289),.PCURVE_S1.);
#5278 = LINE('',#5279,#5280);
#5279 = CARTESIAN_POINT('',(29.,44.8,6.3));
#5280 = VECTOR('',#5281,1.);
#5281 = DIRECTION('',(0.,0.,1.));
#5282 = PCURVE('',#2208,#5283);
#5283 = DEFINITIONAL_REPRESENTATION('',(#5284),#5288);
#5284 = LINE('',#5285,#5286);
#5285 = CARTESIAN_POINT('',(1.E-02,-0.5));
#5286 = VECTOR('',#5287,1.);
#5287 = DIRECTION('',(1.,0.));
#5288 = ( GEOMETRIC_REPRESENTATION_CONTEXT(2) 
PARAMETRIC_REPRESENTATION_CONTEXT() REPRESENTATION_CONTEXT('2D SPACE',''
  ) );
#5289 = PCURVE('',#4924,#5290);
#5290 = DEFINITIONAL_REPRESENTATION('',(#5291),#5295);
#5291 = LINE('',#5292,#5293);
#5292 = CARTESIAN_POINT('',(4.,1.387857459975E-16));
#5293 = VECTOR('',#5294,1.);
#5294 = DIRECTION('',(0.,1.));
#5295 = ( GEOMETRIC_REPRESENTATION_CONTEXT(2) 
PARAMETRIC_REPRESENTATION_CONTEXT() REPRESENTATION_CONTEXT('2D SPACE',''
  ) );
#5296 = ORIENTED_EDGE('',*,*,#5249,.T.);
#5297 = ORIENTED_EDGE('',*,*,#2192,.F.);
#5298 = ADVANCED_FACE('',(#5299),#2324,.F.);
#5299 = FACE_BOUND('',#5300,.F.);
#5300 = EDGE_LOOP('',(#5301));
#5301 = ORIENTED_EDGE('',*,*,#2307,.T.);
#5302 = ADVANCED_FACE('',(#5303),#2379,.F.);
#5303 = FACE_BOUND('',#5304,.F.);
#5304 = EDGE_LOOP('',(#5305));
#5305 = ORIENTED_EDGE('',*,*,#2362,.T.);
#5306 = ADVANCED_FACE('',(#5307,#5321,#5352,#5383,#5414,#5445,#5476,
    #5507,#5538,#5569,#5600),#2457,.F.);
#5307 = FACE_BOUND('',#5308,.F.);
#5308 = EDGE_LOOP('',(#5309,#5310,#5311,#5312,#5313,#5314,#5315,#5316,
    #5317,#5318,#5319,#5320));
#5309 = ORIENTED_EDGE('',*,*,#3670,.F.);
#5310 = ORIENTED_EDGE('',*,*,#2440,.T.);
#5311 = ORIENTED_EDGE('',*,*,#2495,.T.);
#5312 = ORIENTED_EDGE('',*,*,#2766,.T.);
#5313 = ORIENTED_EDGE('',*,*,#2817,.T.);
#5314 = ORIENTED_EDGE('',*,*,#2862,.F.);
#5315 = ORIENTED_EDGE('',*,*,#2912,.T.);
#5316 = ORIENTED_EDGE('',*,*,#3233,.T.);
#5317 = ORIENTED_EDGE('',*,*,#3306,.F.);
#5318 = ORIENTED_EDGE('',*,*,#3524,.T.);
#5319 = ORIENTED_EDGE('',*,*,#3595,.F.);
#5320 = ORIENTED_EDGE('',*,*,#3620,.F.);
#5321 = FACE_BOUND('',#5322,.F.);
#5322 = EDGE_LOOP('',(#5323));
#5323 = ORIENTED_EDGE('',*,*,#5324,.F.);
#5324 = EDGE_CURVE('',#5325,#5325,#5327,.T.);
#5325 = VERTEX_POINT('',#5326);
#5326 = CARTESIAN_POINT('',(-23.4,-46.6,8.2));
#5327 = SURFACE_CURVE('',#5328,(#5333,#5340),.PCURVE_S1.);
#5328 = CIRCLE('',#5329,1.6);
#5329 = AXIS2_PLACEMENT_3D('',#5330,#5331,#5332);
#5330 = CARTESIAN_POINT('',(-25.,-46.6,8.2));
#5331 = DIRECTION('',(0.,0.,1.));
#5332 = DIRECTION('',(1.,0.,-0.));
#5333 = PCURVE('',#2457,#5334);
#5334 = DEFINITIONAL_REPRESENTATION('',(#5335),#5339);
#5335 = CIRCLE('',#5336,1.6);
#5336 = AXIS2_PLACEMENT_2D('',#5337,#5338);
#5337 = CARTESIAN_POINT('',(-25.,-46.6));
#5338 = DIRECTION('',(1.,0.));
#5339 = ( GEOMETRIC_REPRESENTATION_CONTEXT(2) 
PARAMETRIC_REPRESENTATION_CONTEXT() REPRESENTATION_CONTEXT('2D SPACE',''
  ) );
#5340 = PCURVE('',#5341,#5346);
#5341 = CYLINDRICAL_SURFACE('',#5342,1.6);
#5342 = AXIS2_PLACEMENT_3D('',#5343,#5344,#5345);
#5343 = CARTESIAN_POINT('',(-25.,-46.6,1.2));
#5344 = DIRECTION('',(0.,0.,1.));
#5345 = DIRECTION('',(1.,0.,-0.));
#5346 = DEFINITIONAL_REPRESENTATION('',(#5347),#5351);
#5347 = LINE('',#5348,#5349);
#5348 = CARTESIAN_POINT('',(0.,7.));
#5349 = VECTOR('',#5350,1.);
#5350 = DIRECTION('',(1.,0.));
#5351 = ( GEOMETRIC_REPRESENTATION_CONTEXT(2) 
PARAMETRIC_REPRESENTATION_CONTEXT() REPRESENTATION_CONTEXT('2D SPACE',''
  ) );
#5352 = FACE_BOUND('',#5353,.F.);
#5353 = EDGE_LOOP('',(#5354));
#5354 = ORIENTED_EDGE('',*,*,#5355,.F.);
#5355 = EDGE_CURVE('',#5356,#5356,#5358,.T.);
#5356 = VERTEX_POINT('',#5357);
#5357 = CARTESIAN_POINT('',(-5.7,-39.273,8.2));
#5358 = SURFACE_CURVE('',#5359,(#5364,#5371),.PCURVE_S1.);
#5359 = CIRCLE('',#5360,1.7);
#5360 = AXIS2_PLACEMENT_3D('',#5361,#5362,#5363);
#5361 = CARTESIAN_POINT('',(-7.4,-39.273,8.2));
#5362 = DIRECTION('',(0.,0.,1.));
#5363 = DIRECTION('',(1.,0.,-0.));
#5364 = PCURVE('',#2457,#5365);
#5365 = DEFINITIONAL_REPRESENTATION('',(#5366),#5370);
#5366 = CIRCLE('',#5367,1.7);
#5367 = AXIS2_PLACEMENT_2D('',#5368,#5369);
#5368 = CARTESIAN_POINT('',(-7.4,-39.273));
#5369 = DIRECTION('',(1.,0.));
#5370 = ( GEOMETRIC_REPRESENTATION_CONTEXT(2) 
PARAMETRIC_REPRESENTATION_CONTEXT() REPRESENTATION_CONTEXT('2D SPACE',''
  ) );
#5371 = PCURVE('',#5372,#5377);
#5372 = CYLINDRICAL_SURFACE('',#5373,1.7);
#5373 = AXIS2_PLACEMENT_3D('',#5374,#5375,#5376);
#5374 = CARTESIAN_POINT('',(-7.4,-39.273,4.5));
#5375 = DIRECTION('',(0.,0.,1.));
#5376 = DIRECTION('',(1.,0.,-0.));
#5377 = DEFINITIONAL_REPRESENTATION('',(#5378),#5382);
#5378 = LINE('',#5379,#5380);
#5379 = CARTESIAN_POINT('',(0.,3.7));
#5380 = VECTOR('',#5381,1.);
#5381 = DIRECTION('',(1.,0.));
#5382 = ( GEOMETRIC_REPRESENTATION_CONTEXT(2) 
PARAMETRIC_REPRESENTATION_CONTEXT() REPRESENTATION_CONTEXT('2D SPACE',''
  ) );
#5383 = FACE_BOUND('',#5384,.F.);
#5384 = EDGE_LOOP('',(#5385));
#5385 = ORIENTED_EDGE('',*,*,#5386,.F.);
#5386 = EDGE_CURVE('',#5387,#5387,#5389,.T.);
#5387 = VERTEX_POINT('',#5388);
#5388 = CARTESIAN_POINT('',(13.9,-39.273,8.2));
#5389 = SURFACE_CURVE('',#5390,(#5395,#5402),.PCURVE_S1.);
#5390 = CIRCLE('',#5391,1.7);
#5391 = AXIS2_PLACEMENT_3D('',#5392,#5393,#5394);
#5392 = CARTESIAN_POINT('',(12.2,-39.273,8.2));
#5393 = DIRECTION('',(0.,0.,1.));
#5394 = DIRECTION('',(1.,0.,-0.));
#5395 = PCURVE('',#2457,#5396);
#5396 = DEFINITIONAL_REPRESENTATION('',(#5397),#5401);
#5397 = CIRCLE('',#5398,1.7);
#5398 = AXIS2_PLACEMENT_2D('',#5399,#5400);
#5399 = CARTESIAN_POINT('',(12.2,-39.273));
#5400 = DIRECTION('',(1.,0.));
#5401 = ( GEOMETRIC_REPRESENTATION_CONTEXT(2) 
PARAMETRIC_REPRESENTATION_CONTEXT() REPRESENTATION_CONTEXT('2D SPACE',''
  ) );
#5402 = PCURVE('',#5403,#5408);
#5403 = CYLINDRICAL_SURFACE('',#5404,1.7);
#5404 = AXIS2_PLACEMENT_3D('',#5405,#5406,#5407);
#5405 = CARTESIAN_POINT('',(12.2,-39.273,4.5));
#5406 = DIRECTION('',(0.,0.,1.));
#5407 = DIRECTION('',(1.,0.,-0.));
#5408 = DEFINITIONAL_REPRESENTATION('',(#5409),#5413);
#5409 = LINE('',#5410,#5411);
#5410 = CARTESIAN_POINT('',(0.,3.7));
#5411 = VECTOR('',#5412,1.);
#5412 = DIRECTION('',(1.,0.));
#5413 = ( GEOMETRIC_REPRESENTATION_CONTEXT(2) 
PARAMETRIC_REPRESENTATION_CONTEXT() REPRESENTATION_CONTEXT('2D SPACE',''
  ) );
#5414 = FACE_BOUND('',#5415,.F.);
#5415 = EDGE_LOOP('',(#5416));
#5416 = ORIENTED_EDGE('',*,*,#5417,.F.);
#5417 = EDGE_CURVE('',#5418,#5418,#5420,.T.);
#5418 = VERTEX_POINT('',#5419);
#5419 = CARTESIAN_POINT('',(26.6,-46.6,8.2));
#5420 = SURFACE_CURVE('',#5421,(#5426,#5433),.PCURVE_S1.);
#5421 = CIRCLE('',#5422,1.6);
#5422 = AXIS2_PLACEMENT_3D('',#5423,#5424,#5425);
#5423 = CARTESIAN_POINT('',(25.,-46.6,8.2));
#5424 = DIRECTION('',(0.,0.,1.));
#5425 = DIRECTION('',(1.,0.,-0.));
#5426 = PCURVE('',#2457,#5427);
#5427 = DEFINITIONAL_REPRESENTATION('',(#5428),#5432);
#5428 = CIRCLE('',#5429,1.6);
#5429 = AXIS2_PLACEMENT_2D('',#5430,#5431);
#5430 = CARTESIAN_POINT('',(25.,-46.6));
#5431 = DIRECTION('',(1.,0.));
#5432 = ( GEOMETRIC_REPRESENTATION_CONTEXT(2) 
PARAMETRIC_REPRESENTATION_CONTEXT() REPRESENTATION_CONTEXT('2D SPACE',''
  ) );
#5433 = PCURVE('',#5434,#5439);
#5434 = CYLINDRICAL_SURFACE('',#5435,1.6);
#5435 = AXIS2_PLACEMENT_3D('',#5436,#5437,#5438);
#5436 = CARTESIAN_POINT('',(25.,-46.6,1.2));
#5437 = DIRECTION('',(0.,0.,1.));
#5438 = DIRECTION('',(1.,0.,-0.));
#5439 = DEFINITIONAL_REPRESENTATION('',(#5440),#5444);
#5440 = LINE('',#5441,#5442);
#5441 = CARTESIAN_POINT('',(0.,7.));
#5442 = VECTOR('',#5443,1.);
#5443 = DIRECTION('',(1.,0.));
#5444 = ( GEOMETRIC_REPRESENTATION_CONTEXT(2) 
PARAMETRIC_REPRESENTATION_CONTEXT() REPRESENTATION_CONTEXT('2D SPACE',''
  ) );
#5445 = FACE_BOUND('',#5446,.F.);
#5446 = EDGE_LOOP('',(#5447));
#5447 = ORIENTED_EDGE('',*,*,#5448,.F.);
#5448 = EDGE_CURVE('',#5449,#5449,#5451,.T.);
#5449 = VERTEX_POINT('',#5450);
#5450 = CARTESIAN_POINT('',(-18.5,25.2,8.2));
#5451 = SURFACE_CURVE('',#5452,(#5457,#5464),.PCURVE_S1.);
#5452 = CIRCLE('',#5453,1.7);
#5453 = AXIS2_PLACEMENT_3D('',#5454,#5455,#5456);
#5454 = CARTESIAN_POINT('',(-20.2,25.2,8.2));
#5455 = DIRECTION('',(0.,0.,1.));
#5456 = DIRECTION('',(1.,0.,-0.));
#5457 = PCURVE('',#2457,#5458);
#5458 = DEFINITIONAL_REPRESENTATION('',(#5459),#5463);
#5459 = CIRCLE('',#5460,1.7);
#5460 = AXIS2_PLACEMENT_2D('',#5461,#5462);
#5461 = CARTESIAN_POINT('',(-20.2,25.2));
#5462 = DIRECTION('',(1.,0.));
#5463 = ( GEOMETRIC_REPRESENTATION_CONTEXT(2) 
PARAMETRIC_REPRESENTATION_CONTEXT() REPRESENTATION_CONTEXT('2D SPACE',''
  ) );
#5464 = PCURVE('',#5465,#5470);
#5465 = CYLINDRICAL_SURFACE('',#5466,1.7);
#5466 = AXIS2_PLACEMENT_3D('',#5467,#5468,#5469);
#5467 = CARTESIAN_POINT('',(-20.2,25.2,5.6));
#5468 = DIRECTION('',(0.,0.,1.));
#5469 = DIRECTION('',(1.,0.,-0.));
#5470 = DEFINITIONAL_REPRESENTATION('',(#5471),#5475);
#5471 = LINE('',#5472,#5473);
#5472 = CARTESIAN_POINT('',(0.,2.6));
#5473 = VECTOR('',#5474,1.);
#5474 = DIRECTION('',(1.,0.));
#5475 = ( GEOMETRIC_REPRESENTATION_CONTEXT(2) 
PARAMETRIC_REPRESENTATION_CONTEXT() REPRESENTATION_CONTEXT('2D SPACE',''
  ) );
#5476 = FACE_BOUND('',#5477,.F.);
#5477 = EDGE_LOOP('',(#5478));
#5478 = ORIENTED_EDGE('',*,*,#5479,.F.);
#5479 = EDGE_CURVE('',#5480,#5480,#5482,.T.);
#5480 = VERTEX_POINT('',#5481);
#5481 = CARTESIAN_POINT('',(-2.688,46.68,8.2));
#5482 = SURFACE_CURVE('',#5483,(#5488,#5495),.PCURVE_S1.);
#5483 = CIRCLE('',#5484,1.2);
#5484 = AXIS2_PLACEMENT_3D('',#5485,#5486,#5487);
#5485 = CARTESIAN_POINT('',(-3.888,46.68,8.2));
#5486 = DIRECTION('',(0.,0.,1.));
#5487 = DIRECTION('',(1.,0.,-0.));
#5488 = PCURVE('',#2457,#5489);
#5489 = DEFINITIONAL_REPRESENTATION('',(#5490),#5494);
#5490 = CIRCLE('',#5491,1.2);
#5491 = AXIS2_PLACEMENT_2D('',#5492,#5493);
#5492 = CARTESIAN_POINT('',(-3.888,46.68));
#5493 = DIRECTION('',(1.,0.));
#5494 = ( GEOMETRIC_REPRESENTATION_CONTEXT(2) 
PARAMETRIC_REPRESENTATION_CONTEXT() REPRESENTATION_CONTEXT('2D SPACE',''
  ) );
#5495 = PCURVE('',#5496,#5501);
#5496 = CYLINDRICAL_SURFACE('',#5497,1.2);
#5497 = AXIS2_PLACEMENT_3D('',#5498,#5499,#5500);
#5498 = CARTESIAN_POINT('',(-3.888,46.68,6.));
#5499 = DIRECTION('',(0.,0.,1.));
#5500 = DIRECTION('',(1.,0.,-0.));
#5501 = DEFINITIONAL_REPRESENTATION('',(#5502),#5506);
#5502 = LINE('',#5503,#5504);
#5503 = CARTESIAN_POINT('',(0.,2.2));
#5504 = VECTOR('',#5505,1.);
#5505 = DIRECTION('',(1.,0.));
#5506 = ( GEOMETRIC_REPRESENTATION_CONTEXT(2) 
PARAMETRIC_REPRESENTATION_CONTEXT() REPRESENTATION_CONTEXT('2D SPACE',''
  ) );
#5507 = FACE_BOUND('',#5508,.F.);
#5508 = EDGE_LOOP('',(#5509));
#5509 = ORIENTED_EDGE('',*,*,#5510,.F.);
#5510 = EDGE_CURVE('',#5511,#5511,#5513,.T.);
#5511 = VERTEX_POINT('',#5512);
#5512 = CARTESIAN_POINT('',(10.1,46.4,8.2));
#5513 = SURFACE_CURVE('',#5514,(#5519,#5526),.PCURVE_S1.);
#5514 = CIRCLE('',#5515,1.7);
#5515 = AXIS2_PLACEMENT_3D('',#5516,#5517,#5518);
#5516 = CARTESIAN_POINT('',(8.4,46.4,8.2));
#5517 = DIRECTION('',(0.,0.,1.));
#5518 = DIRECTION('',(1.,0.,-0.));
#5519 = PCURVE('',#2457,#5520);
#5520 = DEFINITIONAL_REPRESENTATION('',(#5521),#5525);
#5521 = CIRCLE('',#5522,1.7);
#5522 = AXIS2_PLACEMENT_2D('',#5523,#5524);
#5523 = CARTESIAN_POINT('',(8.4,46.4));
#5524 = DIRECTION('',(1.,0.));
#5525 = ( GEOMETRIC_REPRESENTATION_CONTEXT(2) 
PARAMETRIC_REPRESENTATION_CONTEXT() REPRESENTATION_CONTEXT('2D SPACE',''
  ) );
#5526 = PCURVE('',#5527,#5532);
#5527 = CYLINDRICAL_SURFACE('',#5528,1.7);
#5528 = AXIS2_PLACEMENT_3D('',#5529,#5530,#5531);
#5529 = CARTESIAN_POINT('',(8.4,46.4,5.6));
#5530 = DIRECTION('',(0.,0.,1.));
#5531 = DIRECTION('',(1.,0.,-0.));
#5532 = DEFINITIONAL_REPRESENTATION('',(#5533),#5537);
#5533 = LINE('',#5534,#5535);
#5534 = CARTESIAN_POINT('',(0.,2.6));
#5535 = VECTOR('',#5536,1.);
#5536 = DIRECTION('',(1.,0.));
#5537 = ( GEOMETRIC_REPRESENTATION_CONTEXT(2) 
PARAMETRIC_REPRESENTATION_CONTEXT() REPRESENTATION_CONTEXT('2D SPACE',''
  ) );
#5538 = FACE_BOUND('',#5539,.F.);
#5539 = EDGE_LOOP('',(#5540));
#5540 = ORIENTED_EDGE('',*,*,#5541,.F.);
#5541 = EDGE_CURVE('',#5542,#5542,#5544,.T.);
#5542 = VERTEX_POINT('',#5543);
#5543 = CARTESIAN_POINT('',(26.7,25.2,8.2));
#5544 = SURFACE_CURVE('',#5545,(#5550,#5557),.PCURVE_S1.);
#5545 = CIRCLE('',#5546,1.7);
#5546 = AXIS2_PLACEMENT_3D('',#5547,#5548,#5549);
#5547 = CARTESIAN_POINT('',(25.,25.2,8.2));
#5548 = DIRECTION('',(0.,0.,1.));
#5549 = DIRECTION('',(1.,0.,-0.));
#5550 = PCURVE('',#2457,#5551);
#5551 = DEFINITIONAL_REPRESENTATION('',(#5552),#5556);
#5552 = CIRCLE('',#5553,1.7);
#5553 = AXIS2_PLACEMENT_2D('',#5554,#5555);
#5554 = CARTESIAN_POINT('',(25.,25.2));
#5555 = DIRECTION('',(1.,0.));
#5556 = ( GEOMETRIC_REPRESENTATION_CONTEXT(2) 
PARAMETRIC_REPRESENTATION_CONTEXT() REPRESENTATION_CONTEXT('2D SPACE',''
  ) );
#5557 = PCURVE('',#5558,#5563);
#5558 = CYLINDRICAL_SURFACE('',#5559,1.7);
#5559 = AXIS2_PLACEMENT_3D('',#5560,#5561,#5562);
#5560 = CARTESIAN_POINT('',(25.,25.2,5.6));
#5561 = DIRECTION('',(0.,0.,1.));
#5562 = DIRECTION('',(1.,0.,-0.));
#5563 = DEFINITIONAL_REPRESENTATION('',(#5564),#5568);
#5564 = LINE('',#5565,#5566);
#5565 = CARTESIAN_POINT('',(0.,2.6));
#5566 = VECTOR('',#5567,1.);
#5567 = DIRECTION('',(1.,0.));
#5568 = ( GEOMETRIC_REPRESENTATION_CONTEXT(2) 
PARAMETRIC_REPRESENTATION_CONTEXT() REPRESENTATION_CONTEXT('2D SPACE',''
  ) );
#5569 = FACE_BOUND('',#5570,.F.);
#5570 = EDGE_LOOP('',(#5571));
#5571 = ORIENTED_EDGE('',*,*,#5572,.F.);
#5572 = EDGE_CURVE('',#5573,#5573,#5575,.T.);
#5573 = VERTEX_POINT('',#5574);
#5574 = CARTESIAN_POINT('',(15.313,46.68,8.2));
#5575 = SURFACE_CURVE('',#5576,(#5581,#5588),.PCURVE_S1.);
#5576 = CIRCLE('',#5577,1.2);
#5577 = AXIS2_PLACEMENT_3D('',#5578,#5579,#5580);
#5578 = CARTESIAN_POINT('',(14.113,46.68,8.2));
#5579 = DIRECTION('',(0.,0.,1.));
#5580 = DIRECTION('',(1.,0.,-0.));
#5581 = PCURVE('',#2457,#5582);
#5582 = DEFINITIONAL_REPRESENTATION('',(#5583),#5587);
#5583 = CIRCLE('',#5584,1.2);
#5584 = AXIS2_PLACEMENT_2D('',#5585,#5586);
#5585 = CARTESIAN_POINT('',(14.113,46.68));
#5586 = DIRECTION('',(1.,0.));
#5587 = ( GEOMETRIC_REPRESENTATION_CONTEXT(2) 
PARAMETRIC_REPRESENTATION_CONTEXT() REPRESENTATION_CONTEXT('2D SPACE',''
  ) );
#5588 = PCURVE('',#5589,#5594);
#5589 = CYLINDRICAL_SURFACE('',#5590,1.2);
#5590 = AXIS2_PLACEMENT_3D('',#5591,#5592,#5593);
#5591 = CARTESIAN_POINT('',(14.113,46.68,6.));
#5592 = DIRECTION('',(0.,0.,1.));
#5593 = DIRECTION('',(1.,0.,-0.));
#5594 = DEFINITIONAL_REPRESENTATION('',(#5595),#5599);
#5595 = LINE('',#5596,#5597);
#5596 = CARTESIAN_POINT('',(0.,2.2));
#5597 = VECTOR('',#5598,1.);
#5598 = DIRECTION('',(1.,0.));
#5599 = ( GEOMETRIC_REPRESENTATION_CONTEXT(2) 
PARAMETRIC_REPRESENTATION_CONTEXT() REPRESENTATION_CONTEXT('2D SPACE',''
  ) );
#5600 = FACE_BOUND('',#5601,.F.);
#5601 = EDGE_LOOP('',(#5602,#5630,#5656,#5682));
#5602 = ORIENTED_EDGE('',*,*,#5603,.T.);
#5603 = EDGE_CURVE('',#5604,#5606,#5608,.T.);
#5604 = VERTEX_POINT('',#5605);
#5605 = CARTESIAN_POINT('',(26.2,45.7,8.2));
#5606 = VERTEX_POINT('',#5607);
#5607 = CARTESIAN_POINT('',(17.9,45.7,8.2));
#5608 = SURFACE_CURVE('',#5609,(#5613,#5619),.PCURVE_S1.);
#5609 = LINE('',#5610,#5611);
#5610 = CARTESIAN_POINT('',(8.95,45.7,8.2));
#5611 = VECTOR('',#5612,1.);
#5612 = DIRECTION('',(-1.,-0.,0.));
#5613 = PCURVE('',#2457,#5614);
#5614 = DEFINITIONAL_REPRESENTATION('',(#5615),#5618);
#5615 = B_SPLINE_CURVE_WITH_KNOTS('',1,(#5616,#5617),.UNSPECIFIED.,.F.,
  .F.,(2,2),(-17.25,-8.95),.PIECEWISE_BEZIER_KNOTS.);
#5616 = CARTESIAN_POINT('',(26.2,45.7));
#5617 = CARTESIAN_POINT('',(17.9,45.7));
#5618 = ( GEOMETRIC_REPRESENTATION_CONTEXT(2) 
PARAMETRIC_REPRESENTATION_CONTEXT() REPRESENTATION_CONTEXT('2D SPACE',''
  ) );
#5619 = PCURVE('',#5620,#5625);
#5620 = PLANE('',#5621);
#5621 = AXIS2_PLACEMENT_3D('',#5622,#5623,#5624);
#5622 = CARTESIAN_POINT('',(17.9,45.7,6.55));
#5623 = DIRECTION('',(-0.,1.,0.));
#5624 = DIRECTION('',(0.,0.,1.));
#5625 = DEFINITIONAL_REPRESENTATION('',(#5626),#5629);
#5626 = B_SPLINE_CURVE_WITH_KNOTS('',1,(#5627,#5628),.UNSPECIFIED.,.F.,
  .F.,(2,2),(-17.25,-8.95),.PIECEWISE_BEZIER_KNOTS.);
#5627 = CARTESIAN_POINT('',(1.65,8.3));
#5628 = CARTESIAN_POINT('',(1.65,0.));
#5629 = ( GEOMETRIC_REPRESENTATION_CONTEXT(2) 
PARAMETRIC_REPRESENTATION_CONTEXT() REPRESENTATION_CONTEXT('2D SPACE',''
  ) );
#5630 = ORIENTED_EDGE('',*,*,#5631,.T.);
#5631 = EDGE_CURVE('',#5606,#5632,#5634,.T.);
#5632 = VERTEX_POINT('',#5633);
#5633 = CARTESIAN_POINT('',(17.9,48.6,8.2));
#5634 = SURFACE_CURVE('',#5635,(#5639,#5645),.PCURVE_S1.);
#5635 = LINE('',#5636,#5637);
#5636 = CARTESIAN_POINT('',(17.9,22.85,8.2));
#5637 = VECTOR('',#5638,1.);
#5638 = DIRECTION('',(-0.,1.,0.));
#5639 = PCURVE('',#2457,#5640);
#5640 = DEFINITIONAL_REPRESENTATION('',(#5641),#5644);
#5641 = B_SPLINE_CURVE_WITH_KNOTS('',1,(#5642,#5643),.UNSPECIFIED.,.F.,
  .F.,(2,2),(22.85,25.75),.PIECEWISE_BEZIER_KNOTS.);
#5642 = CARTESIAN_POINT('',(17.9,45.7));
#5643 = CARTESIAN_POINT('',(17.9,48.6));
#5644 = ( GEOMETRIC_REPRESENTATION_CONTEXT(2) 
PARAMETRIC_REPRESENTATION_CONTEXT() REPRESENTATION_CONTEXT('2D SPACE',''
  ) );
#5645 = PCURVE('',#5646,#5651);
#5646 = PLANE('',#5647);
#5647 = AXIS2_PLACEMENT_3D('',#5648,#5649,#5650);
#5648 = CARTESIAN_POINT('',(17.9,45.7,6.55));
#5649 = DIRECTION('',(1.,0.,-0.));
#5650 = DIRECTION('',(0.,0.,1.));
#5651 = DEFINITIONAL_REPRESENTATION('',(#5652),#5655);
#5652 = B_SPLINE_CURVE_WITH_KNOTS('',1,(#5653,#5654),.UNSPECIFIED.,.F.,
  .F.,(2,2),(22.85,25.75),.PIECEWISE_BEZIER_KNOTS.);
#5653 = CARTESIAN_POINT('',(1.65,0.));
#5654 = CARTESIAN_POINT('',(1.65,-2.9));
#5655 = ( GEOMETRIC_REPRESENTATION_CONTEXT(2) 
PARAMETRIC_REPRESENTATION_CONTEXT() REPRESENTATION_CONTEXT('2D SPACE',''
  ) );
#5656 = ORIENTED_EDGE('',*,*,#5657,.F.);
#5657 = EDGE_CURVE('',#5658,#5632,#5660,.T.);
#5658 = VERTEX_POINT('',#5659);
#5659 = CARTESIAN_POINT('',(26.2,48.6,8.2));
#5660 = SURFACE_CURVE('',#5661,(#5665,#5671),.PCURVE_S1.);
#5661 = LINE('',#5662,#5663);
#5662 = CARTESIAN_POINT('',(8.95,48.6,8.2));
#5663 = VECTOR('',#5664,1.);
#5664 = DIRECTION('',(-1.,-0.,0.));
#5665 = PCURVE('',#2457,#5666);
#5666 = DEFINITIONAL_REPRESENTATION('',(#5667),#5670);
#5667 = B_SPLINE_CURVE_WITH_KNOTS('',1,(#5668,#5669),.UNSPECIFIED.,.F.,
  .F.,(2,2),(-17.25,-8.95),.PIECEWISE_BEZIER_KNOTS.);
#5668 = CARTESIAN_POINT('',(26.2,48.6));
#5669 = CARTESIAN_POINT('',(17.9,48.6));
#5670 = ( GEOMETRIC_REPRESENTATION_CONTEXT(2) 
PARAMETRIC_REPRESENTATION_CONTEXT() REPRESENTATION_CONTEXT('2D SPACE',''
  ) );
#5671 = PCURVE('',#5672,#5677);
#5672 = PLANE('',#5673);
#5673 = AXIS2_PLACEMENT_3D('',#5674,#5675,#5676);
#5674 = CARTESIAN_POINT('',(17.9,48.6,6.55));
#5675 = DIRECTION('',(-0.,1.,0.));
#5676 = DIRECTION('',(0.,0.,1.));
#5677 = DEFINITIONAL_REPRESENTATION('',(#5678),#5681);
#5678 = B_SPLINE_CURVE_WITH_KNOTS('',1,(#5679,#5680),.UNSPECIFIED.,.F.,
  .F.,(2,2),(-17.25,-8.95),.PIECEWISE_BEZIER_KNOTS.);
#5679 = CARTESIAN_POINT('',(1.65,8.3));
#5680 = CARTESIAN_POINT('',(1.65,0.));
#5681 = ( GEOMETRIC_REPRESENTATION_CONTEXT(2) 
PARAMETRIC_REPRESENTATION_CONTEXT() REPRESENTATION_CONTEXT('2D SPACE',''
  ) );
#5682 = ORIENTED_EDGE('',*,*,#5683,.F.);
#5683 = EDGE_CURVE('',#5604,#5658,#5684,.T.);
#5684 = SURFACE_CURVE('',#5685,(#5689,#5695),.PCURVE_S1.);
#5685 = LINE('',#5686,#5687);
#5686 = CARTESIAN_POINT('',(26.2,22.85,8.2));
#5687 = VECTOR('',#5688,1.);
#5688 = DIRECTION('',(-0.,1.,0.));
#5689 = PCURVE('',#2457,#5690);
#5690 = DEFINITIONAL_REPRESENTATION('',(#5691),#5694);
#5691 = B_SPLINE_CURVE_WITH_KNOTS('',1,(#5692,#5693),.UNSPECIFIED.,.F.,
  .F.,(2,2),(22.85,25.75),.PIECEWISE_BEZIER_KNOTS.);
#5692 = CARTESIAN_POINT('',(26.2,45.7));
#5693 = CARTESIAN_POINT('',(26.2,48.6));
#5694 = ( GEOMETRIC_REPRESENTATION_CONTEXT(2) 
PARAMETRIC_REPRESENTATION_CONTEXT() REPRESENTATION_CONTEXT('2D SPACE',''
  ) );
#5695 = PCURVE('',#5696,#5701);
#5696 = PLANE('',#5697);
#5697 = AXIS2_PLACEMENT_3D('',#5698,#5699,#5700);
#5698 = CARTESIAN_POINT('',(26.2,45.7,6.55));
#5699 = DIRECTION('',(1.,0.,-0.));
#5700 = DIRECTION('',(0.,0.,1.));
#5701 = DEFINITIONAL_REPRESENTATION('',(#5702),#5705);
#5702 = B_SPLINE_CURVE_WITH_KNOTS('',1,(#5703,#5704),.UNSPECIFIED.,.F.,
  .F.,(2,2),(22.85,25.75),.PIECEWISE_BEZIER_KNOTS.);
#5703 = CARTESIAN_POINT('',(1.65,0.));
#5704 = CARTESIAN_POINT('',(1.65,-2.9));
#5705 = ( GEOMETRIC_REPRESENTATION_CONTEXT(2) 
PARAMETRIC_REPRESENTATION_CONTEXT() REPRESENTATION_CONTEXT('2D SPACE',''
  ) );
#5706 = ADVANCED_FACE('',(#5707),#2561,.F.);
#5707 = FACE_BOUND('',#5708,.F.);
#5708 = EDGE_LOOP('',(#5709,#5732,#5756,#5777));
#5709 = ORIENTED_EDGE('',*,*,#5710,.F.);
#5710 = EDGE_CURVE('',#5711,#2543,#5713,.T.);
#5711 = VERTEX_POINT('',#5712);
#5712 = CARTESIAN_POINT('',(-2.3,-50.4,6.14));
#5713 = SURFACE_CURVE('',#5714,(#5718,#5725),.PCURVE_S1.);
#5714 = LINE('',#5715,#5716);
#5715 = CARTESIAN_POINT('',(-2.3,-51.5,6.14));
#5716 = VECTOR('',#5717,1.);
#5717 = DIRECTION('',(0.,1.,0.));
#5718 = PCURVE('',#2561,#5719);
#5719 = DEFINITIONAL_REPRESENTATION('',(#5720),#5724);
#5720 = LINE('',#5721,#5722);
#5721 = CARTESIAN_POINT('',(3.14159265359,-1.3));
#5722 = VECTOR('',#5723,1.);
#5723 = DIRECTION('',(-0.,1.));
#5724 = ( GEOMETRIC_REPRESENTATION_CONTEXT(2) 
PARAMETRIC_REPRESENTATION_CONTEXT() REPRESENTATION_CONTEXT('2D SPACE',''
  ) );
#5725 = PCURVE('',#2588,#5726);
#5726 = DEFINITIONAL_REPRESENTATION('',(#5727),#5731);
#5727 = LINE('',#5728,#5729);
#5728 = CARTESIAN_POINT('',(0.,-1.3));
#5729 = VECTOR('',#5730,1.);
#5730 = DIRECTION('',(0.,1.));
#5731 = ( GEOMETRIC_REPRESENTATION_CONTEXT(2) 
PARAMETRIC_REPRESENTATION_CONTEXT() REPRESENTATION_CONTEXT('2D SPACE',''
  ) );
#5732 = ORIENTED_EDGE('',*,*,#5733,.T.);
#5733 = EDGE_CURVE('',#5711,#5734,#5736,.T.);
#5734 = VERTEX_POINT('',#5735);
#5735 = CARTESIAN_POINT('',(-0.36,-50.4,8.08));
#5736 = SURFACE_CURVE('',#5737,(#5742,#5749),.PCURVE_S1.);
#5737 = CIRCLE('',#5738,1.94);
#5738 = AXIS2_PLACEMENT_3D('',#5739,#5740,#5741);
#5739 = CARTESIAN_POINT('',(-0.36,-50.4,6.14));
#5740 = DIRECTION('',(-0.,1.,0.));
#5741 = DIRECTION('',(1.,0.,0.));
#5742 = PCURVE('',#2561,#5743);
#5743 = DEFINITIONAL_REPRESENTATION('',(#5744),#5748);
#5744 = LINE('',#5745,#5746);
#5745 = CARTESIAN_POINT('',(0.,-0.2));
#5746 = VECTOR('',#5747,1.);
#5747 = DIRECTION('',(1.,0.));
#5748 = ( GEOMETRIC_REPRESENTATION_CONTEXT(2) 
PARAMETRIC_REPRESENTATION_CONTEXT() REPRESENTATION_CONTEXT('2D SPACE',''
  ) );
#5749 = PCURVE('',#3921,#5750);
#5750 = DEFINITIONAL_REPRESENTATION('',(#5751),#5755);
#5751 = CIRCLE('',#5752,1.94);
#5752 = AXIS2_PLACEMENT_2D('',#5753,#5754);
#5753 = CARTESIAN_POINT('',(-2.76,-1.E-02));
#5754 = DIRECTION('',(1.,0.));
#5755 = ( GEOMETRIC_REPRESENTATION_CONTEXT(2) 
PARAMETRIC_REPRESENTATION_CONTEXT() REPRESENTATION_CONTEXT('2D SPACE',''
  ) );
#5756 = ORIENTED_EDGE('',*,*,#5757,.T.);
#5757 = EDGE_CURVE('',#5734,#2545,#5758,.T.);
#5758 = SURFACE_CURVE('',#5759,(#5763,#5770),.PCURVE_S1.);
#5759 = LINE('',#5760,#5761);
#5760 = CARTESIAN_POINT('',(-0.36,-51.5,8.08));
#5761 = VECTOR('',#5762,1.);
#5762 = DIRECTION('',(0.,1.,0.));
#5763 = PCURVE('',#2561,#5764);
#5764 = DEFINITIONAL_REPRESENTATION('',(#5765),#5769);
#5765 = LINE('',#5766,#5767);
#5766 = CARTESIAN_POINT('',(4.712388980385,-1.3));
#5767 = VECTOR('',#5768,1.);
#5768 = DIRECTION('',(-0.,1.));
#5769 = ( GEOMETRIC_REPRESENTATION_CONTEXT(2) 
PARAMETRIC_REPRESENTATION_CONTEXT() REPRESENTATION_CONTEXT('2D SPACE',''
  ) );
#5770 = PCURVE('',#2751,#5771);
#5771 = DEFINITIONAL_REPRESENTATION('',(#5772),#5776);
#5772 = LINE('',#5773,#5774);
#5773 = CARTESIAN_POINT('',(0.,-1.3));
#5774 = VECTOR('',#5775,1.);
#5775 = DIRECTION('',(0.,1.));
#5776 = ( GEOMETRIC_REPRESENTATION_CONTEXT(2) 
PARAMETRIC_REPRESENTATION_CONTEXT() REPRESENTATION_CONTEXT('2D SPACE',''
  ) );
#5777 = ORIENTED_EDGE('',*,*,#2542,.F.);
#5778 = ADVANCED_FACE('',(#5779),#2751,.F.);
#5779 = FACE_BOUND('',#5780,.F.);
#5780 = EDGE_LOOP('',(#5781,#5782,#5803,#5824));
#5781 = ORIENTED_EDGE('',*,*,#5757,.F.);
#5782 = ORIENTED_EDGE('',*,*,#5783,.F.);
#5783 = EDGE_CURVE('',#5784,#5734,#5786,.T.);
#5784 = VERTEX_POINT('',#5785);
#5785 = CARTESIAN_POINT('',(5.16,-50.4,8.08));
#5786 = SURFACE_CURVE('',#5787,(#5791,#5797),.PCURVE_S1.);
#5787 = LINE('',#5788,#5789);
#5788 = CARTESIAN_POINT('',(1.02,-50.4,8.08));
#5789 = VECTOR('',#5790,1.);
#5790 = DIRECTION('',(-1.,0.,0.));
#5791 = PCURVE('',#2751,#5792);
#5792 = DEFINITIONAL_REPRESENTATION('',(#5793),#5796);
#5793 = B_SPLINE_CURVE_WITH_KNOTS('',1,(#5794,#5795),.UNSPECIFIED.,.F.,
  .F.,(2,2),(-4.14,1.38),.PIECEWISE_BEZIER_KNOTS.);
#5794 = CARTESIAN_POINT('',(5.52,-0.2));
#5795 = CARTESIAN_POINT('',(0.,-0.2));
#5796 = ( GEOMETRIC_REPRESENTATION_CONTEXT(2) 
PARAMETRIC_REPRESENTATION_CONTEXT() REPRESENTATION_CONTEXT('2D SPACE',''
  ) );
#5797 = PCURVE('',#3921,#5798);
#5798 = DEFINITIONAL_REPRESENTATION('',(#5799),#5802);
#5799 = B_SPLINE_CURVE_WITH_KNOTS('',1,(#5800,#5801),.UNSPECIFIED.,.F.,
  .F.,(2,2),(-4.14,1.38),.PIECEWISE_BEZIER_KNOTS.);
#5800 = CARTESIAN_POINT('',(2.76,-1.95));
#5801 = CARTESIAN_POINT('',(-2.76,-1.95));
#5802 = ( GEOMETRIC_REPRESENTATION_CONTEXT(2) 
PARAMETRIC_REPRESENTATION_CONTEXT() REPRESENTATION_CONTEXT('2D SPACE',''
  ) );
#5803 = ORIENTED_EDGE('',*,*,#5804,.T.);
#5804 = EDGE_CURVE('',#5784,#2710,#5805,.T.);
#5805 = SURFACE_CURVE('',#5806,(#5810,#5817),.PCURVE_S1.);
#5806 = LINE('',#5807,#5808);
#5807 = CARTESIAN_POINT('',(5.16,-51.5,8.08));
#5808 = VECTOR('',#5809,1.);
#5809 = DIRECTION('',(0.,1.,0.));
#5810 = PCURVE('',#2751,#5811);
#5811 = DEFINITIONAL_REPRESENTATION('',(#5812),#5816);
#5812 = LINE('',#5813,#5814);
#5813 = CARTESIAN_POINT('',(5.52,-1.3));
#5814 = VECTOR('',#5815,1.);
#5815 = DIRECTION('',(0.,1.));
#5816 = ( GEOMETRIC_REPRESENTATION_CONTEXT(2) 
PARAMETRIC_REPRESENTATION_CONTEXT() REPRESENTATION_CONTEXT('2D SPACE',''
  ) );
#5817 = PCURVE('',#2726,#5818);
#5818 = DEFINITIONAL_REPRESENTATION('',(#5819),#5823);
#5819 = LINE('',#5820,#5821);
#5820 = CARTESIAN_POINT('',(4.712388980385,-1.3));
#5821 = VECTOR('',#5822,1.);
#5822 = DIRECTION('',(-0.,1.));
#5823 = ( GEOMETRIC_REPRESENTATION_CONTEXT(2) 
PARAMETRIC_REPRESENTATION_CONTEXT() REPRESENTATION_CONTEXT('2D SPACE',''
  ) );
#5824 = ORIENTED_EDGE('',*,*,#2738,.F.);
#5825 = ADVANCED_FACE('',(#5826),#2726,.F.);
#5826 = FACE_BOUND('',#5827,.F.);
#5827 = EDGE_LOOP('',(#5828,#5829,#5853,#5874));
#5828 = ORIENTED_EDGE('',*,*,#5804,.F.);
#5829 = ORIENTED_EDGE('',*,*,#5830,.T.);
#5830 = EDGE_CURVE('',#5784,#5831,#5833,.T.);
#5831 = VERTEX_POINT('',#5832);
#5832 = CARTESIAN_POINT('',(7.1,-50.4,6.14));
#5833 = SURFACE_CURVE('',#5834,(#5839,#5846),.PCURVE_S1.);
#5834 = CIRCLE('',#5835,1.94);
#5835 = AXIS2_PLACEMENT_3D('',#5836,#5837,#5838);
#5836 = CARTESIAN_POINT('',(5.16,-50.4,6.14));
#5837 = DIRECTION('',(-0.,1.,0.));
#5838 = DIRECTION('',(1.,0.,0.));
#5839 = PCURVE('',#2726,#5840);
#5840 = DEFINITIONAL_REPRESENTATION('',(#5841),#5845);
#5841 = LINE('',#5842,#5843);
#5842 = CARTESIAN_POINT('',(0.,-0.2));
#5843 = VECTOR('',#5844,1.);
#5844 = DIRECTION('',(1.,0.));
#5845 = ( GEOMETRIC_REPRESENTATION_CONTEXT(2) 
PARAMETRIC_REPRESENTATION_CONTEXT() REPRESENTATION_CONTEXT('2D SPACE',''
  ) );
#5846 = PCURVE('',#3921,#5847);
#5847 = DEFINITIONAL_REPRESENTATION('',(#5848),#5852);
#5848 = CIRCLE('',#5849,1.94);
#5849 = AXIS2_PLACEMENT_2D('',#5850,#5851);
#5850 = CARTESIAN_POINT('',(2.76,-1.E-02));
#5851 = DIRECTION('',(1.,0.));
#5852 = ( GEOMETRIC_REPRESENTATION_CONTEXT(2) 
PARAMETRIC_REPRESENTATION_CONTEXT() REPRESENTATION_CONTEXT('2D SPACE',''
  ) );
#5853 = ORIENTED_EDGE('',*,*,#5854,.T.);
#5854 = EDGE_CURVE('',#5831,#2684,#5855,.T.);
#5855 = SURFACE_CURVE('',#5856,(#5860,#5867),.PCURVE_S1.);
#5856 = LINE('',#5857,#5858);
#5857 = CARTESIAN_POINT('',(7.1,-51.5,6.14));
#5858 = VECTOR('',#5859,1.);
#5859 = DIRECTION('',(0.,1.,0.));
#5860 = PCURVE('',#2726,#5861);
#5861 = DEFINITIONAL_REPRESENTATION('',(#5862),#5866);
#5862 = LINE('',#5863,#5864);
#5863 = CARTESIAN_POINT('',(6.28318530718,-1.3));
#5864 = VECTOR('',#5865,1.);
#5865 = DIRECTION('',(-0.,1.));
#5866 = ( GEOMETRIC_REPRESENTATION_CONTEXT(2) 
PARAMETRIC_REPRESENTATION_CONTEXT() REPRESENTATION_CONTEXT('2D SPACE',''
  ) );
#5867 = PCURVE('',#2698,#5868);
#5868 = DEFINITIONAL_REPRESENTATION('',(#5869),#5873);
#5869 = LINE('',#5870,#5871);
#5870 = CARTESIAN_POINT('',(0.,-1.3));
#5871 = VECTOR('',#5872,1.);
#5872 = DIRECTION('',(0.,1.));
#5873 = ( GEOMETRIC_REPRESENTATION_CONTEXT(2) 
PARAMETRIC_REPRESENTATION_CONTEXT() REPRESENTATION_CONTEXT('2D SPACE',''
  ) );
#5874 = ORIENTED_EDGE('',*,*,#2709,.F.);
#5875 = ADVANCED_FACE('',(#5876),#2698,.F.);
#5876 = FACE_BOUND('',#5877,.F.);
#5877 = EDGE_LOOP('',(#5878,#5879,#5900,#5921));
#5878 = ORIENTED_EDGE('',*,*,#5854,.F.);
#5879 = ORIENTED_EDGE('',*,*,#5880,.F.);
#5880 = EDGE_CURVE('',#5881,#5831,#5883,.T.);
#5881 = VERTEX_POINT('',#5882);
#5882 = CARTESIAN_POINT('',(7.1,-50.4,6.12));
#5883 = SURFACE_CURVE('',#5884,(#5888,#5894),.PCURVE_S1.);
#5884 = LINE('',#5885,#5886);
#5885 = CARTESIAN_POINT('',(7.1,-50.4,6.135));
#5886 = VECTOR('',#5887,1.);
#5887 = DIRECTION('',(0.,0.,1.));
#5888 = PCURVE('',#2698,#5889);
#5889 = DEFINITIONAL_REPRESENTATION('',(#5890),#5893);
#5890 = B_SPLINE_CURVE_WITH_KNOTS('',1,(#5891,#5892),.UNSPECIFIED.,.F.,
  .F.,(2,2),(-1.5E-02,5.E-03),.PIECEWISE_BEZIER_KNOTS.);
#5891 = CARTESIAN_POINT('',(2.E-02,-0.2));
#5892 = CARTESIAN_POINT('',(0.,-0.2));
#5893 = ( GEOMETRIC_REPRESENTATION_CONTEXT(2) 
PARAMETRIC_REPRESENTATION_CONTEXT() REPRESENTATION_CONTEXT('2D SPACE',''
  ) );
#5894 = PCURVE('',#3921,#5895);
#5895 = DEFINITIONAL_REPRESENTATION('',(#5896),#5899);
#5896 = B_SPLINE_CURVE_WITH_KNOTS('',1,(#5897,#5898),.UNSPECIFIED.,.F.,
  .F.,(2,2),(-1.5E-02,5.E-03),.PIECEWISE_BEZIER_KNOTS.);
#5897 = CARTESIAN_POINT('',(4.7,1.E-02));
#5898 = CARTESIAN_POINT('',(4.7,-1.E-02));
#5899 = ( GEOMETRIC_REPRESENTATION_CONTEXT(2) 
PARAMETRIC_REPRESENTATION_CONTEXT() REPRESENTATION_CONTEXT('2D SPACE',''
  ) );
#5900 = ORIENTED_EDGE('',*,*,#5901,.T.);
#5901 = EDGE_CURVE('',#5881,#2655,#5902,.T.);
#5902 = SURFACE_CURVE('',#5903,(#5907,#5914),.PCURVE_S1.);
#5903 = LINE('',#5904,#5905);
#5904 = CARTESIAN_POINT('',(7.1,-51.5,6.12));
#5905 = VECTOR('',#5906,1.);
#5906 = DIRECTION('',(0.,1.,0.));
#5907 = PCURVE('',#2698,#5908);
#5908 = DEFINITIONAL_REPRESENTATION('',(#5909),#5913);
#5909 = LINE('',#5910,#5911);
#5910 = CARTESIAN_POINT('',(2.E-02,-1.3));
#5911 = VECTOR('',#5912,1.);
#5912 = DIRECTION('',(0.,1.));
#5913 = ( GEOMETRIC_REPRESENTATION_CONTEXT(2) 
PARAMETRIC_REPRESENTATION_CONTEXT() REPRESENTATION_CONTEXT('2D SPACE',''
  ) );
#5914 = PCURVE('',#2671,#5915);
#5915 = DEFINITIONAL_REPRESENTATION('',(#5916),#5920);
#5916 = LINE('',#5917,#5918);
#5917 = CARTESIAN_POINT('',(0.,-1.3));
#5918 = VECTOR('',#5919,1.);
#5919 = DIRECTION('',(-0.,1.));
#5920 = ( GEOMETRIC_REPRESENTATION_CONTEXT(2) 
PARAMETRIC_REPRESENTATION_CONTEXT() REPRESENTATION_CONTEXT('2D SPACE',''
  ) );
#5921 = ORIENTED_EDGE('',*,*,#2683,.F.);
#5922 = ADVANCED_FACE('',(#5923),#2671,.F.);
#5923 = FACE_BOUND('',#5924,.F.);
#5924 = EDGE_LOOP('',(#5925,#5926,#5950,#5971));
#5925 = ORIENTED_EDGE('',*,*,#5901,.F.);
#5926 = ORIENTED_EDGE('',*,*,#5927,.T.);
#5927 = EDGE_CURVE('',#5881,#5928,#5930,.T.);
#5928 = VERTEX_POINT('',#5929);
#5929 = CARTESIAN_POINT('',(5.16,-50.4,4.18));
#5930 = SURFACE_CURVE('',#5931,(#5936,#5943),.PCURVE_S1.);
#5931 = CIRCLE('',#5932,1.94);
#5932 = AXIS2_PLACEMENT_3D('',#5933,#5934,#5935);
#5933 = CARTESIAN_POINT('',(5.16,-50.4,6.12));
#5934 = DIRECTION('',(-0.,1.,0.));
#5935 = DIRECTION('',(1.,0.,0.));
#5936 = PCURVE('',#2671,#5937);
#5937 = DEFINITIONAL_REPRESENTATION('',(#5938),#5942);
#5938 = LINE('',#5939,#5940);
#5939 = CARTESIAN_POINT('',(0.,-0.2));
#5940 = VECTOR('',#5941,1.);
#5941 = DIRECTION('',(1.,0.));
#5942 = ( GEOMETRIC_REPRESENTATION_CONTEXT(2) 
PARAMETRIC_REPRESENTATION_CONTEXT() REPRESENTATION_CONTEXT('2D SPACE',''
  ) );
#5943 = PCURVE('',#3921,#5944);
#5944 = DEFINITIONAL_REPRESENTATION('',(#5945),#5949);
#5945 = CIRCLE('',#5946,1.94);
#5946 = AXIS2_PLACEMENT_2D('',#5947,#5948);
#5947 = CARTESIAN_POINT('',(2.76,1.E-02));
#5948 = DIRECTION('',(1.,0.));
#5949 = ( GEOMETRIC_REPRESENTATION_CONTEXT(2) 
PARAMETRIC_REPRESENTATION_CONTEXT() REPRESENTATION_CONTEXT('2D SPACE',''
  ) );
#5950 = ORIENTED_EDGE('',*,*,#5951,.F.);
#5951 = EDGE_CURVE('',#2629,#5928,#5952,.T.);
#5952 = SURFACE_CURVE('',#5953,(#5957,#5964),.PCURVE_S1.);
#5953 = LINE('',#5954,#5955);
#5954 = CARTESIAN_POINT('',(5.16,-48.9,4.18));
#5955 = VECTOR('',#5956,1.);
#5956 = DIRECTION('',(0.,-1.,0.));
#5957 = PCURVE('',#2671,#5958);
#5958 = DEFINITIONAL_REPRESENTATION('',(#5959),#5963);
#5959 = LINE('',#5960,#5961);
#5960 = CARTESIAN_POINT('',(1.570796326795,1.3));
#5961 = VECTOR('',#5962,1.);
#5962 = DIRECTION('',(0.,-1.));
#5963 = ( GEOMETRIC_REPRESENTATION_CONTEXT(2) 
PARAMETRIC_REPRESENTATION_CONTEXT() REPRESENTATION_CONTEXT('2D SPACE',''
  ) );
#5964 = PCURVE('',#2643,#5965);
#5965 = DEFINITIONAL_REPRESENTATION('',(#5966),#5970);
#5966 = LINE('',#5967,#5968);
#5967 = CARTESIAN_POINT('',(5.52,1.3));
#5968 = VECTOR('',#5969,1.);
#5969 = DIRECTION('',(0.,-1.));
#5970 = ( GEOMETRIC_REPRESENTATION_CONTEXT(2) 
PARAMETRIC_REPRESENTATION_CONTEXT() REPRESENTATION_CONTEXT('2D SPACE',''
  ) );
#5971 = ORIENTED_EDGE('',*,*,#2654,.F.);
#5972 = ADVANCED_FACE('',(#5973),#2643,.T.);
#5973 = FACE_BOUND('',#5974,.T.);
#5974 = EDGE_LOOP('',(#5975,#5976,#5999,#6018));
#5975 = ORIENTED_EDGE('',*,*,#2628,.F.);
#5976 = ORIENTED_EDGE('',*,*,#5977,.T.);
#5977 = EDGE_CURVE('',#2600,#5978,#5980,.T.);
#5978 = VERTEX_POINT('',#5979);
#5979 = CARTESIAN_POINT('',(-0.36,-50.4,4.18));
#5980 = SURFACE_CURVE('',#5981,(#5985,#5992),.PCURVE_S1.);
#5981 = LINE('',#5982,#5983);
#5982 = CARTESIAN_POINT('',(-0.36,-48.9,4.18));
#5983 = VECTOR('',#5984,1.);
#5984 = DIRECTION('',(0.,-1.,0.));
#5985 = PCURVE('',#2643,#5986);
#5986 = DEFINITIONAL_REPRESENTATION('',(#5987),#5991);
#5987 = LINE('',#5988,#5989);
#5988 = CARTESIAN_POINT('',(0.,1.3));
#5989 = VECTOR('',#5990,1.);
#5990 = DIRECTION('',(0.,-1.));
#5991 = ( GEOMETRIC_REPRESENTATION_CONTEXT(2) 
PARAMETRIC_REPRESENTATION_CONTEXT() REPRESENTATION_CONTEXT('2D SPACE',''
  ) );
#5992 = PCURVE('',#2616,#5993);
#5993 = DEFINITIONAL_REPRESENTATION('',(#5994),#5998);
#5994 = LINE('',#5995,#5996);
#5995 = CARTESIAN_POINT('',(1.570796326795,1.3));
#5996 = VECTOR('',#5997,1.);
#5997 = DIRECTION('',(0.,-1.));
#5998 = ( GEOMETRIC_REPRESENTATION_CONTEXT(2) 
PARAMETRIC_REPRESENTATION_CONTEXT() REPRESENTATION_CONTEXT('2D SPACE',''
  ) );
#5999 = ORIENTED_EDGE('',*,*,#6000,.F.);
#6000 = EDGE_CURVE('',#5928,#5978,#6001,.T.);
#6001 = SURFACE_CURVE('',#6002,(#6006,#6012),.PCURVE_S1.);
#6002 = LINE('',#6003,#6004);
#6003 = CARTESIAN_POINT('',(1.02,-50.4,4.18));
#6004 = VECTOR('',#6005,1.);
#6005 = DIRECTION('',(-1.,0.,0.));
#6006 = PCURVE('',#2643,#6007);
#6007 = DEFINITIONAL_REPRESENTATION('',(#6008),#6011);
#6008 = B_SPLINE_CURVE_WITH_KNOTS('',1,(#6009,#6010),.UNSPECIFIED.,.F.,
  .F.,(2,2),(-4.14,1.38),.PIECEWISE_BEZIER_KNOTS.);
#6009 = CARTESIAN_POINT('',(5.52,-0.2));
#6010 = CARTESIAN_POINT('',(0.,-0.2));
#6011 = ( GEOMETRIC_REPRESENTATION_CONTEXT(2) 
PARAMETRIC_REPRESENTATION_CONTEXT() REPRESENTATION_CONTEXT('2D SPACE',''
  ) );
#6012 = PCURVE('',#3921,#6013);
#6013 = DEFINITIONAL_REPRESENTATION('',(#6014),#6017);
#6014 = B_SPLINE_CURVE_WITH_KNOTS('',1,(#6015,#6016),.UNSPECIFIED.,.F.,
  .F.,(2,2),(-4.14,1.38),.PIECEWISE_BEZIER_KNOTS.);
#6015 = CARTESIAN_POINT('',(2.76,1.95));
#6016 = CARTESIAN_POINT('',(-2.76,1.95));
#6017 = ( GEOMETRIC_REPRESENTATION_CONTEXT(2) 
PARAMETRIC_REPRESENTATION_CONTEXT() REPRESENTATION_CONTEXT('2D SPACE',''
  ) );
#6018 = ORIENTED_EDGE('',*,*,#5951,.F.);
#6019 = ADVANCED_FACE('',(#6020),#2616,.F.);
#6020 = FACE_BOUND('',#6021,.F.);
#6021 = EDGE_LOOP('',(#6022,#6023,#6024,#6048));
#6022 = ORIENTED_EDGE('',*,*,#2599,.F.);
#6023 = ORIENTED_EDGE('',*,*,#5977,.T.);
#6024 = ORIENTED_EDGE('',*,*,#6025,.T.);
#6025 = EDGE_CURVE('',#5978,#6026,#6028,.T.);
#6026 = VERTEX_POINT('',#6027);
#6027 = CARTESIAN_POINT('',(-2.3,-50.4,6.12));
#6028 = SURFACE_CURVE('',#6029,(#6034,#6041),.PCURVE_S1.);
#6029 = CIRCLE('',#6030,1.94);
#6030 = AXIS2_PLACEMENT_3D('',#6031,#6032,#6033);
#6031 = CARTESIAN_POINT('',(-0.36,-50.4,6.12));
#6032 = DIRECTION('',(-0.,1.,0.));
#6033 = DIRECTION('',(1.,0.,0.));
#6034 = PCURVE('',#2616,#6035);
#6035 = DEFINITIONAL_REPRESENTATION('',(#6036),#6040);
#6036 = LINE('',#6037,#6038);
#6037 = CARTESIAN_POINT('',(0.,-0.2));
#6038 = VECTOR('',#6039,1.);
#6039 = DIRECTION('',(1.,0.));
#6040 = ( GEOMETRIC_REPRESENTATION_CONTEXT(2) 
PARAMETRIC_REPRESENTATION_CONTEXT() REPRESENTATION_CONTEXT('2D SPACE',''
  ) );
#6041 = PCURVE('',#3921,#6042);
#6042 = DEFINITIONAL_REPRESENTATION('',(#6043),#6047);
#6043 = CIRCLE('',#6044,1.94);
#6044 = AXIS2_PLACEMENT_2D('',#6045,#6046);
#6045 = CARTESIAN_POINT('',(-2.76,1.E-02));
#6046 = DIRECTION('',(1.,0.));
#6047 = ( GEOMETRIC_REPRESENTATION_CONTEXT(2) 
PARAMETRIC_REPRESENTATION_CONTEXT() REPRESENTATION_CONTEXT('2D SPACE',''
  ) );
#6048 = ORIENTED_EDGE('',*,*,#6049,.F.);
#6049 = EDGE_CURVE('',#2574,#6026,#6050,.T.);
#6050 = SURFACE_CURVE('',#6051,(#6055,#6062),.PCURVE_S1.);
#6051 = LINE('',#6052,#6053);
#6052 = CARTESIAN_POINT('',(-2.3,-48.9,6.12));
#6053 = VECTOR('',#6054,1.);
#6054 = DIRECTION('',(0.,-1.,0.));
#6055 = PCURVE('',#2616,#6056);
#6056 = DEFINITIONAL_REPRESENTATION('',(#6057),#6061);
#6057 = LINE('',#6058,#6059);
#6058 = CARTESIAN_POINT('',(3.14159265359,1.3));
#6059 = VECTOR('',#6060,1.);
#6060 = DIRECTION('',(0.,-1.));
#6061 = ( GEOMETRIC_REPRESENTATION_CONTEXT(2) 
PARAMETRIC_REPRESENTATION_CONTEXT() REPRESENTATION_CONTEXT('2D SPACE',''
  ) );
#6062 = PCURVE('',#2588,#6063);
#6063 = DEFINITIONAL_REPRESENTATION('',(#6064),#6068);
#6064 = LINE('',#6065,#6066);
#6065 = CARTESIAN_POINT('',(2.E-02,1.3));
#6066 = VECTOR('',#6067,1.);
#6067 = DIRECTION('',(0.,-1.));
#6068 = ( GEOMETRIC_REPRESENTATION_CONTEXT(2) 
PARAMETRIC_REPRESENTATION_CONTEXT() REPRESENTATION_CONTEXT('2D SPACE',''
  ) );
#6069 = ADVANCED_FACE('',(#6070),#2588,.T.);
#6070 = FACE_BOUND('',#6071,.T.);
#6071 = EDGE_LOOP('',(#6072,#6073,#6092,#6093));
#6072 = ORIENTED_EDGE('',*,*,#5710,.F.);
#6073 = ORIENTED_EDGE('',*,*,#6074,.F.);
#6074 = EDGE_CURVE('',#6026,#5711,#6075,.T.);
#6075 = SURFACE_CURVE('',#6076,(#6080,#6086),.PCURVE_S1.);
#6076 = LINE('',#6077,#6078);
#6077 = CARTESIAN_POINT('',(-2.3,-50.4,6.135));
#6078 = VECTOR('',#6079,1.);
#6079 = DIRECTION('',(0.,0.,1.));
#6080 = PCURVE('',#2588,#6081);
#6081 = DEFINITIONAL_REPRESENTATION('',(#6082),#6085);
#6082 = B_SPLINE_CURVE_WITH_KNOTS('',1,(#6083,#6084),.UNSPECIFIED.,.F.,
  .F.,(2,2),(-1.5E-02,5.E-03),.PIECEWISE_BEZIER_KNOTS.);
#6083 = CARTESIAN_POINT('',(2.E-02,-0.2));
#6084 = CARTESIAN_POINT('',(0.,-0.2));
#6085 = ( GEOMETRIC_REPRESENTATION_CONTEXT(2) 
PARAMETRIC_REPRESENTATION_CONTEXT() REPRESENTATION_CONTEXT('2D SPACE',''
  ) );
#6086 = PCURVE('',#3921,#6087);
#6087 = DEFINITIONAL_REPRESENTATION('',(#6088),#6091);
#6088 = B_SPLINE_CURVE_WITH_KNOTS('',1,(#6089,#6090),.UNSPECIFIED.,.F.,
  .F.,(2,2),(-1.5E-02,5.E-03),.PIECEWISE_BEZIER_KNOTS.);
#6089 = CARTESIAN_POINT('',(-4.7,1.E-02));
#6090 = CARTESIAN_POINT('',(-4.7,-1.E-02));
#6091 = ( GEOMETRIC_REPRESENTATION_CONTEXT(2) 
PARAMETRIC_REPRESENTATION_CONTEXT() REPRESENTATION_CONTEXT('2D SPACE',''
  ) );
#6092 = ORIENTED_EDGE('',*,*,#6049,.F.);
#6093 = ORIENTED_EDGE('',*,*,#2573,.F.);
#6094 = ADVANCED_FACE('',(#6095),#2979,.F.);
#6095 = FACE_BOUND('',#6096,.F.);
#6096 = EDGE_LOOP('',(#6097,#6120,#6142,#6143));
#6097 = ORIENTED_EDGE('',*,*,#6098,.T.);
#6098 = EDGE_CURVE('',#2959,#6099,#6101,.T.);
#6099 = VERTEX_POINT('',#6100);
#6100 = CARTESIAN_POINT('',(28.65,31.1,4.68));
#6101 = SEAM_CURVE('',#6102,(#6106,#6113),.PCURVE_S1.);
#6102 = LINE('',#6103,#6104);
#6103 = CARTESIAN_POINT('',(28.3,31.1,4.68));
#6104 = VECTOR('',#6105,1.);
#6105 = DIRECTION('',(1.,0.,2.22044604925E-16));
#6106 = PCURVE('',#2979,#6107);
#6107 = DEFINITIONAL_REPRESENTATION('',(#6108),#6112);
#6108 = LINE('',#6109,#6110);
#6109 = CARTESIAN_POINT('',(6.28318530718,-0.));
#6110 = VECTOR('',#6111,1.);
#6111 = DIRECTION('',(0.,1.));
#6112 = ( GEOMETRIC_REPRESENTATION_CONTEXT(2) 
PARAMETRIC_REPRESENTATION_CONTEXT() REPRESENTATION_CONTEXT('2D SPACE',''
  ) );
#6113 = PCURVE('',#2979,#6114);
#6114 = DEFINITIONAL_REPRESENTATION('',(#6115),#6119);
#6115 = LINE('',#6116,#6117);
#6116 = CARTESIAN_POINT('',(0.,-0.));
#6117 = VECTOR('',#6118,1.);
#6118 = DIRECTION('',(0.,1.));
#6119 = ( GEOMETRIC_REPRESENTATION_CONTEXT(2) 
PARAMETRIC_REPRESENTATION_CONTEXT() REPRESENTATION_CONTEXT('2D SPACE',''
  ) );
#6120 = ORIENTED_EDGE('',*,*,#6121,.F.);
#6121 = EDGE_CURVE('',#6099,#6099,#6122,.T.);
#6122 = SURFACE_CURVE('',#6123,(#6128,#6135),.PCURVE_S1.);
#6123 = CIRCLE('',#6124,1.75);
#6124 = AXIS2_PLACEMENT_3D('',#6125,#6126,#6127);
#6125 = CARTESIAN_POINT('',(28.65,31.1,6.43));
#6126 = DIRECTION('',(1.,-0.,2.22044604925E-16));
#6127 = DIRECTION('',(2.22044604925E-16,0.,-1.));
#6128 = PCURVE('',#2979,#6129);
#6129 = DEFINITIONAL_REPRESENTATION('',(#6130),#6134);
#6130 = LINE('',#6131,#6132);
#6131 = CARTESIAN_POINT('',(0.,0.35));
#6132 = VECTOR('',#6133,1.);
#6133 = DIRECTION('',(1.,0.));
#6134 = ( GEOMETRIC_REPRESENTATION_CONTEXT(2) 
PARAMETRIC_REPRESENTATION_CONTEXT() REPRESENTATION_CONTEXT('2D SPACE',''
  ) );
#6135 = PCURVE('',#4870,#6136);
#6136 = DEFINITIONAL_REPRESENTATION('',(#6137),#6141);
#6137 = CIRCLE('',#6138,1.75);
#6138 = AXIS2_PLACEMENT_2D('',#6139,#6140);
#6139 = CARTESIAN_POINT('',(0.,0.));
#6140 = DIRECTION('',(1.,0.));
#6141 = ( GEOMETRIC_REPRESENTATION_CONTEXT(2) 
PARAMETRIC_REPRESENTATION_CONTEXT() REPRESENTATION_CONTEXT('2D SPACE',''
  ) );
#6142 = ORIENTED_EDGE('',*,*,#6098,.F.);
#6143 = ORIENTED_EDGE('',*,*,#2958,.T.);
#6144 = ADVANCED_FACE('',(#6145),#3016,.F.);
#6145 = FACE_BOUND('',#6146,.F.);
#6146 = EDGE_LOOP('',(#6147,#6173,#6194,#6195));
#6147 = ORIENTED_EDGE('',*,*,#6148,.F.);
#6148 = EDGE_CURVE('',#6149,#6151,#6153,.T.);
#6149 = VERTEX_POINT('',#6150);
#6150 = CARTESIAN_POINT('',(29.,39.09,7.1));
#6151 = VERTEX_POINT('',#6152);
#6152 = CARTESIAN_POINT('',(29.,38.3,6.31));
#6153 = SURFACE_CURVE('',#6154,(#6159,#6166),.PCURVE_S1.);
#6154 = CIRCLE('',#6155,0.79);
#6155 = AXIS2_PLACEMENT_3D('',#6156,#6157,#6158);
#6156 = CARTESIAN_POINT('',(29.,39.09,6.31));
#6157 = DIRECTION('',(1.,0.,0.));
#6158 = DIRECTION('',(-0.,1.,0.));
#6159 = PCURVE('',#3016,#6160);
#6160 = DEFINITIONAL_REPRESENTATION('',(#6161),#6165);
#6161 = LINE('',#6162,#6163);
#6162 = CARTESIAN_POINT('',(0.,-0.2));
#6163 = VECTOR('',#6164,1.);
#6164 = DIRECTION('',(1.,0.));
#6165 = ( GEOMETRIC_REPRESENTATION_CONTEXT(2) 
PARAMETRIC_REPRESENTATION_CONTEXT() REPRESENTATION_CONTEXT('2D SPACE',''
  ) );
#6166 = PCURVE('',#4924,#6167);
#6167 = DEFINITIONAL_REPRESENTATION('',(#6168),#6172);
#6168 = CIRCLE('',#6169,0.79);
#6169 = AXIS2_PLACEMENT_2D('',#6170,#6171);
#6170 = CARTESIAN_POINT('',(-1.71,1.E-02));
#6171 = DIRECTION('',(1.,0.));
#6172 = ( GEOMETRIC_REPRESENTATION_CONTEXT(2) 
PARAMETRIC_REPRESENTATION_CONTEXT() REPRESENTATION_CONTEXT('2D SPACE',''
  ) );
#6173 = ORIENTED_EDGE('',*,*,#6174,.T.);
#6174 = EDGE_CURVE('',#6149,#2994,#6175,.T.);
#6175 = SURFACE_CURVE('',#6176,(#6180,#6187),.PCURVE_S1.);
#6176 = LINE('',#6177,#6178);
#6177 = CARTESIAN_POINT('',(30.5,39.09,7.1));
#6178 = VECTOR('',#6179,1.);
#6179 = DIRECTION('',(-1.,0.,0.));
#6180 = PCURVE('',#3016,#6181);
#6181 = DEFINITIONAL_REPRESENTATION('',(#6182),#6186);
#6182 = LINE('',#6183,#6184);
#6183 = CARTESIAN_POINT('',(1.570796326795,1.3));
#6184 = VECTOR('',#6185,1.);
#6185 = DIRECTION('',(0.,-1.));
#6186 = ( GEOMETRIC_REPRESENTATION_CONTEXT(2) 
PARAMETRIC_REPRESENTATION_CONTEXT() REPRESENTATION_CONTEXT('2D SPACE',''
  ) );
#6187 = PCURVE('',#3218,#6188);
#6188 = DEFINITIONAL_REPRESENTATION('',(#6189),#6193);
#6189 = LINE('',#6190,#6191);
#6190 = CARTESIAN_POINT('',(0.,1.3));
#6191 = VECTOR('',#6192,1.);
#6192 = DIRECTION('',(0.,-1.));
#6193 = ( GEOMETRIC_REPRESENTATION_CONTEXT(2) 
PARAMETRIC_REPRESENTATION_CONTEXT() REPRESENTATION_CONTEXT('2D SPACE',''
  ) );
#6194 = ORIENTED_EDGE('',*,*,#2993,.T.);
#6195 = ORIENTED_EDGE('',*,*,#6196,.F.);
#6196 = EDGE_CURVE('',#6151,#2996,#6197,.T.);
#6197 = SURFACE_CURVE('',#6198,(#6202,#6209),.PCURVE_S1.);
#6198 = LINE('',#6199,#6200);
#6199 = CARTESIAN_POINT('',(30.5,38.3,6.31));
#6200 = VECTOR('',#6201,1.);
#6201 = DIRECTION('',(-1.,0.,0.));
#6202 = PCURVE('',#3016,#6203);
#6203 = DEFINITIONAL_REPRESENTATION('',(#6204),#6208);
#6204 = LINE('',#6205,#6206);
#6205 = CARTESIAN_POINT('',(3.14159265359,1.3));
#6206 = VECTOR('',#6207,1.);
#6207 = DIRECTION('',(0.,-1.));
#6208 = ( GEOMETRIC_REPRESENTATION_CONTEXT(2) 
PARAMETRIC_REPRESENTATION_CONTEXT() REPRESENTATION_CONTEXT('2D SPACE',''
  ) );
#6209 = PCURVE('',#3043,#6210);
#6210 = DEFINITIONAL_REPRESENTATION('',(#6211),#6215);
#6211 = LINE('',#6212,#6213);
#6212 = CARTESIAN_POINT('',(2.E-02,1.3));
#6213 = VECTOR('',#6214,1.);
#6214 = DIRECTION('',(0.,-1.));
#6215 = ( GEOMETRIC_REPRESENTATION_CONTEXT(2) 
PARAMETRIC_REPRESENTATION_CONTEXT() REPRESENTATION_CONTEXT('2D SPACE',''
  ) );
#6216 = ADVANCED_FACE('',(#6217),#3218,.T.);
#6217 = FACE_BOUND('',#6218,.T.);
#6218 = EDGE_LOOP('',(#6219,#6240,#6241,#6242));
#6219 = ORIENTED_EDGE('',*,*,#6220,.T.);
#6220 = EDGE_CURVE('',#6221,#6149,#6223,.T.);
#6221 = VERTEX_POINT('',#6222);
#6222 = CARTESIAN_POINT('',(29.,42.51,7.1));
#6223 = SURFACE_CURVE('',#6224,(#6228,#6234),.PCURVE_S1.);
#6224 = LINE('',#6225,#6226);
#6225 = CARTESIAN_POINT('',(29.,39.945,7.1));
#6226 = VECTOR('',#6227,1.);
#6227 = DIRECTION('',(0.,-1.,0.));
#6228 = PCURVE('',#3218,#6229);
#6229 = DEFINITIONAL_REPRESENTATION('',(#6230),#6233);
#6230 = B_SPLINE_CURVE_WITH_KNOTS('',1,(#6231,#6232),.UNSPECIFIED.,.F.,
  .F.,(2,2),(-2.565,0.855),.PIECEWISE_BEZIER_KNOTS.);
#6231 = CARTESIAN_POINT('',(3.42,-0.2));
#6232 = CARTESIAN_POINT('',(0.,-0.2));
#6233 = ( GEOMETRIC_REPRESENTATION_CONTEXT(2) 
PARAMETRIC_REPRESENTATION_CONTEXT() REPRESENTATION_CONTEXT('2D SPACE',''
  ) );
#6234 = PCURVE('',#4924,#6235);
#6235 = DEFINITIONAL_REPRESENTATION('',(#6236),#6239);
#6236 = B_SPLINE_CURVE_WITH_KNOTS('',1,(#6237,#6238),.UNSPECIFIED.,.F.,
  .F.,(2,2),(-2.565,0.855),.PIECEWISE_BEZIER_KNOTS.);
#6237 = CARTESIAN_POINT('',(1.71,0.8));
#6238 = CARTESIAN_POINT('',(-1.71,0.8));
#6239 = ( GEOMETRIC_REPRESENTATION_CONTEXT(2) 
PARAMETRIC_REPRESENTATION_CONTEXT() REPRESENTATION_CONTEXT('2D SPACE',''
  ) );
#6240 = ORIENTED_EDGE('',*,*,#6174,.T.);
#6241 = ORIENTED_EDGE('',*,*,#3205,.F.);
#6242 = ORIENTED_EDGE('',*,*,#6243,.F.);
#6243 = EDGE_CURVE('',#6221,#3173,#6244,.T.);
#6244 = SURFACE_CURVE('',#6245,(#6249,#6256),.PCURVE_S1.);
#6245 = LINE('',#6246,#6247);
#6246 = CARTESIAN_POINT('',(30.5,42.51,7.1));
#6247 = VECTOR('',#6248,1.);
#6248 = DIRECTION('',(-1.,0.,0.));
#6249 = PCURVE('',#3218,#6250);
#6250 = DEFINITIONAL_REPRESENTATION('',(#6251),#6255);
#6251 = LINE('',#6252,#6253);
#6252 = CARTESIAN_POINT('',(3.42,1.3));
#6253 = VECTOR('',#6254,1.);
#6254 = DIRECTION('',(0.,-1.));
#6255 = ( GEOMETRIC_REPRESENTATION_CONTEXT(2) 
PARAMETRIC_REPRESENTATION_CONTEXT() REPRESENTATION_CONTEXT('2D SPACE',''
  ) );
#6256 = PCURVE('',#3193,#6257);
#6257 = DEFINITIONAL_REPRESENTATION('',(#6258),#6262);
#6258 = LINE('',#6259,#6260);
#6259 = CARTESIAN_POINT('',(1.570796326795,1.3));
#6260 = VECTOR('',#6261,1.);
#6261 = DIRECTION('',(0.,-1.));
#6262 = ( GEOMETRIC_REPRESENTATION_CONTEXT(2) 
PARAMETRIC_REPRESENTATION_CONTEXT() REPRESENTATION_CONTEXT('2D SPACE',''
  ) );
#6263 = ADVANCED_FACE('',(#6264),#3043,.T.);
#6264 = FACE_BOUND('',#6265,.T.);
#6265 = EDGE_LOOP('',(#6266,#6289,#6290,#6291));
#6266 = ORIENTED_EDGE('',*,*,#6267,.F.);
#6267 = EDGE_CURVE('',#3029,#6268,#6270,.T.);
#6268 = VERTEX_POINT('',#6269);
#6269 = CARTESIAN_POINT('',(29.,38.3,6.29));
#6270 = SURFACE_CURVE('',#6271,(#6275,#6282),.PCURVE_S1.);
#6271 = LINE('',#6272,#6273);
#6272 = CARTESIAN_POINT('',(27.9,38.3,6.29));
#6273 = VECTOR('',#6274,1.);
#6274 = DIRECTION('',(1.,0.,0.));
#6275 = PCURVE('',#3043,#6276);
#6276 = DEFINITIONAL_REPRESENTATION('',(#6277),#6281);
#6277 = LINE('',#6278,#6279);
#6278 = CARTESIAN_POINT('',(0.,-1.3));
#6279 = VECTOR('',#6280,1.);
#6280 = DIRECTION('',(0.,1.));
#6281 = ( GEOMETRIC_REPRESENTATION_CONTEXT(2) 
PARAMETRIC_REPRESENTATION_CONTEXT() REPRESENTATION_CONTEXT('2D SPACE',''
  ) );
#6282 = PCURVE('',#3075,#6283);
#6283 = DEFINITIONAL_REPRESENTATION('',(#6284),#6288);
#6284 = LINE('',#6285,#6286);
#6285 = CARTESIAN_POINT('',(3.14159265359,-1.3));
#6286 = VECTOR('',#6287,1.);
#6287 = DIRECTION('',(-0.,1.));
#6288 = ( GEOMETRIC_REPRESENTATION_CONTEXT(2) 
PARAMETRIC_REPRESENTATION_CONTEXT() REPRESENTATION_CONTEXT('2D SPACE',''
  ) );
#6289 = ORIENTED_EDGE('',*,*,#3028,.F.);
#6290 = ORIENTED_EDGE('',*,*,#6196,.F.);
#6291 = ORIENTED_EDGE('',*,*,#6292,.T.);
#6292 = EDGE_CURVE('',#6151,#6268,#6293,.T.);
#6293 = SURFACE_CURVE('',#6294,(#6298,#6304),.PCURVE_S1.);
#6294 = LINE('',#6295,#6296);
#6295 = CARTESIAN_POINT('',(29.,38.3,6.295));
#6296 = VECTOR('',#6297,1.);
#6297 = DIRECTION('',(0.,0.,-1.));
#6298 = PCURVE('',#3043,#6299);
#6299 = DEFINITIONAL_REPRESENTATION('',(#6300),#6303);
#6300 = B_SPLINE_CURVE_WITH_KNOTS('',1,(#6301,#6302),.UNSPECIFIED.,.F.,
  .F.,(2,2),(-1.5E-02,5.E-03),.PIECEWISE_BEZIER_KNOTS.);
#6301 = CARTESIAN_POINT('',(2.E-02,-0.2));
#6302 = CARTESIAN_POINT('',(0.,-0.2));
#6303 = ( GEOMETRIC_REPRESENTATION_CONTEXT(2) 
PARAMETRIC_REPRESENTATION_CONTEXT() REPRESENTATION_CONTEXT('2D SPACE',''
  ) );
#6304 = PCURVE('',#4924,#6305);
#6305 = DEFINITIONAL_REPRESENTATION('',(#6306),#6309);
#6306 = B_SPLINE_CURVE_WITH_KNOTS('',1,(#6307,#6308),.UNSPECIFIED.,.F.,
  .F.,(2,2),(-1.5E-02,5.E-03),.PIECEWISE_BEZIER_KNOTS.);
#6307 = CARTESIAN_POINT('',(-2.5,1.E-02));
#6308 = CARTESIAN_POINT('',(-2.5,-1.E-02));
#6309 = ( GEOMETRIC_REPRESENTATION_CONTEXT(2) 
PARAMETRIC_REPRESENTATION_CONTEXT() REPRESENTATION_CONTEXT('2D SPACE',''
  ) );
#6310 = ADVANCED_FACE('',(#6311),#3193,.F.);
#6311 = FACE_BOUND('',#6312,.F.);
#6312 = EDGE_LOOP('',(#6313,#6336,#6337,#6338));
#6313 = ORIENTED_EDGE('',*,*,#6314,.F.);
#6314 = EDGE_CURVE('',#3147,#6315,#6317,.T.);
#6315 = VERTEX_POINT('',#6316);
#6316 = CARTESIAN_POINT('',(29.,43.3,6.31));
#6317 = SURFACE_CURVE('',#6318,(#6322,#6329),.PCURVE_S1.);
#6318 = LINE('',#6319,#6320);
#6319 = CARTESIAN_POINT('',(27.9,43.3,6.31));
#6320 = VECTOR('',#6321,1.);
#6321 = DIRECTION('',(1.,0.,0.));
#6322 = PCURVE('',#3193,#6323);
#6323 = DEFINITIONAL_REPRESENTATION('',(#6324),#6328);
#6324 = LINE('',#6325,#6326);
#6325 = CARTESIAN_POINT('',(0.,-1.3));
#6326 = VECTOR('',#6327,1.);
#6327 = DIRECTION('',(-0.,1.));
#6328 = ( GEOMETRIC_REPRESENTATION_CONTEXT(2) 
PARAMETRIC_REPRESENTATION_CONTEXT() REPRESENTATION_CONTEXT('2D SPACE',''
  ) );
#6329 = PCURVE('',#3161,#6330);
#6330 = DEFINITIONAL_REPRESENTATION('',(#6331),#6335);
#6331 = LINE('',#6332,#6333);
#6332 = CARTESIAN_POINT('',(2.E-02,-1.3));
#6333 = VECTOR('',#6334,1.);
#6334 = DIRECTION('',(0.,1.));
#6335 = ( GEOMETRIC_REPRESENTATION_CONTEXT(2) 
PARAMETRIC_REPRESENTATION_CONTEXT() REPRESENTATION_CONTEXT('2D SPACE',''
  ) );
#6336 = ORIENTED_EDGE('',*,*,#3172,.T.);
#6337 = ORIENTED_EDGE('',*,*,#6243,.F.);
#6338 = ORIENTED_EDGE('',*,*,#6339,.F.);
#6339 = EDGE_CURVE('',#6315,#6221,#6340,.T.);
#6340 = SURFACE_CURVE('',#6341,(#6346,#6353),.PCURVE_S1.);
#6341 = CIRCLE('',#6342,0.79);
#6342 = AXIS2_PLACEMENT_3D('',#6343,#6344,#6345);
#6343 = CARTESIAN_POINT('',(29.,42.51,6.31));
#6344 = DIRECTION('',(1.,0.,0.));
#6345 = DIRECTION('',(-0.,1.,0.));
#6346 = PCURVE('',#3193,#6347);
#6347 = DEFINITIONAL_REPRESENTATION('',(#6348),#6352);
#6348 = LINE('',#6349,#6350);
#6349 = CARTESIAN_POINT('',(0.,-0.2));
#6350 = VECTOR('',#6351,1.);
#6351 = DIRECTION('',(1.,0.));
#6352 = ( GEOMETRIC_REPRESENTATION_CONTEXT(2) 
PARAMETRIC_REPRESENTATION_CONTEXT() REPRESENTATION_CONTEXT('2D SPACE',''
  ) );
#6353 = PCURVE('',#4924,#6354);
#6354 = DEFINITIONAL_REPRESENTATION('',(#6355),#6359);
#6355 = CIRCLE('',#6356,0.79);
#6356 = AXIS2_PLACEMENT_2D('',#6357,#6358);
#6357 = CARTESIAN_POINT('',(1.71,1.E-02));
#6358 = DIRECTION('',(1.,0.));
#6359 = ( GEOMETRIC_REPRESENTATION_CONTEXT(2) 
PARAMETRIC_REPRESENTATION_CONTEXT() REPRESENTATION_CONTEXT('2D SPACE',''
  ) );
#6360 = ADVANCED_FACE('',(#6361),#3075,.F.);
#6361 = FACE_BOUND('',#6362,.F.);
#6362 = EDGE_LOOP('',(#6363,#6364,#6365,#6388));
#6363 = ORIENTED_EDGE('',*,*,#6267,.F.);
#6364 = ORIENTED_EDGE('',*,*,#3054,.T.);
#6365 = ORIENTED_EDGE('',*,*,#6366,.T.);
#6366 = EDGE_CURVE('',#3055,#6367,#6369,.T.);
#6367 = VERTEX_POINT('',#6368);
#6368 = CARTESIAN_POINT('',(29.,39.09,5.5));
#6369 = SURFACE_CURVE('',#6370,(#6374,#6381),.PCURVE_S1.);
#6370 = LINE('',#6371,#6372);
#6371 = CARTESIAN_POINT('',(27.9,39.09,5.5));
#6372 = VECTOR('',#6373,1.);
#6373 = DIRECTION('',(1.,0.,0.));
#6374 = PCURVE('',#3075,#6375);
#6375 = DEFINITIONAL_REPRESENTATION('',(#6376),#6380);
#6376 = LINE('',#6377,#6378);
#6377 = CARTESIAN_POINT('',(4.712388980385,-1.3));
#6378 = VECTOR('',#6379,1.);
#6379 = DIRECTION('',(-0.,1.));
#6380 = ( GEOMETRIC_REPRESENTATION_CONTEXT(2) 
PARAMETRIC_REPRESENTATION_CONTEXT() REPRESENTATION_CONTEXT('2D SPACE',''
  ) );
#6381 = PCURVE('',#3102,#6382);
#6382 = DEFINITIONAL_REPRESENTATION('',(#6383),#6387);
#6383 = LINE('',#6384,#6385);
#6384 = CARTESIAN_POINT('',(0.,-1.3));
#6385 = VECTOR('',#6386,1.);
#6386 = DIRECTION('',(0.,1.));
#6387 = ( GEOMETRIC_REPRESENTATION_CONTEXT(2) 
PARAMETRIC_REPRESENTATION_CONTEXT() REPRESENTATION_CONTEXT('2D SPACE',''
  ) );
#6388 = ORIENTED_EDGE('',*,*,#6389,.F.);
#6389 = EDGE_CURVE('',#6268,#6367,#6390,.T.);
#6390 = SURFACE_CURVE('',#6391,(#6396,#6403),.PCURVE_S1.);
#6391 = CIRCLE('',#6392,0.79);
#6392 = AXIS2_PLACEMENT_3D('',#6393,#6394,#6395);
#6393 = CARTESIAN_POINT('',(29.,39.09,6.29));
#6394 = DIRECTION('',(1.,0.,0.));
#6395 = DIRECTION('',(-0.,1.,0.));
#6396 = PCURVE('',#3075,#6397);
#6397 = DEFINITIONAL_REPRESENTATION('',(#6398),#6402);
#6398 = LINE('',#6399,#6400);
#6399 = CARTESIAN_POINT('',(0.,-0.2));
#6400 = VECTOR('',#6401,1.);
#6401 = DIRECTION('',(1.,0.));
#6402 = ( GEOMETRIC_REPRESENTATION_CONTEXT(2) 
PARAMETRIC_REPRESENTATION_CONTEXT() REPRESENTATION_CONTEXT('2D SPACE',''
  ) );
#6403 = PCURVE('',#4924,#6404);
#6404 = DEFINITIONAL_REPRESENTATION('',(#6405),#6409);
#6405 = CIRCLE('',#6406,0.79);
#6406 = AXIS2_PLACEMENT_2D('',#6407,#6408);
#6407 = CARTESIAN_POINT('',(-1.71,-1.E-02));
#6408 = DIRECTION('',(1.,0.));
#6409 = ( GEOMETRIC_REPRESENTATION_CONTEXT(2) 
PARAMETRIC_REPRESENTATION_CONTEXT() REPRESENTATION_CONTEXT('2D SPACE',''
  ) );
#6410 = ADVANCED_FACE('',(#6411),#3161,.F.);
#6411 = FACE_BOUND('',#6412,.F.);
#6412 = EDGE_LOOP('',(#6413,#6436,#6437,#6438));
#6413 = ORIENTED_EDGE('',*,*,#6414,.F.);
#6414 = EDGE_CURVE('',#3114,#6415,#6417,.T.);
#6415 = VERTEX_POINT('',#6416);
#6416 = CARTESIAN_POINT('',(29.,43.3,6.29));
#6417 = SURFACE_CURVE('',#6418,(#6422,#6429),.PCURVE_S1.);
#6418 = LINE('',#6419,#6420);
#6419 = CARTESIAN_POINT('',(27.9,43.3,6.29));
#6420 = VECTOR('',#6421,1.);
#6421 = DIRECTION('',(1.,0.,0.));
#6422 = PCURVE('',#3161,#6423);
#6423 = DEFINITIONAL_REPRESENTATION('',(#6424),#6428);
#6424 = LINE('',#6425,#6426);
#6425 = CARTESIAN_POINT('',(0.,-1.3));
#6426 = VECTOR('',#6427,1.);
#6427 = DIRECTION('',(0.,1.));
#6428 = ( GEOMETRIC_REPRESENTATION_CONTEXT(2) 
PARAMETRIC_REPRESENTATION_CONTEXT() REPRESENTATION_CONTEXT('2D SPACE',''
  ) );
#6429 = PCURVE('',#3134,#6430);
#6430 = DEFINITIONAL_REPRESENTATION('',(#6431),#6435);
#6431 = LINE('',#6432,#6433);
#6432 = CARTESIAN_POINT('',(6.28318530718,-1.3));
#6433 = VECTOR('',#6434,1.);
#6434 = DIRECTION('',(-0.,1.));
#6435 = ( GEOMETRIC_REPRESENTATION_CONTEXT(2) 
PARAMETRIC_REPRESENTATION_CONTEXT() REPRESENTATION_CONTEXT('2D SPACE',''
  ) );
#6436 = ORIENTED_EDGE('',*,*,#3146,.F.);
#6437 = ORIENTED_EDGE('',*,*,#6314,.T.);
#6438 = ORIENTED_EDGE('',*,*,#6439,.T.);
#6439 = EDGE_CURVE('',#6315,#6415,#6440,.T.);
#6440 = SURFACE_CURVE('',#6441,(#6445,#6451),.PCURVE_S1.);
#6441 = LINE('',#6442,#6443);
#6442 = CARTESIAN_POINT('',(29.,43.3,6.295));
#6443 = VECTOR('',#6444,1.);
#6444 = DIRECTION('',(0.,0.,-1.));
#6445 = PCURVE('',#3161,#6446);
#6446 = DEFINITIONAL_REPRESENTATION('',(#6447),#6450);
#6447 = B_SPLINE_CURVE_WITH_KNOTS('',1,(#6448,#6449),.UNSPECIFIED.,.F.,
  .F.,(2,2),(-1.5E-02,5.000000000001E-03),.PIECEWISE_BEZIER_KNOTS.);
#6448 = CARTESIAN_POINT('',(2.E-02,-0.2));
#6449 = CARTESIAN_POINT('',(0.,-0.2));
#6450 = ( GEOMETRIC_REPRESENTATION_CONTEXT(2) 
PARAMETRIC_REPRESENTATION_CONTEXT() REPRESENTATION_CONTEXT('2D SPACE',''
  ) );
#6451 = PCURVE('',#4924,#6452);
#6452 = DEFINITIONAL_REPRESENTATION('',(#6453),#6456);
#6453 = B_SPLINE_CURVE_WITH_KNOTS('',1,(#6454,#6455),.UNSPECIFIED.,.F.,
  .F.,(2,2),(-1.5E-02,5.000000000001E-03),.PIECEWISE_BEZIER_KNOTS.);
#6454 = CARTESIAN_POINT('',(2.5,1.E-02));
#6455 = CARTESIAN_POINT('',(2.5,-1.E-02));
#6456 = ( GEOMETRIC_REPRESENTATION_CONTEXT(2) 
PARAMETRIC_REPRESENTATION_CONTEXT() REPRESENTATION_CONTEXT('2D SPACE',''
  ) );
#6457 = ADVANCED_FACE('',(#6458),#3102,.F.);
#6458 = FACE_BOUND('',#6459,.F.);
#6459 = EDGE_LOOP('',(#6460,#6461,#6462,#6485));
#6460 = ORIENTED_EDGE('',*,*,#6366,.F.);
#6461 = ORIENTED_EDGE('',*,*,#3087,.F.);
#6462 = ORIENTED_EDGE('',*,*,#6463,.T.);
#6463 = EDGE_CURVE('',#3088,#6464,#6466,.T.);
#6464 = VERTEX_POINT('',#6465);
#6465 = CARTESIAN_POINT('',(29.,42.51,5.5));
#6466 = SURFACE_CURVE('',#6467,(#6471,#6478),.PCURVE_S1.);
#6467 = LINE('',#6468,#6469);
#6468 = CARTESIAN_POINT('',(27.9,42.51,5.5));
#6469 = VECTOR('',#6470,1.);
#6470 = DIRECTION('',(1.,0.,0.));
#6471 = PCURVE('',#3102,#6472);
#6472 = DEFINITIONAL_REPRESENTATION('',(#6473),#6477);
#6473 = LINE('',#6474,#6475);
#6474 = CARTESIAN_POINT('',(3.42,-1.3));
#6475 = VECTOR('',#6476,1.);
#6476 = DIRECTION('',(0.,1.));
#6477 = ( GEOMETRIC_REPRESENTATION_CONTEXT(2) 
PARAMETRIC_REPRESENTATION_CONTEXT() REPRESENTATION_CONTEXT('2D SPACE',''
  ) );
#6478 = PCURVE('',#3134,#6479);
#6479 = DEFINITIONAL_REPRESENTATION('',(#6480),#6484);
#6480 = LINE('',#6481,#6482);
#6481 = CARTESIAN_POINT('',(4.712388980385,-1.3));
#6482 = VECTOR('',#6483,1.);
#6483 = DIRECTION('',(-0.,1.));
#6484 = ( GEOMETRIC_REPRESENTATION_CONTEXT(2) 
PARAMETRIC_REPRESENTATION_CONTEXT() REPRESENTATION_CONTEXT('2D SPACE',''
  ) );
#6485 = ORIENTED_EDGE('',*,*,#6486,.T.);
#6486 = EDGE_CURVE('',#6464,#6367,#6487,.T.);
#6487 = SURFACE_CURVE('',#6488,(#6492,#6498),.PCURVE_S1.);
#6488 = LINE('',#6489,#6490);
#6489 = CARTESIAN_POINT('',(29.,39.945,5.5));
#6490 = VECTOR('',#6491,1.);
#6491 = DIRECTION('',(0.,-1.,0.));
#6492 = PCURVE('',#3102,#6493);
#6493 = DEFINITIONAL_REPRESENTATION('',(#6494),#6497);
#6494 = B_SPLINE_CURVE_WITH_KNOTS('',1,(#6495,#6496),.UNSPECIFIED.,.F.,
  .F.,(2,2),(-2.565,0.855),.PIECEWISE_BEZIER_KNOTS.);
#6495 = CARTESIAN_POINT('',(3.42,-0.2));
#6496 = CARTESIAN_POINT('',(0.,-0.2));
#6497 = ( GEOMETRIC_REPRESENTATION_CONTEXT(2) 
PARAMETRIC_REPRESENTATION_CONTEXT() REPRESENTATION_CONTEXT('2D SPACE',''
  ) );
#6498 = PCURVE('',#4924,#6499);
#6499 = DEFINITIONAL_REPRESENTATION('',(#6500),#6503);
#6500 = B_SPLINE_CURVE_WITH_KNOTS('',1,(#6501,#6502),.UNSPECIFIED.,.F.,
  .F.,(2,2),(-2.565,0.855),.PIECEWISE_BEZIER_KNOTS.);
#6501 = CARTESIAN_POINT('',(1.71,-0.8));
#6502 = CARTESIAN_POINT('',(-1.71,-0.8));
#6503 = ( GEOMETRIC_REPRESENTATION_CONTEXT(2) 
PARAMETRIC_REPRESENTATION_CONTEXT() REPRESENTATION_CONTEXT('2D SPACE',''
  ) );
#6504 = ADVANCED_FACE('',(#6505),#3134,.F.);
#6505 = FACE_BOUND('',#6506,.F.);
#6506 = EDGE_LOOP('',(#6507,#6508,#6509,#6510));
#6507 = ORIENTED_EDGE('',*,*,#6463,.F.);
#6508 = ORIENTED_EDGE('',*,*,#3113,.T.);
#6509 = ORIENTED_EDGE('',*,*,#6414,.T.);
#6510 = ORIENTED_EDGE('',*,*,#6511,.F.);
#6511 = EDGE_CURVE('',#6464,#6415,#6512,.T.);
#6512 = SURFACE_CURVE('',#6513,(#6518,#6525),.PCURVE_S1.);
#6513 = CIRCLE('',#6514,0.79);
#6514 = AXIS2_PLACEMENT_3D('',#6515,#6516,#6517);
#6515 = CARTESIAN_POINT('',(29.,42.51,6.29));
#6516 = DIRECTION('',(1.,0.,0.));
#6517 = DIRECTION('',(-0.,1.,0.));
#6518 = PCURVE('',#3134,#6519);
#6519 = DEFINITIONAL_REPRESENTATION('',(#6520),#6524);
#6520 = LINE('',#6521,#6522);
#6521 = CARTESIAN_POINT('',(0.,-0.2));
#6522 = VECTOR('',#6523,1.);
#6523 = DIRECTION('',(1.,0.));
#6524 = ( GEOMETRIC_REPRESENTATION_CONTEXT(2) 
PARAMETRIC_REPRESENTATION_CONTEXT() REPRESENTATION_CONTEXT('2D SPACE',''
  ) );
#6525 = PCURVE('',#4924,#6526);
#6526 = DEFINITIONAL_REPRESENTATION('',(#6527),#6531);
#6527 = CIRCLE('',#6528,0.79);
#6528 = AXIS2_PLACEMENT_2D('',#6529,#6530);
#6529 = CARTESIAN_POINT('',(1.71,-1.E-02));
#6530 = DIRECTION('',(1.,0.));
#6531 = ( GEOMETRIC_REPRESENTATION_CONTEXT(2) 
PARAMETRIC_REPRESENTATION_CONTEXT() REPRESENTATION_CONTEXT('2D SPACE',''
  ) );
#6532 = ADVANCED_FACE('',(#6533),#3365,.F.);
#6533 = FACE_BOUND('',#6534,.F.);
#6534 = EDGE_LOOP('',(#6535,#6536,#6537,#6538));
#6535 = ORIENTED_EDGE('',*,*,#3496,.F.);
#6536 = ORIENTED_EDGE('',*,*,#3350,.T.);
#6537 = ORIENTED_EDGE('',*,*,#3398,.T.);
#6538 = ORIENTED_EDGE('',*,*,#3471,.F.);
#6539 = ADVANCED_FACE('',(#6540),#3790,.F.);
#6540 = FACE_BOUND('',#6541,.F.);
#6541 = EDGE_LOOP('',(#6542,#6543,#6544,#6545));
#6542 = ORIENTED_EDGE('',*,*,#4186,.F.);
#6543 = ORIENTED_EDGE('',*,*,#3775,.F.);
#6544 = ORIENTED_EDGE('',*,*,#3858,.T.);
#6545 = ORIENTED_EDGE('',*,*,#6546,.F.);
#6546 = EDGE_CURVE('',#4187,#3859,#6547,.T.);
#6547 = SURFACE_CURVE('',#6548,(#6552,#6559),.PCURVE_S1.);
#6548 = LINE('',#6549,#6550);
#6549 = CARTESIAN_POINT('',(2.4,-50.4,8.93));
#6550 = VECTOR('',#6551,1.);
#6551 = DIRECTION('',(1.,0.,0.));
#6552 = PCURVE('',#3790,#6553);
#6553 = DEFINITIONAL_REPRESENTATION('',(#6554),#6558);
#6554 = LINE('',#6555,#6556);
#6555 = CARTESIAN_POINT('',(3.41,0.3));
#6556 = VECTOR('',#6557,1.);
#6557 = DIRECTION('',(1.,0.));
#6558 = ( GEOMETRIC_REPRESENTATION_CONTEXT(2) 
PARAMETRIC_REPRESENTATION_CONTEXT() REPRESENTATION_CONTEXT('2D SPACE',''
  ) );
#6559 = PCURVE('',#3921,#6560);
#6560 = DEFINITIONAL_REPRESENTATION('',(#6561),#6565);
#6561 = LINE('',#6562,#6563);
#6562 = CARTESIAN_POINT('',(-6.301062729427E-16,-2.8));
#6563 = VECTOR('',#6564,1.);
#6564 = DIRECTION('',(1.,0.));
#6565 = ( GEOMETRIC_REPRESENTATION_CONTEXT(2) 
PARAMETRIC_REPRESENTATION_CONTEXT() REPRESENTATION_CONTEXT('2D SPACE',''
  ) );
#6566 = ADVANCED_FACE('',(#6567,#6577),#3921,.F.);
#6567 = FACE_BOUND('',#6568,.F.);
#6568 = EDGE_LOOP('',(#6569,#6570,#6571,#6572,#6573,#6574,#6575,#6576));
#6569 = ORIENTED_EDGE('',*,*,#4159,.F.);
#6570 = ORIENTED_EDGE('',*,*,#4209,.T.);
#6571 = ORIENTED_EDGE('',*,*,#6546,.T.);
#6572 = ORIENTED_EDGE('',*,*,#3906,.T.);
#6573 = ORIENTED_EDGE('',*,*,#3961,.T.);
#6574 = ORIENTED_EDGE('',*,*,#4010,.T.);
#6575 = ORIENTED_EDGE('',*,*,#4037,.F.);
#6576 = ORIENTED_EDGE('',*,*,#4108,.T.);
#6577 = FACE_BOUND('',#6578,.F.);
#6578 = EDGE_LOOP('',(#6579,#6580,#6581,#6582,#6583,#6584,#6585,#6586));
#6579 = ORIENTED_EDGE('',*,*,#5733,.F.);
#6580 = ORIENTED_EDGE('',*,*,#6074,.F.);
#6581 = ORIENTED_EDGE('',*,*,#6025,.F.);
#6582 = ORIENTED_EDGE('',*,*,#6000,.F.);
#6583 = ORIENTED_EDGE('',*,*,#5927,.F.);
#6584 = ORIENTED_EDGE('',*,*,#5880,.T.);
#6585 = ORIENTED_EDGE('',*,*,#5830,.F.);
#6586 = ORIENTED_EDGE('',*,*,#5783,.T.);
#6587 = ADVANCED_FACE('',(#6588,#6614),#4358,.F.);
#6588 = FACE_BOUND('',#6589,.F.);
#6589 = EDGE_LOOP('',(#6590));
#6590 = ORIENTED_EDGE('',*,*,#6591,.T.);
#6591 = EDGE_CURVE('',#6592,#6592,#6594,.T.);
#6592 = VERTEX_POINT('',#6593);
#6593 = CARTESIAN_POINT('',(-2.688,46.68,6.));
#6594 = SURFACE_CURVE('',#6595,(#6600,#6607),.PCURVE_S1.);
#6595 = CIRCLE('',#6596,1.2);
#6596 = AXIS2_PLACEMENT_3D('',#6597,#6598,#6599);
#6597 = CARTESIAN_POINT('',(-3.888,46.68,6.));
#6598 = DIRECTION('',(0.,0.,1.));
#6599 = DIRECTION('',(1.,0.,-0.));
#6600 = PCURVE('',#4358,#6601);
#6601 = DEFINITIONAL_REPRESENTATION('',(#6602),#6606);
#6602 = CIRCLE('',#6603,1.2);
#6603 = AXIS2_PLACEMENT_2D('',#6604,#6605);
#6604 = CARTESIAN_POINT('',(0.,0.));
#6605 = DIRECTION('',(1.,0.));
#6606 = ( GEOMETRIC_REPRESENTATION_CONTEXT(2) 
PARAMETRIC_REPRESENTATION_CONTEXT() REPRESENTATION_CONTEXT('2D SPACE',''
  ) );
#6607 = PCURVE('',#5496,#6608);
#6608 = DEFINITIONAL_REPRESENTATION('',(#6609),#6613);
#6609 = LINE('',#6610,#6611);
#6610 = CARTESIAN_POINT('',(0.,0.));
#6611 = VECTOR('',#6612,1.);
#6612 = DIRECTION('',(1.,0.));
#6613 = ( GEOMETRIC_REPRESENTATION_CONTEXT(2) 
PARAMETRIC_REPRESENTATION_CONTEXT() REPRESENTATION_CONTEXT('2D SPACE',''
  ) );
#6614 = FACE_BOUND('',#6615,.F.);
#6615 = EDGE_LOOP('',(#6616));
#6616 = ORIENTED_EDGE('',*,*,#4343,.F.);
#6617 = ADVANCED_FACE('',(#6618,#6644),#4413,.F.);
#6618 = FACE_BOUND('',#6619,.F.);
#6619 = EDGE_LOOP('',(#6620));
#6620 = ORIENTED_EDGE('',*,*,#6621,.T.);
#6621 = EDGE_CURVE('',#6622,#6622,#6624,.T.);
#6622 = VERTEX_POINT('',#6623);
#6623 = CARTESIAN_POINT('',(15.313,46.68,6.));
#6624 = SURFACE_CURVE('',#6625,(#6630,#6637),.PCURVE_S1.);
#6625 = CIRCLE('',#6626,1.2);
#6626 = AXIS2_PLACEMENT_3D('',#6627,#6628,#6629);
#6627 = CARTESIAN_POINT('',(14.113,46.68,6.));
#6628 = DIRECTION('',(0.,0.,1.));
#6629 = DIRECTION('',(1.,0.,-0.));
#6630 = PCURVE('',#4413,#6631);
#6631 = DEFINITIONAL_REPRESENTATION('',(#6632),#6636);
#6632 = CIRCLE('',#6633,1.2);
#6633 = AXIS2_PLACEMENT_2D('',#6634,#6635);
#6634 = CARTESIAN_POINT('',(0.,0.));
#6635 = DIRECTION('',(1.,0.));
#6636 = ( GEOMETRIC_REPRESENTATION_CONTEXT(2) 
PARAMETRIC_REPRESENTATION_CONTEXT() REPRESENTATION_CONTEXT('2D SPACE',''
  ) );
#6637 = PCURVE('',#5589,#6638);
#6638 = DEFINITIONAL_REPRESENTATION('',(#6639),#6643);
#6639 = LINE('',#6640,#6641);
#6640 = CARTESIAN_POINT('',(0.,0.));
#6641 = VECTOR('',#6642,1.);
#6642 = DIRECTION('',(1.,0.));
#6643 = ( GEOMETRIC_REPRESENTATION_CONTEXT(2) 
PARAMETRIC_REPRESENTATION_CONTEXT() REPRESENTATION_CONTEXT('2D SPACE',''
  ) );
#6644 = FACE_BOUND('',#6645,.F.);
#6645 = EDGE_LOOP('',(#6646));
#6646 = ORIENTED_EDGE('',*,*,#4398,.F.);
#6647 = ADVANCED_FACE('',(#6648,#6658,#6689,#6720,#6751),#4469,.T.);
#6648 = FACE_BOUND('',#6649,.T.);
#6649 = EDGE_LOOP('',(#6650,#6651,#6652,#6653,#6654,#6655,#6656,#6657));
#6650 = ORIENTED_EDGE('',*,*,#4804,.F.);
#6651 = ORIENTED_EDGE('',*,*,#4452,.T.);
#6652 = ORIENTED_EDGE('',*,*,#4507,.T.);
#6653 = ORIENTED_EDGE('',*,*,#4556,.T.);
#6654 = ORIENTED_EDGE('',*,*,#4606,.T.);
#6655 = ORIENTED_EDGE('',*,*,#4655,.T.);
#6656 = ORIENTED_EDGE('',*,*,#4727,.F.);
#6657 = ORIENTED_EDGE('',*,*,#4754,.T.);
#6658 = FACE_BOUND('',#6659,.T.);
#6659 = EDGE_LOOP('',(#6660));
#6660 = ORIENTED_EDGE('',*,*,#6661,.F.);
#6661 = EDGE_CURVE('',#6662,#6662,#6664,.T.);
#6662 = VERTEX_POINT('',#6663);
#6663 = CARTESIAN_POINT('',(19.505,47.255,8.8));
#6664 = SURFACE_CURVE('',#6665,(#6670,#6677),.PCURVE_S1.);
#6665 = CIRCLE('',#6666,0.5);
#6666 = AXIS2_PLACEMENT_3D('',#6667,#6668,#6669);
#6667 = CARTESIAN_POINT('',(19.005,47.255,8.8));
#6668 = DIRECTION('',(0.,0.,1.));
#6669 = DIRECTION('',(1.,0.,-0.));
#6670 = PCURVE('',#4469,#6671);
#6671 = DEFINITIONAL_REPRESENTATION('',(#6672),#6676);
#6672 = CIRCLE('',#6673,0.5);
#6673 = AXIS2_PLACEMENT_2D('',#6674,#6675);
#6674 = CARTESIAN_POINT('',(-2.9975,0.));
#6675 = DIRECTION('',(1.,0.));
#6676 = ( GEOMETRIC_REPRESENTATION_CONTEXT(2) 
PARAMETRIC_REPRESENTATION_CONTEXT() REPRESENTATION_CONTEXT('2D SPACE',''
  ) );
#6677 = PCURVE('',#6678,#6683);
#6678 = CYLINDRICAL_SURFACE('',#6679,0.5);
#6679 = AXIS2_PLACEMENT_3D('',#6680,#6681,#6682);
#6680 = CARTESIAN_POINT('',(19.005,47.255,6.54));
#6681 = DIRECTION('',(0.,0.,1.));
#6682 = DIRECTION('',(1.,0.,-0.));
#6683 = DEFINITIONAL_REPRESENTATION('',(#6684),#6688);
#6684 = LINE('',#6685,#6686);
#6685 = CARTESIAN_POINT('',(0.,2.26));
#6686 = VECTOR('',#6687,1.);
#6687 = DIRECTION('',(1.,0.));
#6688 = ( GEOMETRIC_REPRESENTATION_CONTEXT(2) 
PARAMETRIC_REPRESENTATION_CONTEXT() REPRESENTATION_CONTEXT('2D SPACE',''
  ) );
#6689 = FACE_BOUND('',#6690,.T.);
#6690 = EDGE_LOOP('',(#6691));
#6691 = ORIENTED_EDGE('',*,*,#6692,.F.);
#6692 = EDGE_CURVE('',#6693,#6693,#6695,.T.);
#6693 = VERTEX_POINT('',#6694);
#6694 = CARTESIAN_POINT('',(21.2,47.205,8.8));
#6695 = SURFACE_CURVE('',#6696,(#6701,#6708),.PCURVE_S1.);
#6696 = CIRCLE('',#6697,0.5);
#6697 = AXIS2_PLACEMENT_3D('',#6698,#6699,#6700);
#6698 = CARTESIAN_POINT('',(20.7,47.205,8.8));
#6699 = DIRECTION('',(0.,0.,1.));
#6700 = DIRECTION('',(1.,0.,-0.));
#6701 = PCURVE('',#4469,#6702);
#6702 = DEFINITIONAL_REPRESENTATION('',(#6703),#6707);
#6703 = CIRCLE('',#6704,0.5);
#6704 = AXIS2_PLACEMENT_2D('',#6705,#6706);
#6705 = CARTESIAN_POINT('',(-1.3025,-5.E-02));
#6706 = DIRECTION('',(1.,0.));
#6707 = ( GEOMETRIC_REPRESENTATION_CONTEXT(2) 
PARAMETRIC_REPRESENTATION_CONTEXT() REPRESENTATION_CONTEXT('2D SPACE',''
  ) );
#6708 = PCURVE('',#6709,#6714);
#6709 = CYLINDRICAL_SURFACE('',#6710,0.5);
#6710 = AXIS2_PLACEMENT_3D('',#6711,#6712,#6713);
#6711 = CARTESIAN_POINT('',(20.7,47.205,6.54));
#6712 = DIRECTION('',(0.,0.,1.));
#6713 = DIRECTION('',(1.,0.,-0.));
#6714 = DEFINITIONAL_REPRESENTATION('',(#6715),#6719);
#6715 = LINE('',#6716,#6717);
#6716 = CARTESIAN_POINT('',(0.,2.26));
#6717 = VECTOR('',#6718,1.);
#6718 = DIRECTION('',(1.,0.));
#6719 = ( GEOMETRIC_REPRESENTATION_CONTEXT(2) 
PARAMETRIC_REPRESENTATION_CONTEXT() REPRESENTATION_CONTEXT('2D SPACE',''
  ) );
#6720 = FACE_BOUND('',#6721,.T.);
#6721 = EDGE_LOOP('',(#6722));
#6722 = ORIENTED_EDGE('',*,*,#6723,.F.);
#6723 = EDGE_CURVE('',#6724,#6724,#6726,.T.);
#6724 = VERTEX_POINT('',#6725);
#6725 = CARTESIAN_POINT('',(22.9,47.205,8.8));
#6726 = SURFACE_CURVE('',#6727,(#6732,#6739),.PCURVE_S1.);
#6727 = CIRCLE('',#6728,0.5);
#6728 = AXIS2_PLACEMENT_3D('',#6729,#6730,#6731);
#6729 = CARTESIAN_POINT('',(22.4,47.205,8.8));
#6730 = DIRECTION('',(0.,0.,1.));
#6731 = DIRECTION('',(1.,0.,-0.));
#6732 = PCURVE('',#4469,#6733);
#6733 = DEFINITIONAL_REPRESENTATION('',(#6734),#6738);
#6734 = CIRCLE('',#6735,0.5);
#6735 = AXIS2_PLACEMENT_2D('',#6736,#6737);
#6736 = CARTESIAN_POINT('',(0.3975,-5.E-02));
#6737 = DIRECTION('',(1.,0.));
#6738 = ( GEOMETRIC_REPRESENTATION_CONTEXT(2) 
PARAMETRIC_REPRESENTATION_CONTEXT() REPRESENTATION_CONTEXT('2D SPACE',''
  ) );
#6739 = PCURVE('',#6740,#6745);
#6740 = CYLINDRICAL_SURFACE('',#6741,0.5);
#6741 = AXIS2_PLACEMENT_3D('',#6742,#6743,#6744);
#6742 = CARTESIAN_POINT('',(22.4,47.205,6.54));
#6743 = DIRECTION('',(0.,0.,1.));
#6744 = DIRECTION('',(1.,0.,-0.));
#6745 = DEFINITIONAL_REPRESENTATION('',(#6746),#6750);
#6746 = LINE('',#6747,#6748);
#6747 = CARTESIAN_POINT('',(0.,2.26));
#6748 = VECTOR('',#6749,1.);
#6749 = DIRECTION('',(1.,0.));
#6750 = ( GEOMETRIC_REPRESENTATION_CONTEXT(2) 
PARAMETRIC_REPRESENTATION_CONTEXT() REPRESENTATION_CONTEXT('2D SPACE',''
  ) );
#6751 = FACE_BOUND('',#6752,.T.);
#6752 = EDGE_LOOP('',(#6753));
#6753 = ORIENTED_EDGE('',*,*,#6754,.F.);
#6754 = EDGE_CURVE('',#6755,#6755,#6757,.T.);
#6755 = VERTEX_POINT('',#6756);
#6756 = CARTESIAN_POINT('',(25.7,47.2,8.8));
#6757 = SURFACE_CURVE('',#6758,(#6763,#6770),.PCURVE_S1.);
#6758 = CIRCLE('',#6759,0.7);
#6759 = AXIS2_PLACEMENT_3D('',#6760,#6761,#6762);
#6760 = CARTESIAN_POINT('',(25.,47.2,8.8));
#6761 = DIRECTION('',(0.,0.,1.));
#6762 = DIRECTION('',(1.,0.,-0.));
#6763 = PCURVE('',#4469,#6764);
#6764 = DEFINITIONAL_REPRESENTATION('',(#6765),#6769);
#6765 = CIRCLE('',#6766,0.7);
#6766 = AXIS2_PLACEMENT_2D('',#6767,#6768);
#6767 = CARTESIAN_POINT('',(2.9975,-5.5E-02));
#6768 = DIRECTION('',(1.,0.));
#6769 = ( GEOMETRIC_REPRESENTATION_CONTEXT(2) 
PARAMETRIC_REPRESENTATION_CONTEXT() REPRESENTATION_CONTEXT('2D SPACE',''
  ) );
#6770 = PCURVE('',#6771,#6776);
#6771 = CYLINDRICAL_SURFACE('',#6772,0.7);
#6772 = AXIS2_PLACEMENT_3D('',#6773,#6774,#6775);
#6773 = CARTESIAN_POINT('',(25.,47.2,6.54));
#6774 = DIRECTION('',(0.,0.,1.));
#6775 = DIRECTION('',(1.,0.,-0.));
#6776 = DEFINITIONAL_REPRESENTATION('',(#6777),#6781);
#6777 = LINE('',#6778,#6779);
#6778 = CARTESIAN_POINT('',(0.,2.26));
#6779 = VECTOR('',#6780,1.);
#6780 = DIRECTION('',(1.,0.));
#6781 = ( GEOMETRIC_REPRESENTATION_CONTEXT(2) 
PARAMETRIC_REPRESENTATION_CONTEXT() REPRESENTATION_CONTEXT('2D SPACE',''
  ) );
#6782 = ADVANCED_FACE('',(#6783,#6786),#4870,.F.);
#6783 = FACE_BOUND('',#6784,.F.);
#6784 = EDGE_LOOP('',(#6785));
#6785 = ORIENTED_EDGE('',*,*,#6121,.T.);
#6786 = FACE_BOUND('',#6787,.F.);
#6787 = EDGE_LOOP('',(#6788));
#6788 = ORIENTED_EDGE('',*,*,#4855,.F.);
#6789 = ADVANCED_FACE('',(#6790,#6800),#4924,.T.);
#6790 = FACE_BOUND('',#6791,.T.);
#6791 = EDGE_LOOP('',(#6792,#6793,#6794,#6795,#6796,#6797,#6798,#6799));
#6792 = ORIENTED_EDGE('',*,*,#4908,.F.);
#6793 = ORIENTED_EDGE('',*,*,#4984,.F.);
#6794 = ORIENTED_EDGE('',*,*,#5070,.T.);
#6795 = ORIENTED_EDGE('',*,*,#5190,.F.);
#6796 = ORIENTED_EDGE('',*,*,#5276,.T.);
#6797 = ORIENTED_EDGE('',*,*,#5221,.F.);
#6798 = ORIENTED_EDGE('',*,*,#5118,.F.);
#6799 = ORIENTED_EDGE('',*,*,#5015,.F.);
#6800 = FACE_BOUND('',#6801,.T.);
#6801 = EDGE_LOOP('',(#6802,#6803,#6804,#6805,#6806,#6807,#6808,#6809));
#6802 = ORIENTED_EDGE('',*,*,#6148,.F.);
#6803 = ORIENTED_EDGE('',*,*,#6220,.F.);
#6804 = ORIENTED_EDGE('',*,*,#6339,.F.);
#6805 = ORIENTED_EDGE('',*,*,#6439,.T.);
#6806 = ORIENTED_EDGE('',*,*,#6511,.F.);
#6807 = ORIENTED_EDGE('',*,*,#6486,.T.);
#6808 = ORIENTED_EDGE('',*,*,#6389,.F.);
#6809 = ORIENTED_EDGE('',*,*,#6292,.F.);
#6810 = ADVANCED_FACE('',(#6811),#5341,.T.);
#6811 = FACE_BOUND('',#6812,.T.);
#6812 = EDGE_LOOP('',(#6813,#6814,#6837,#6864));
#6813 = ORIENTED_EDGE('',*,*,#5324,.F.);
#6814 = ORIENTED_EDGE('',*,*,#6815,.F.);
#6815 = EDGE_CURVE('',#6816,#5325,#6818,.T.);
#6816 = VERTEX_POINT('',#6817);
#6817 = CARTESIAN_POINT('',(-23.4,-46.6,1.2));
#6818 = SEAM_CURVE('',#6819,(#6823,#6830),.PCURVE_S1.);
#6819 = LINE('',#6820,#6821);
#6820 = CARTESIAN_POINT('',(-23.4,-46.6,1.2));
#6821 = VECTOR('',#6822,1.);
#6822 = DIRECTION('',(0.,0.,1.));
#6823 = PCURVE('',#5341,#6824);
#6824 = DEFINITIONAL_REPRESENTATION('',(#6825),#6829);
#6825 = LINE('',#6826,#6827);
#6826 = CARTESIAN_POINT('',(6.28318530718,-0.));
#6827 = VECTOR('',#6828,1.);
#6828 = DIRECTION('',(0.,1.));
#6829 = ( GEOMETRIC_REPRESENTATION_CONTEXT(2) 
PARAMETRIC_REPRESENTATION_CONTEXT() REPRESENTATION_CONTEXT('2D SPACE',''
  ) );
#6830 = PCURVE('',#5341,#6831);
#6831 = DEFINITIONAL_REPRESENTATION('',(#6832),#6836);
#6832 = LINE('',#6833,#6834);
#6833 = CARTESIAN_POINT('',(0.,-0.));
#6834 = VECTOR('',#6835,1.);
#6835 = DIRECTION('',(0.,1.));
#6836 = ( GEOMETRIC_REPRESENTATION_CONTEXT(2) 
PARAMETRIC_REPRESENTATION_CONTEXT() REPRESENTATION_CONTEXT('2D SPACE',''
  ) );
#6837 = ORIENTED_EDGE('',*,*,#6838,.T.);
#6838 = EDGE_CURVE('',#6816,#6816,#6839,.T.);
#6839 = SURFACE_CURVE('',#6840,(#6845,#6852),.PCURVE_S1.);
#6840 = CIRCLE('',#6841,1.6);
#6841 = AXIS2_PLACEMENT_3D('',#6842,#6843,#6844);
#6842 = CARTESIAN_POINT('',(-25.,-46.6,1.2));
#6843 = DIRECTION('',(0.,0.,1.));
#6844 = DIRECTION('',(1.,0.,-0.));
#6845 = PCURVE('',#5341,#6846);
#6846 = DEFINITIONAL_REPRESENTATION('',(#6847),#6851);
#6847 = LINE('',#6848,#6849);
#6848 = CARTESIAN_POINT('',(0.,0.));
#6849 = VECTOR('',#6850,1.);
#6850 = DIRECTION('',(1.,0.));
#6851 = ( GEOMETRIC_REPRESENTATION_CONTEXT(2) 
PARAMETRIC_REPRESENTATION_CONTEXT() REPRESENTATION_CONTEXT('2D SPACE',''
  ) );
#6852 = PCURVE('',#6853,#6858);
#6853 = PLANE('',#6854);
#6854 = AXIS2_PLACEMENT_3D('',#6855,#6856,#6857);
#6855 = CARTESIAN_POINT('',(-25.,-46.6,1.2));
#6856 = DIRECTION('',(0.,0.,1.));
#6857 = DIRECTION('',(1.,0.,-0.));
#6858 = DEFINITIONAL_REPRESENTATION('',(#6859),#6863);
#6859 = CIRCLE('',#6860,1.6);
#6860 = AXIS2_PLACEMENT_2D('',#6861,#6862);
#6861 = CARTESIAN_POINT('',(0.,0.));
#6862 = DIRECTION('',(1.,0.));
#6863 = ( GEOMETRIC_REPRESENTATION_CONTEXT(2) 
PARAMETRIC_REPRESENTATION_CONTEXT() REPRESENTATION_CONTEXT('2D SPACE',''
  ) );
#6864 = ORIENTED_EDGE('',*,*,#6815,.T.);
#6865 = ADVANCED_FACE('',(#6866),#5372,.T.);
#6866 = FACE_BOUND('',#6867,.T.);
#6867 = EDGE_LOOP('',(#6868,#6869,#6892,#6919));
#6868 = ORIENTED_EDGE('',*,*,#5355,.F.);
#6869 = ORIENTED_EDGE('',*,*,#6870,.F.);
#6870 = EDGE_CURVE('',#6871,#5356,#6873,.T.);
#6871 = VERTEX_POINT('',#6872);
#6872 = CARTESIAN_POINT('',(-5.7,-39.273,4.5));
#6873 = SEAM_CURVE('',#6874,(#6878,#6885),.PCURVE_S1.);
#6874 = LINE('',#6875,#6876);
#6875 = CARTESIAN_POINT('',(-5.7,-39.273,4.5));
#6876 = VECTOR('',#6877,1.);
#6877 = DIRECTION('',(0.,0.,1.));
#6878 = PCURVE('',#5372,#6879);
#6879 = DEFINITIONAL_REPRESENTATION('',(#6880),#6884);
#6880 = LINE('',#6881,#6882);
#6881 = CARTESIAN_POINT('',(6.28318530718,-0.));
#6882 = VECTOR('',#6883,1.);
#6883 = DIRECTION('',(0.,1.));
#6884 = ( GEOMETRIC_REPRESENTATION_CONTEXT(2) 
PARAMETRIC_REPRESENTATION_CONTEXT() REPRESENTATION_CONTEXT('2D SPACE',''
  ) );
#6885 = PCURVE('',#5372,#6886);
#6886 = DEFINITIONAL_REPRESENTATION('',(#6887),#6891);
#6887 = LINE('',#6888,#6889);
#6888 = CARTESIAN_POINT('',(0.,-0.));
#6889 = VECTOR('',#6890,1.);
#6890 = DIRECTION('',(0.,1.));
#6891 = ( GEOMETRIC_REPRESENTATION_CONTEXT(2) 
PARAMETRIC_REPRESENTATION_CONTEXT() REPRESENTATION_CONTEXT('2D SPACE',''
  ) );
#6892 = ORIENTED_EDGE('',*,*,#6893,.T.);
#6893 = EDGE_CURVE('',#6871,#6871,#6894,.T.);
#6894 = SURFACE_CURVE('',#6895,(#6900,#6907),.PCURVE_S1.);
#6895 = CIRCLE('',#6896,1.7);
#6896 = AXIS2_PLACEMENT_3D('',#6897,#6898,#6899);
#6897 = CARTESIAN_POINT('',(-7.4,-39.273,4.5));
#6898 = DIRECTION('',(0.,0.,1.));
#6899 = DIRECTION('',(1.,0.,-0.));
#6900 = PCURVE('',#5372,#6901);
#6901 = DEFINITIONAL_REPRESENTATION('',(#6902),#6906);
#6902 = LINE('',#6903,#6904);
#6903 = CARTESIAN_POINT('',(0.,0.));
#6904 = VECTOR('',#6905,1.);
#6905 = DIRECTION('',(1.,0.));
#6906 = ( GEOMETRIC_REPRESENTATION_CONTEXT(2) 
PARAMETRIC_REPRESENTATION_CONTEXT() REPRESENTATION_CONTEXT('2D SPACE',''
  ) );
#6907 = PCURVE('',#6908,#6913);
#6908 = PLANE('',#6909);
#6909 = AXIS2_PLACEMENT_3D('',#6910,#6911,#6912);
#6910 = CARTESIAN_POINT('',(-7.4,-39.273,4.5));
#6911 = DIRECTION('',(0.,0.,1.));
#6912 = DIRECTION('',(1.,0.,-0.));
#6913 = DEFINITIONAL_REPRESENTATION('',(#6914),#6918);
#6914 = CIRCLE('',#6915,1.7);
#6915 = AXIS2_PLACEMENT_2D('',#6916,#6917);
#6916 = CARTESIAN_POINT('',(0.,0.));
#6917 = DIRECTION('',(1.,0.));
#6918 = ( GEOMETRIC_REPRESENTATION_CONTEXT(2) 
PARAMETRIC_REPRESENTATION_CONTEXT() REPRESENTATION_CONTEXT('2D SPACE',''
  ) );
#6919 = ORIENTED_EDGE('',*,*,#6870,.T.);
#6920 = ADVANCED_FACE('',(#6921),#5403,.T.);
#6921 = FACE_BOUND('',#6922,.T.);
#6922 = EDGE_LOOP('',(#6923,#6924,#6947,#6974));
#6923 = ORIENTED_EDGE('',*,*,#5386,.F.);
#6924 = ORIENTED_EDGE('',*,*,#6925,.F.);
#6925 = EDGE_CURVE('',#6926,#5387,#6928,.T.);
#6926 = VERTEX_POINT('',#6927);
#6927 = CARTESIAN_POINT('',(13.9,-39.273,4.5));
#6928 = SEAM_CURVE('',#6929,(#6933,#6940),.PCURVE_S1.);
#6929 = LINE('',#6930,#6931);
#6930 = CARTESIAN_POINT('',(13.9,-39.273,4.5));
#6931 = VECTOR('',#6932,1.);
#6932 = DIRECTION('',(0.,0.,1.));
#6933 = PCURVE('',#5403,#6934);
#6934 = DEFINITIONAL_REPRESENTATION('',(#6935),#6939);
#6935 = LINE('',#6936,#6937);
#6936 = CARTESIAN_POINT('',(6.28318530718,-0.));
#6937 = VECTOR('',#6938,1.);
#6938 = DIRECTION('',(0.,1.));
#6939 = ( GEOMETRIC_REPRESENTATION_CONTEXT(2) 
PARAMETRIC_REPRESENTATION_CONTEXT() REPRESENTATION_CONTEXT('2D SPACE',''
  ) );
#6940 = PCURVE('',#5403,#6941);
#6941 = DEFINITIONAL_REPRESENTATION('',(#6942),#6946);
#6942 = LINE('',#6943,#6944);
#6943 = CARTESIAN_POINT('',(0.,-0.));
#6944 = VECTOR('',#6945,1.);
#6945 = DIRECTION('',(0.,1.));
#6946 = ( GEOMETRIC_REPRESENTATION_CONTEXT(2) 
PARAMETRIC_REPRESENTATION_CONTEXT() REPRESENTATION_CONTEXT('2D SPACE',''
  ) );
#6947 = ORIENTED_EDGE('',*,*,#6948,.T.);
#6948 = EDGE_CURVE('',#6926,#6926,#6949,.T.);
#6949 = SURFACE_CURVE('',#6950,(#6955,#6962),.PCURVE_S1.);
#6950 = CIRCLE('',#6951,1.7);
#6951 = AXIS2_PLACEMENT_3D('',#6952,#6953,#6954);
#6952 = CARTESIAN_POINT('',(12.2,-39.273,4.5));
#6953 = DIRECTION('',(0.,0.,1.));
#6954 = DIRECTION('',(1.,0.,-0.));
#6955 = PCURVE('',#5403,#6956);
#6956 = DEFINITIONAL_REPRESENTATION('',(#6957),#6961);
#6957 = LINE('',#6958,#6959);
#6958 = CARTESIAN_POINT('',(0.,0.));
#6959 = VECTOR('',#6960,1.);
#6960 = DIRECTION('',(1.,0.));
#6961 = ( GEOMETRIC_REPRESENTATION_CONTEXT(2) 
PARAMETRIC_REPRESENTATION_CONTEXT() REPRESENTATION_CONTEXT('2D SPACE',''
  ) );
#6962 = PCURVE('',#6963,#6968);
#6963 = PLANE('',#6964);
#6964 = AXIS2_PLACEMENT_3D('',#6965,#6966,#6967);
#6965 = CARTESIAN_POINT('',(12.2,-39.273,4.5));
#6966 = DIRECTION('',(0.,0.,1.));
#6967 = DIRECTION('',(1.,0.,-0.));
#6968 = DEFINITIONAL_REPRESENTATION('',(#6969),#6973);
#6969 = CIRCLE('',#6970,1.7);
#6970 = AXIS2_PLACEMENT_2D('',#6971,#6972);
#6971 = CARTESIAN_POINT('',(0.,0.));
#6972 = DIRECTION('',(1.,0.));
#6973 = ( GEOMETRIC_REPRESENTATION_CONTEXT(2) 
PARAMETRIC_REPRESENTATION_CONTEXT() REPRESENTATION_CONTEXT('2D SPACE',''
  ) );
#6974 = ORIENTED_EDGE('',*,*,#6925,.T.);
#6975 = ADVANCED_FACE('',(#6976),#5434,.T.);
#6976 = FACE_BOUND('',#6977,.T.);
#6977 = EDGE_LOOP('',(#6978,#6979,#7002,#7029));
#6978 = ORIENTED_EDGE('',*,*,#5417,.F.);
#6979 = ORIENTED_EDGE('',*,*,#6980,.F.);
#6980 = EDGE_CURVE('',#6981,#5418,#6983,.T.);
#6981 = VERTEX_POINT('',#6982);
#6982 = CARTESIAN_POINT('',(26.6,-46.6,1.2));
#6983 = SEAM_CURVE('',#6984,(#6988,#6995),.PCURVE_S1.);
#6984 = LINE('',#6985,#6986);
#6985 = CARTESIAN_POINT('',(26.6,-46.6,1.2));
#6986 = VECTOR('',#6987,1.);
#6987 = DIRECTION('',(0.,0.,1.));
#6988 = PCURVE('',#5434,#6989);
#6989 = DEFINITIONAL_REPRESENTATION('',(#6990),#6994);
#6990 = LINE('',#6991,#6992);
#6991 = CARTESIAN_POINT('',(6.28318530718,-0.));
#6992 = VECTOR('',#6993,1.);
#6993 = DIRECTION('',(0.,1.));
#6994 = ( GEOMETRIC_REPRESENTATION_CONTEXT(2) 
PARAMETRIC_REPRESENTATION_CONTEXT() REPRESENTATION_CONTEXT('2D SPACE',''
  ) );
#6995 = PCURVE('',#5434,#6996);
#6996 = DEFINITIONAL_REPRESENTATION('',(#6997),#7001);
#6997 = LINE('',#6998,#6999);
#6998 = CARTESIAN_POINT('',(0.,-0.));
#6999 = VECTOR('',#7000,1.);
#7000 = DIRECTION('',(0.,1.));
#7001 = ( GEOMETRIC_REPRESENTATION_CONTEXT(2) 
PARAMETRIC_REPRESENTATION_CONTEXT() REPRESENTATION_CONTEXT('2D SPACE',''
  ) );
#7002 = ORIENTED_EDGE('',*,*,#7003,.T.);
#7003 = EDGE_CURVE('',#6981,#6981,#7004,.T.);
#7004 = SURFACE_CURVE('',#7005,(#7010,#7017),.PCURVE_S1.);
#7005 = CIRCLE('',#7006,1.6);
#7006 = AXIS2_PLACEMENT_3D('',#7007,#7008,#7009);
#7007 = CARTESIAN_POINT('',(25.,-46.6,1.2));
#7008 = DIRECTION('',(0.,0.,1.));
#7009 = DIRECTION('',(1.,0.,-0.));
#7010 = PCURVE('',#5434,#7011);
#7011 = DEFINITIONAL_REPRESENTATION('',(#7012),#7016);
#7012 = LINE('',#7013,#7014);
#7013 = CARTESIAN_POINT('',(0.,0.));
#7014 = VECTOR('',#7015,1.);
#7015 = DIRECTION('',(1.,0.));
#7016 = ( GEOMETRIC_REPRESENTATION_CONTEXT(2) 
PARAMETRIC_REPRESENTATION_CONTEXT() REPRESENTATION_CONTEXT('2D SPACE',''
  ) );
#7017 = PCURVE('',#7018,#7023);
#7018 = PLANE('',#7019);
#7019 = AXIS2_PLACEMENT_3D('',#7020,#7021,#7022);
#7020 = CARTESIAN_POINT('',(25.,-46.6,1.2));
#7021 = DIRECTION('',(0.,0.,1.));
#7022 = DIRECTION('',(1.,0.,-0.));
#7023 = DEFINITIONAL_REPRESENTATION('',(#7024),#7028);
#7024 = CIRCLE('',#7025,1.6);
#7025 = AXIS2_PLACEMENT_2D('',#7026,#7027);
#7026 = CARTESIAN_POINT('',(0.,0.));
#7027 = DIRECTION('',(1.,0.));
#7028 = ( GEOMETRIC_REPRESENTATION_CONTEXT(2) 
PARAMETRIC_REPRESENTATION_CONTEXT() REPRESENTATION_CONTEXT('2D SPACE',''
  ) );
#7029 = ORIENTED_EDGE('',*,*,#6980,.T.);
#7030 = ADVANCED_FACE('',(#7031),#5465,.T.);
#7031 = FACE_BOUND('',#7032,.T.);
#7032 = EDGE_LOOP('',(#7033,#7034,#7057,#7084));
#7033 = ORIENTED_EDGE('',*,*,#5448,.F.);
#7034 = ORIENTED_EDGE('',*,*,#7035,.F.);
#7035 = EDGE_CURVE('',#7036,#5449,#7038,.T.);
#7036 = VERTEX_POINT('',#7037);
#7037 = CARTESIAN_POINT('',(-18.5,25.2,5.6));
#7038 = SEAM_CURVE('',#7039,(#7043,#7050),.PCURVE_S1.);
#7039 = LINE('',#7040,#7041);
#7040 = CARTESIAN_POINT('',(-18.5,25.2,5.6));
#7041 = VECTOR('',#7042,1.);
#7042 = DIRECTION('',(0.,0.,1.));
#7043 = PCURVE('',#5465,#7044);
#7044 = DEFINITIONAL_REPRESENTATION('',(#7045),#7049);
#7045 = LINE('',#7046,#7047);
#7046 = CARTESIAN_POINT('',(6.28318530718,-0.));
#7047 = VECTOR('',#7048,1.);
#7048 = DIRECTION('',(0.,1.));
#7049 = ( GEOMETRIC_REPRESENTATION_CONTEXT(2) 
PARAMETRIC_REPRESENTATION_CONTEXT() REPRESENTATION_CONTEXT('2D SPACE',''
  ) );
#7050 = PCURVE('',#5465,#7051);
#7051 = DEFINITIONAL_REPRESENTATION('',(#7052),#7056);
#7052 = LINE('',#7053,#7054);
#7053 = CARTESIAN_POINT('',(0.,-0.));
#7054 = VECTOR('',#7055,1.);
#7055 = DIRECTION('',(0.,1.));
#7056 = ( GEOMETRIC_REPRESENTATION_CONTEXT(2) 
PARAMETRIC_REPRESENTATION_CONTEXT() REPRESENTATION_CONTEXT('2D SPACE',''
  ) );
#7057 = ORIENTED_EDGE('',*,*,#7058,.T.);
#7058 = EDGE_CURVE('',#7036,#7036,#7059,.T.);
#7059 = SURFACE_CURVE('',#7060,(#7065,#7072),.PCURVE_S1.);
#7060 = CIRCLE('',#7061,1.7);
#7061 = AXIS2_PLACEMENT_3D('',#7062,#7063,#7064);
#7062 = CARTESIAN_POINT('',(-20.2,25.2,5.6));
#7063 = DIRECTION('',(0.,0.,1.));
#7064 = DIRECTION('',(1.,0.,-0.));
#7065 = PCURVE('',#5465,#7066);
#7066 = DEFINITIONAL_REPRESENTATION('',(#7067),#7071);
#7067 = LINE('',#7068,#7069);
#7068 = CARTESIAN_POINT('',(0.,0.));
#7069 = VECTOR('',#7070,1.);
#7070 = DIRECTION('',(1.,0.));
#7071 = ( GEOMETRIC_REPRESENTATION_CONTEXT(2) 
PARAMETRIC_REPRESENTATION_CONTEXT() REPRESENTATION_CONTEXT('2D SPACE',''
  ) );
#7072 = PCURVE('',#7073,#7078);
#7073 = PLANE('',#7074);
#7074 = AXIS2_PLACEMENT_3D('',#7075,#7076,#7077);
#7075 = CARTESIAN_POINT('',(-20.2,25.2,5.6));
#7076 = DIRECTION('',(0.,0.,1.));
#7077 = DIRECTION('',(1.,0.,-0.));
#7078 = DEFINITIONAL_REPRESENTATION('',(#7079),#7083);
#7079 = CIRCLE('',#7080,1.7);
#7080 = AXIS2_PLACEMENT_2D('',#7081,#7082);
#7081 = CARTESIAN_POINT('',(0.,0.));
#7082 = DIRECTION('',(1.,0.));
#7083 = ( GEOMETRIC_REPRESENTATION_CONTEXT(2) 
PARAMETRIC_REPRESENTATION_CONTEXT() REPRESENTATION_CONTEXT('2D SPACE',''
  ) );
#7084 = ORIENTED_EDGE('',*,*,#7035,.T.);
#7085 = ADVANCED_FACE('',(#7086),#5496,.T.);
#7086 = FACE_BOUND('',#7087,.T.);
#7087 = EDGE_LOOP('',(#7088,#7089,#7110,#7111));
#7088 = ORIENTED_EDGE('',*,*,#5479,.F.);
#7089 = ORIENTED_EDGE('',*,*,#7090,.F.);
#7090 = EDGE_CURVE('',#6592,#5480,#7091,.T.);
#7091 = SEAM_CURVE('',#7092,(#7096,#7103),.PCURVE_S1.);
#7092 = LINE('',#7093,#7094);
#7093 = CARTESIAN_POINT('',(-2.688,46.68,6.));
#7094 = VECTOR('',#7095,1.);
#7095 = DIRECTION('',(0.,0.,1.));
#7096 = PCURVE('',#5496,#7097);
#7097 = DEFINITIONAL_REPRESENTATION('',(#7098),#7102);
#7098 = LINE('',#7099,#7100);
#7099 = CARTESIAN_POINT('',(6.28318530718,-0.));
#7100 = VECTOR('',#7101,1.);
#7101 = DIRECTION('',(0.,1.));
#7102 = ( GEOMETRIC_REPRESENTATION_CONTEXT(2) 
PARAMETRIC_REPRESENTATION_CONTEXT() REPRESENTATION_CONTEXT('2D SPACE',''
  ) );
#7103 = PCURVE('',#5496,#7104);
#7104 = DEFINITIONAL_REPRESENTATION('',(#7105),#7109);
#7105 = LINE('',#7106,#7107);
#7106 = CARTESIAN_POINT('',(0.,-0.));
#7107 = VECTOR('',#7108,1.);
#7108 = DIRECTION('',(0.,1.));
#7109 = ( GEOMETRIC_REPRESENTATION_CONTEXT(2) 
PARAMETRIC_REPRESENTATION_CONTEXT() REPRESENTATION_CONTEXT('2D SPACE',''
  ) );
#7110 = ORIENTED_EDGE('',*,*,#6591,.T.);
#7111 = ORIENTED_EDGE('',*,*,#7090,.T.);
#7112 = ADVANCED_FACE('',(#7113),#5527,.T.);
#7113 = FACE_BOUND('',#7114,.T.);
#7114 = EDGE_LOOP('',(#7115,#7116,#7139,#7166));
#7115 = ORIENTED_EDGE('',*,*,#5510,.F.);
#7116 = ORIENTED_EDGE('',*,*,#7117,.F.);
#7117 = EDGE_CURVE('',#7118,#5511,#7120,.T.);
#7118 = VERTEX_POINT('',#7119);
#7119 = CARTESIAN_POINT('',(10.1,46.4,5.6));
#7120 = SEAM_CURVE('',#7121,(#7125,#7132),.PCURVE_S1.);
#7121 = LINE('',#7122,#7123);
#7122 = CARTESIAN_POINT('',(10.1,46.4,5.6));
#7123 = VECTOR('',#7124,1.);
#7124 = DIRECTION('',(0.,0.,1.));
#7125 = PCURVE('',#5527,#7126);
#7126 = DEFINITIONAL_REPRESENTATION('',(#7127),#7131);
#7127 = LINE('',#7128,#7129);
#7128 = CARTESIAN_POINT('',(6.28318530718,-0.));
#7129 = VECTOR('',#7130,1.);
#7130 = DIRECTION('',(0.,1.));
#7131 = ( GEOMETRIC_REPRESENTATION_CONTEXT(2) 
PARAMETRIC_REPRESENTATION_CONTEXT() REPRESENTATION_CONTEXT('2D SPACE',''
  ) );
#7132 = PCURVE('',#5527,#7133);
#7133 = DEFINITIONAL_REPRESENTATION('',(#7134),#7138);
#7134 = LINE('',#7135,#7136);
#7135 = CARTESIAN_POINT('',(0.,-0.));
#7136 = VECTOR('',#7137,1.);
#7137 = DIRECTION('',(0.,1.));
#7138 = ( GEOMETRIC_REPRESENTATION_CONTEXT(2) 
PARAMETRIC_REPRESENTATION_CONTEXT() REPRESENTATION_CONTEXT('2D SPACE',''
  ) );
#7139 = ORIENTED_EDGE('',*,*,#7140,.T.);
#7140 = EDGE_CURVE('',#7118,#7118,#7141,.T.);
#7141 = SURFACE_CURVE('',#7142,(#7147,#7154),.PCURVE_S1.);
#7142 = CIRCLE('',#7143,1.7);
#7143 = AXIS2_PLACEMENT_3D('',#7144,#7145,#7146);
#7144 = CARTESIAN_POINT('',(8.4,46.4,5.6));
#7145 = DIRECTION('',(0.,0.,1.));
#7146 = DIRECTION('',(1.,0.,-0.));
#7147 = PCURVE('',#5527,#7148);
#7148 = DEFINITIONAL_REPRESENTATION('',(#7149),#7153);
#7149 = LINE('',#7150,#7151);
#7150 = CARTESIAN_POINT('',(0.,0.));
#7151 = VECTOR('',#7152,1.);
#7152 = DIRECTION('',(1.,0.));
#7153 = ( GEOMETRIC_REPRESENTATION_CONTEXT(2) 
PARAMETRIC_REPRESENTATION_CONTEXT() REPRESENTATION_CONTEXT('2D SPACE',''
  ) );
#7154 = PCURVE('',#7155,#7160);
#7155 = PLANE('',#7156);
#7156 = AXIS2_PLACEMENT_3D('',#7157,#7158,#7159);
#7157 = CARTESIAN_POINT('',(8.4,46.4,5.6));
#7158 = DIRECTION('',(0.,0.,1.));
#7159 = DIRECTION('',(1.,0.,-0.));
#7160 = DEFINITIONAL_REPRESENTATION('',(#7161),#7165);
#7161 = CIRCLE('',#7162,1.7);
#7162 = AXIS2_PLACEMENT_2D('',#7163,#7164);
#7163 = CARTESIAN_POINT('',(0.,0.));
#7164 = DIRECTION('',(1.,0.));
#7165 = ( GEOMETRIC_REPRESENTATION_CONTEXT(2) 
PARAMETRIC_REPRESENTATION_CONTEXT() REPRESENTATION_CONTEXT('2D SPACE',''
  ) );
#7166 = ORIENTED_EDGE('',*,*,#7117,.T.);
#7167 = ADVANCED_FACE('',(#7168),#5558,.T.);
#7168 = FACE_BOUND('',#7169,.T.);
#7169 = EDGE_LOOP('',(#7170,#7171,#7194,#7221));
#7170 = ORIENTED_EDGE('',*,*,#5541,.F.);
#7171 = ORIENTED_EDGE('',*,*,#7172,.F.);
#7172 = EDGE_CURVE('',#7173,#5542,#7175,.T.);
#7173 = VERTEX_POINT('',#7174);
#7174 = CARTESIAN_POINT('',(26.7,25.2,5.6));
#7175 = SEAM_CURVE('',#7176,(#7180,#7187),.PCURVE_S1.);
#7176 = LINE('',#7177,#7178);
#7177 = CARTESIAN_POINT('',(26.7,25.2,5.6));
#7178 = VECTOR('',#7179,1.);
#7179 = DIRECTION('',(0.,0.,1.));
#7180 = PCURVE('',#5558,#7181);
#7181 = DEFINITIONAL_REPRESENTATION('',(#7182),#7186);
#7182 = LINE('',#7183,#7184);
#7183 = CARTESIAN_POINT('',(6.28318530718,-0.));
#7184 = VECTOR('',#7185,1.);
#7185 = DIRECTION('',(0.,1.));
#7186 = ( GEOMETRIC_REPRESENTATION_CONTEXT(2) 
PARAMETRIC_REPRESENTATION_CONTEXT() REPRESENTATION_CONTEXT('2D SPACE',''
  ) );
#7187 = PCURVE('',#5558,#7188);
#7188 = DEFINITIONAL_REPRESENTATION('',(#7189),#7193);
#7189 = LINE('',#7190,#7191);
#7190 = CARTESIAN_POINT('',(0.,-0.));
#7191 = VECTOR('',#7192,1.);
#7192 = DIRECTION('',(0.,1.));
#7193 = ( GEOMETRIC_REPRESENTATION_CONTEXT(2) 
PARAMETRIC_REPRESENTATION_CONTEXT() REPRESENTATION_CONTEXT('2D SPACE',''
  ) );
#7194 = ORIENTED_EDGE('',*,*,#7195,.T.);
#7195 = EDGE_CURVE('',#7173,#7173,#7196,.T.);
#7196 = SURFACE_CURVE('',#7197,(#7202,#7209),.PCURVE_S1.);
#7197 = CIRCLE('',#7198,1.7);
#7198 = AXIS2_PLACEMENT_3D('',#7199,#7200,#7201);
#7199 = CARTESIAN_POINT('',(25.,25.2,5.6));
#7200 = DIRECTION('',(0.,0.,1.));
#7201 = DIRECTION('',(1.,0.,-0.));
#7202 = PCURVE('',#5558,#7203);
#7203 = DEFINITIONAL_REPRESENTATION('',(#7204),#7208);
#7204 = LINE('',#7205,#7206);
#7205 = CARTESIAN_POINT('',(0.,0.));
#7206 = VECTOR('',#7207,1.);
#7207 = DIRECTION('',(1.,0.));
#7208 = ( GEOMETRIC_REPRESENTATION_CONTEXT(2) 
PARAMETRIC_REPRESENTATION_CONTEXT() REPRESENTATION_CONTEXT('2D SPACE',''
  ) );
#7209 = PCURVE('',#7210,#7215);
#7210 = PLANE('',#7211);
#7211 = AXIS2_PLACEMENT_3D('',#7212,#7213,#7214);
#7212 = CARTESIAN_POINT('',(25.,25.2,5.6));
#7213 = DIRECTION('',(0.,0.,1.));
#7214 = DIRECTION('',(1.,0.,-0.));
#7215 = DEFINITIONAL_REPRESENTATION('',(#7216),#7220);
#7216 = CIRCLE('',#7217,1.7);
#7217 = AXIS2_PLACEMENT_2D('',#7218,#7219);
#7218 = CARTESIAN_POINT('',(0.,0.));
#7219 = DIRECTION('',(1.,0.));
#7220 = ( GEOMETRIC_REPRESENTATION_CONTEXT(2) 
PARAMETRIC_REPRESENTATION_CONTEXT() REPRESENTATION_CONTEXT('2D SPACE',''
  ) );
#7221 = ORIENTED_EDGE('',*,*,#7172,.T.);
#7222 = ADVANCED_FACE('',(#7223),#5589,.T.);
#7223 = FACE_BOUND('',#7224,.T.);
#7224 = EDGE_LOOP('',(#7225,#7226,#7247,#7248));
#7225 = ORIENTED_EDGE('',*,*,#5572,.F.);
#7226 = ORIENTED_EDGE('',*,*,#7227,.F.);
#7227 = EDGE_CURVE('',#6622,#5573,#7228,.T.);
#7228 = SEAM_CURVE('',#7229,(#7233,#7240),.PCURVE_S1.);
#7229 = LINE('',#7230,#7231);
#7230 = CARTESIAN_POINT('',(15.313,46.68,6.));
#7231 = VECTOR('',#7232,1.);
#7232 = DIRECTION('',(0.,0.,1.));
#7233 = PCURVE('',#5589,#7234);
#7234 = DEFINITIONAL_REPRESENTATION('',(#7235),#7239);
#7235 = LINE('',#7236,#7237);
#7236 = CARTESIAN_POINT('',(6.28318530718,-0.));
#7237 = VECTOR('',#7238,1.);
#7238 = DIRECTION('',(0.,1.));
#7239 = ( GEOMETRIC_REPRESENTATION_CONTEXT(2) 
PARAMETRIC_REPRESENTATION_CONTEXT() REPRESENTATION_CONTEXT('2D SPACE',''
  ) );
#7240 = PCURVE('',#5589,#7241);
#7241 = DEFINITIONAL_REPRESENTATION('',(#7242),#7246);
#7242 = LINE('',#7243,#7244);
#7243 = CARTESIAN_POINT('',(0.,-0.));
#7244 = VECTOR('',#7245,1.);
#7245 = DIRECTION('',(0.,1.));
#7246 = ( GEOMETRIC_REPRESENTATION_CONTEXT(2) 
PARAMETRIC_REPRESENTATION_CONTEXT() REPRESENTATION_CONTEXT('2D SPACE',''
  ) );
#7247 = ORIENTED_EDGE('',*,*,#6621,.T.);
#7248 = ORIENTED_EDGE('',*,*,#7227,.T.);
#7249 = ADVANCED_FACE('',(#7250),#5620,.F.);
#7250 = FACE_BOUND('',#7251,.F.);
#7251 = EDGE_LOOP('',(#7252,#7275,#7303,#7324));
#7252 = ORIENTED_EDGE('',*,*,#7253,.F.);
#7253 = EDGE_CURVE('',#7254,#5604,#7256,.T.);
#7254 = VERTEX_POINT('',#7255);
#7255 = CARTESIAN_POINT('',(26.2,45.7,6.55));
#7256 = SURFACE_CURVE('',#7257,(#7261,#7268),.PCURVE_S1.);
#7257 = LINE('',#7258,#7259);
#7258 = CARTESIAN_POINT('',(26.2,45.7,6.55));
#7259 = VECTOR('',#7260,1.);
#7260 = DIRECTION('',(0.,0.,1.));
#7261 = PCURVE('',#5620,#7262);
#7262 = DEFINITIONAL_REPRESENTATION('',(#7263),#7267);
#7263 = LINE('',#7264,#7265);
#7264 = CARTESIAN_POINT('',(0.,8.3));
#7265 = VECTOR('',#7266,1.);
#7266 = DIRECTION('',(1.,0.));
#7267 = ( GEOMETRIC_REPRESENTATION_CONTEXT(2) 
PARAMETRIC_REPRESENTATION_CONTEXT() REPRESENTATION_CONTEXT('2D SPACE',''
  ) );
#7268 = PCURVE('',#5696,#7269);
#7269 = DEFINITIONAL_REPRESENTATION('',(#7270),#7274);
#7270 = LINE('',#7271,#7272);
#7271 = CARTESIAN_POINT('',(0.,0.));
#7272 = VECTOR('',#7273,1.);
#7273 = DIRECTION('',(1.,0.));
#7274 = ( GEOMETRIC_REPRESENTATION_CONTEXT(2) 
PARAMETRIC_REPRESENTATION_CONTEXT() REPRESENTATION_CONTEXT('2D SPACE',''
  ) );
#7275 = ORIENTED_EDGE('',*,*,#7276,.F.);
#7276 = EDGE_CURVE('',#7277,#7254,#7279,.T.);
#7277 = VERTEX_POINT('',#7278);
#7278 = CARTESIAN_POINT('',(17.9,45.7,6.55));
#7279 = SURFACE_CURVE('',#7280,(#7284,#7291),.PCURVE_S1.);
#7280 = LINE('',#7281,#7282);
#7281 = CARTESIAN_POINT('',(17.9,45.7,6.55));
#7282 = VECTOR('',#7283,1.);
#7283 = DIRECTION('',(1.,0.,-0.));
#7284 = PCURVE('',#5620,#7285);
#7285 = DEFINITIONAL_REPRESENTATION('',(#7286),#7290);
#7286 = LINE('',#7287,#7288);
#7287 = CARTESIAN_POINT('',(0.,0.));
#7288 = VECTOR('',#7289,1.);
#7289 = DIRECTION('',(0.,1.));
#7290 = ( GEOMETRIC_REPRESENTATION_CONTEXT(2) 
PARAMETRIC_REPRESENTATION_CONTEXT() REPRESENTATION_CONTEXT('2D SPACE',''
  ) );
#7291 = PCURVE('',#7292,#7297);
#7292 = PLANE('',#7293);
#7293 = AXIS2_PLACEMENT_3D('',#7294,#7295,#7296);
#7294 = CARTESIAN_POINT('',(17.9,45.7,6.55));
#7295 = DIRECTION('',(0.,0.,1.));
#7296 = DIRECTION('',(1.,0.,-0.));
#7297 = DEFINITIONAL_REPRESENTATION('',(#7298),#7302);
#7298 = LINE('',#7299,#7300);
#7299 = CARTESIAN_POINT('',(0.,0.));
#7300 = VECTOR('',#7301,1.);
#7301 = DIRECTION('',(1.,0.));
#7302 = ( GEOMETRIC_REPRESENTATION_CONTEXT(2) 
PARAMETRIC_REPRESENTATION_CONTEXT() REPRESENTATION_CONTEXT('2D SPACE',''
  ) );
#7303 = ORIENTED_EDGE('',*,*,#7304,.T.);
#7304 = EDGE_CURVE('',#7277,#5606,#7305,.T.);
#7305 = SURFACE_CURVE('',#7306,(#7310,#7317),.PCURVE_S1.);
#7306 = LINE('',#7307,#7308);
#7307 = CARTESIAN_POINT('',(17.9,45.7,6.55));
#7308 = VECTOR('',#7309,1.);
#7309 = DIRECTION('',(0.,0.,1.));
#7310 = PCURVE('',#5620,#7311);
#7311 = DEFINITIONAL_REPRESENTATION('',(#7312),#7316);
#7312 = LINE('',#7313,#7314);
#7313 = CARTESIAN_POINT('',(0.,0.));
#7314 = VECTOR('',#7315,1.);
#7315 = DIRECTION('',(1.,0.));
#7316 = ( GEOMETRIC_REPRESENTATION_CONTEXT(2) 
PARAMETRIC_REPRESENTATION_CONTEXT() REPRESENTATION_CONTEXT('2D SPACE',''
  ) );
#7317 = PCURVE('',#5646,#7318);
#7318 = DEFINITIONAL_REPRESENTATION('',(#7319),#7323);
#7319 = LINE('',#7320,#7321);
#7320 = CARTESIAN_POINT('',(0.,0.));
#7321 = VECTOR('',#7322,1.);
#7322 = DIRECTION('',(1.,0.));
#7323 = ( GEOMETRIC_REPRESENTATION_CONTEXT(2) 
PARAMETRIC_REPRESENTATION_CONTEXT() REPRESENTATION_CONTEXT('2D SPACE',''
  ) );
#7324 = ORIENTED_EDGE('',*,*,#5603,.F.);
#7325 = ADVANCED_FACE('',(#7326),#5696,.T.);
#7326 = FACE_BOUND('',#7327,.T.);
#7327 = EDGE_LOOP('',(#7328,#7329,#7352,#7373));
#7328 = ORIENTED_EDGE('',*,*,#7253,.F.);
#7329 = ORIENTED_EDGE('',*,*,#7330,.T.);
#7330 = EDGE_CURVE('',#7254,#7331,#7333,.T.);
#7331 = VERTEX_POINT('',#7332);
#7332 = CARTESIAN_POINT('',(26.2,48.6,6.55));
#7333 = SURFACE_CURVE('',#7334,(#7338,#7345),.PCURVE_S1.);
#7334 = LINE('',#7335,#7336);
#7335 = CARTESIAN_POINT('',(26.2,45.7,6.55));
#7336 = VECTOR('',#7337,1.);
#7337 = DIRECTION('',(-0.,1.,0.));
#7338 = PCURVE('',#5696,#7339);
#7339 = DEFINITIONAL_REPRESENTATION('',(#7340),#7344);
#7340 = LINE('',#7341,#7342);
#7341 = CARTESIAN_POINT('',(0.,0.));
#7342 = VECTOR('',#7343,1.);
#7343 = DIRECTION('',(0.,-1.));
#7344 = ( GEOMETRIC_REPRESENTATION_CONTEXT(2) 
PARAMETRIC_REPRESENTATION_CONTEXT() REPRESENTATION_CONTEXT('2D SPACE',''
  ) );
#7345 = PCURVE('',#7292,#7346);
#7346 = DEFINITIONAL_REPRESENTATION('',(#7347),#7351);
#7347 = LINE('',#7348,#7349);
#7348 = CARTESIAN_POINT('',(8.3,0.));
#7349 = VECTOR('',#7350,1.);
#7350 = DIRECTION('',(0.,1.));
#7351 = ( GEOMETRIC_REPRESENTATION_CONTEXT(2) 
PARAMETRIC_REPRESENTATION_CONTEXT() REPRESENTATION_CONTEXT('2D SPACE',''
  ) );
#7352 = ORIENTED_EDGE('',*,*,#7353,.T.);
#7353 = EDGE_CURVE('',#7331,#5658,#7354,.T.);
#7354 = SURFACE_CURVE('',#7355,(#7359,#7366),.PCURVE_S1.);
#7355 = LINE('',#7356,#7357);
#7356 = CARTESIAN_POINT('',(26.2,48.6,6.55));
#7357 = VECTOR('',#7358,1.);
#7358 = DIRECTION('',(0.,0.,1.));
#7359 = PCURVE('',#5696,#7360);
#7360 = DEFINITIONAL_REPRESENTATION('',(#7361),#7365);
#7361 = LINE('',#7362,#7363);
#7362 = CARTESIAN_POINT('',(0.,-2.9));
#7363 = VECTOR('',#7364,1.);
#7364 = DIRECTION('',(1.,0.));
#7365 = ( GEOMETRIC_REPRESENTATION_CONTEXT(2) 
PARAMETRIC_REPRESENTATION_CONTEXT() REPRESENTATION_CONTEXT('2D SPACE',''
  ) );
#7366 = PCURVE('',#5672,#7367);
#7367 = DEFINITIONAL_REPRESENTATION('',(#7368),#7372);
#7368 = LINE('',#7369,#7370);
#7369 = CARTESIAN_POINT('',(0.,8.3));
#7370 = VECTOR('',#7371,1.);
#7371 = DIRECTION('',(1.,0.));
#7372 = ( GEOMETRIC_REPRESENTATION_CONTEXT(2) 
PARAMETRIC_REPRESENTATION_CONTEXT() REPRESENTATION_CONTEXT('2D SPACE',''
  ) );
#7373 = ORIENTED_EDGE('',*,*,#5683,.F.);
#7374 = ADVANCED_FACE('',(#7375),#5672,.T.);
#7375 = FACE_BOUND('',#7376,.T.);
#7376 = EDGE_LOOP('',(#7377,#7378,#7401,#7422));
#7377 = ORIENTED_EDGE('',*,*,#7353,.F.);
#7378 = ORIENTED_EDGE('',*,*,#7379,.F.);
#7379 = EDGE_CURVE('',#7380,#7331,#7382,.T.);
#7380 = VERTEX_POINT('',#7381);
#7381 = CARTESIAN_POINT('',(17.9,48.6,6.55));
#7382 = SURFACE_CURVE('',#7383,(#7387,#7394),.PCURVE_S1.);
#7383 = LINE('',#7384,#7385);
#7384 = CARTESIAN_POINT('',(17.9,48.6,6.55));
#7385 = VECTOR('',#7386,1.);
#7386 = DIRECTION('',(1.,0.,-0.));
#7387 = PCURVE('',#5672,#7388);
#7388 = DEFINITIONAL_REPRESENTATION('',(#7389),#7393);
#7389 = LINE('',#7390,#7391);
#7390 = CARTESIAN_POINT('',(0.,0.));
#7391 = VECTOR('',#7392,1.);
#7392 = DIRECTION('',(0.,1.));
#7393 = ( GEOMETRIC_REPRESENTATION_CONTEXT(2) 
PARAMETRIC_REPRESENTATION_CONTEXT() REPRESENTATION_CONTEXT('2D SPACE',''
  ) );
#7394 = PCURVE('',#7292,#7395);
#7395 = DEFINITIONAL_REPRESENTATION('',(#7396),#7400);
#7396 = LINE('',#7397,#7398);
#7397 = CARTESIAN_POINT('',(0.,2.9));
#7398 = VECTOR('',#7399,1.);
#7399 = DIRECTION('',(1.,0.));
#7400 = ( GEOMETRIC_REPRESENTATION_CONTEXT(2) 
PARAMETRIC_REPRESENTATION_CONTEXT() REPRESENTATION_CONTEXT('2D SPACE',''
  ) );
#7401 = ORIENTED_EDGE('',*,*,#7402,.T.);
#7402 = EDGE_CURVE('',#7380,#5632,#7403,.T.);
#7403 = SURFACE_CURVE('',#7404,(#7408,#7415),.PCURVE_S1.);
#7404 = LINE('',#7405,#7406);
#7405 = CARTESIAN_POINT('',(17.9,48.6,6.55));
#7406 = VECTOR('',#7407,1.);
#7407 = DIRECTION('',(0.,0.,1.));
#7408 = PCURVE('',#5672,#7409);
#7409 = DEFINITIONAL_REPRESENTATION('',(#7410),#7414);
#7410 = LINE('',#7411,#7412);
#7411 = CARTESIAN_POINT('',(0.,0.));
#7412 = VECTOR('',#7413,1.);
#7413 = DIRECTION('',(1.,0.));
#7414 = ( GEOMETRIC_REPRESENTATION_CONTEXT(2) 
PARAMETRIC_REPRESENTATION_CONTEXT() REPRESENTATION_CONTEXT('2D SPACE',''
  ) );
#7415 = PCURVE('',#5646,#7416);
#7416 = DEFINITIONAL_REPRESENTATION('',(#7417),#7421);
#7417 = LINE('',#7418,#7419);
#7418 = CARTESIAN_POINT('',(0.,-2.9));
#7419 = VECTOR('',#7420,1.);
#7420 = DIRECTION('',(1.,0.));
#7421 = ( GEOMETRIC_REPRESENTATION_CONTEXT(2) 
PARAMETRIC_REPRESENTATION_CONTEXT() REPRESENTATION_CONTEXT('2D SPACE',''
  ) );
#7422 = ORIENTED_EDGE('',*,*,#5657,.F.);
#7423 = ADVANCED_FACE('',(#7424),#5646,.F.);
#7424 = FACE_BOUND('',#7425,.F.);
#7425 = EDGE_LOOP('',(#7426,#7427,#7448,#7449));
#7426 = ORIENTED_EDGE('',*,*,#7304,.F.);
#7427 = ORIENTED_EDGE('',*,*,#7428,.T.);
#7428 = EDGE_CURVE('',#7277,#7380,#7429,.T.);
#7429 = SURFACE_CURVE('',#7430,(#7434,#7441),.PCURVE_S1.);
#7430 = LINE('',#7431,#7432);
#7431 = CARTESIAN_POINT('',(17.9,45.7,6.55));
#7432 = VECTOR('',#7433,1.);
#7433 = DIRECTION('',(-0.,1.,0.));
#7434 = PCURVE('',#5646,#7435);
#7435 = DEFINITIONAL_REPRESENTATION('',(#7436),#7440);
#7436 = LINE('',#7437,#7438);
#7437 = CARTESIAN_POINT('',(0.,0.));
#7438 = VECTOR('',#7439,1.);
#7439 = DIRECTION('',(0.,-1.));
#7440 = ( GEOMETRIC_REPRESENTATION_CONTEXT(2) 
PARAMETRIC_REPRESENTATION_CONTEXT() REPRESENTATION_CONTEXT('2D SPACE',''
  ) );
#7441 = PCURVE('',#7292,#7442);
#7442 = DEFINITIONAL_REPRESENTATION('',(#7443),#7447);
#7443 = LINE('',#7444,#7445);
#7444 = CARTESIAN_POINT('',(0.,0.));
#7445 = VECTOR('',#7446,1.);
#7446 = DIRECTION('',(0.,1.));
#7447 = ( GEOMETRIC_REPRESENTATION_CONTEXT(2) 
PARAMETRIC_REPRESENTATION_CONTEXT() REPRESENTATION_CONTEXT('2D SPACE',''
  ) );
#7448 = ORIENTED_EDGE('',*,*,#7402,.T.);
#7449 = ORIENTED_EDGE('',*,*,#5631,.F.);
#7450 = ADVANCED_FACE('',(#7451),#6678,.F.);
#7451 = FACE_BOUND('',#7452,.F.);
#7452 = EDGE_LOOP('',(#7453,#7454,#7477,#7499));
#7453 = ORIENTED_EDGE('',*,*,#6661,.F.);
#7454 = ORIENTED_EDGE('',*,*,#7455,.F.);
#7455 = EDGE_CURVE('',#7456,#6662,#7458,.T.);
#7456 = VERTEX_POINT('',#7457);
#7457 = CARTESIAN_POINT('',(19.505,47.255,6.55));
#7458 = SEAM_CURVE('',#7459,(#7463,#7470),.PCURVE_S1.);
#7459 = LINE('',#7460,#7461);
#7460 = CARTESIAN_POINT('',(19.505,47.255,6.54));
#7461 = VECTOR('',#7462,1.);
#7462 = DIRECTION('',(0.,0.,1.));
#7463 = PCURVE('',#6678,#7464);
#7464 = DEFINITIONAL_REPRESENTATION('',(#7465),#7469);
#7465 = LINE('',#7466,#7467);
#7466 = CARTESIAN_POINT('',(6.28318530718,-0.));
#7467 = VECTOR('',#7468,1.);
#7468 = DIRECTION('',(0.,1.));
#7469 = ( GEOMETRIC_REPRESENTATION_CONTEXT(2) 
PARAMETRIC_REPRESENTATION_CONTEXT() REPRESENTATION_CONTEXT('2D SPACE',''
  ) );
#7470 = PCURVE('',#6678,#7471);
#7471 = DEFINITIONAL_REPRESENTATION('',(#7472),#7476);
#7472 = LINE('',#7473,#7474);
#7473 = CARTESIAN_POINT('',(0.,-0.));
#7474 = VECTOR('',#7475,1.);
#7475 = DIRECTION('',(0.,1.));
#7476 = ( GEOMETRIC_REPRESENTATION_CONTEXT(2) 
PARAMETRIC_REPRESENTATION_CONTEXT() REPRESENTATION_CONTEXT('2D SPACE',''
  ) );
#7477 = ORIENTED_EDGE('',*,*,#7478,.T.);
#7478 = EDGE_CURVE('',#7456,#7456,#7479,.T.);
#7479 = SURFACE_CURVE('',#7480,(#7485,#7492),.PCURVE_S1.);
#7480 = CIRCLE('',#7481,0.5);
#7481 = AXIS2_PLACEMENT_3D('',#7482,#7483,#7484);
#7482 = CARTESIAN_POINT('',(19.005,47.255,6.55));
#7483 = DIRECTION('',(0.,0.,1.));
#7484 = DIRECTION('',(1.,0.,-0.));
#7485 = PCURVE('',#6678,#7486);
#7486 = DEFINITIONAL_REPRESENTATION('',(#7487),#7491);
#7487 = LINE('',#7488,#7489);
#7488 = CARTESIAN_POINT('',(0.,1.E-02));
#7489 = VECTOR('',#7490,1.);
#7490 = DIRECTION('',(1.,0.));
#7491 = ( GEOMETRIC_REPRESENTATION_CONTEXT(2) 
PARAMETRIC_REPRESENTATION_CONTEXT() REPRESENTATION_CONTEXT('2D SPACE',''
  ) );
#7492 = PCURVE('',#7292,#7493);
#7493 = DEFINITIONAL_REPRESENTATION('',(#7494),#7498);
#7494 = CIRCLE('',#7495,0.5);
#7495 = AXIS2_PLACEMENT_2D('',#7496,#7497);
#7496 = CARTESIAN_POINT('',(1.105,1.555));
#7497 = DIRECTION('',(1.,0.));
#7498 = ( GEOMETRIC_REPRESENTATION_CONTEXT(2) 
PARAMETRIC_REPRESENTATION_CONTEXT() REPRESENTATION_CONTEXT('2D SPACE',''
  ) );
#7499 = ORIENTED_EDGE('',*,*,#7455,.T.);
#7500 = ADVANCED_FACE('',(#7501),#6709,.F.);
#7501 = FACE_BOUND('',#7502,.F.);
#7502 = EDGE_LOOP('',(#7503,#7504,#7527,#7549));
#7503 = ORIENTED_EDGE('',*,*,#6692,.F.);
#7504 = ORIENTED_EDGE('',*,*,#7505,.F.);
#7505 = EDGE_CURVE('',#7506,#6693,#7508,.T.);
#7506 = VERTEX_POINT('',#7507);
#7507 = CARTESIAN_POINT('',(21.2,47.205,6.55));
#7508 = SEAM_CURVE('',#7509,(#7513,#7520),.PCURVE_S1.);
#7509 = LINE('',#7510,#7511);
#7510 = CARTESIAN_POINT('',(21.2,47.205,6.54));
#7511 = VECTOR('',#7512,1.);
#7512 = DIRECTION('',(0.,0.,1.));
#7513 = PCURVE('',#6709,#7514);
#7514 = DEFINITIONAL_REPRESENTATION('',(#7515),#7519);
#7515 = LINE('',#7516,#7517);
#7516 = CARTESIAN_POINT('',(6.28318530718,-0.));
#7517 = VECTOR('',#7518,1.);
#7518 = DIRECTION('',(0.,1.));
#7519 = ( GEOMETRIC_REPRESENTATION_CONTEXT(2) 
PARAMETRIC_REPRESENTATION_CONTEXT() REPRESENTATION_CONTEXT('2D SPACE',''
  ) );
#7520 = PCURVE('',#6709,#7521);
#7521 = DEFINITIONAL_REPRESENTATION('',(#7522),#7526);
#7522 = LINE('',#7523,#7524);
#7523 = CARTESIAN_POINT('',(0.,-0.));
#7524 = VECTOR('',#7525,1.);
#7525 = DIRECTION('',(0.,1.));
#7526 = ( GEOMETRIC_REPRESENTATION_CONTEXT(2) 
PARAMETRIC_REPRESENTATION_CONTEXT() REPRESENTATION_CONTEXT('2D SPACE',''
  ) );
#7527 = ORIENTED_EDGE('',*,*,#7528,.T.);
#7528 = EDGE_CURVE('',#7506,#7506,#7529,.T.);
#7529 = SURFACE_CURVE('',#7530,(#7535,#7542),.PCURVE_S1.);
#7530 = CIRCLE('',#7531,0.5);
#7531 = AXIS2_PLACEMENT_3D('',#7532,#7533,#7534);
#7532 = CARTESIAN_POINT('',(20.7,47.205,6.55));
#7533 = DIRECTION('',(0.,0.,1.));
#7534 = DIRECTION('',(1.,0.,-0.));
#7535 = PCURVE('',#6709,#7536);
#7536 = DEFINITIONAL_REPRESENTATION('',(#7537),#7541);
#7537 = LINE('',#7538,#7539);
#7538 = CARTESIAN_POINT('',(0.,1.E-02));
#7539 = VECTOR('',#7540,1.);
#7540 = DIRECTION('',(1.,0.));
#7541 = ( GEOMETRIC_REPRESENTATION_CONTEXT(2) 
PARAMETRIC_REPRESENTATION_CONTEXT() REPRESENTATION_CONTEXT('2D SPACE',''
  ) );
#7542 = PCURVE('',#7292,#7543);
#7543 = DEFINITIONAL_REPRESENTATION('',(#7544),#7548);
#7544 = CIRCLE('',#7545,0.5);
#7545 = AXIS2_PLACEMENT_2D('',#7546,#7547);
#7546 = CARTESIAN_POINT('',(2.8,1.505));
#7547 = DIRECTION('',(1.,0.));
#7548 = ( GEOMETRIC_REPRESENTATION_CONTEXT(2) 
PARAMETRIC_REPRESENTATION_CONTEXT() REPRESENTATION_CONTEXT('2D SPACE',''
  ) );
#7549 = ORIENTED_EDGE('',*,*,#7505,.T.);
#7550 = ADVANCED_FACE('',(#7551),#6740,.F.);
#7551 = FACE_BOUND('',#7552,.F.);
#7552 = EDGE_LOOP('',(#7553,#7554,#7577,#7599));
#7553 = ORIENTED_EDGE('',*,*,#6723,.F.);
#7554 = ORIENTED_EDGE('',*,*,#7555,.F.);
#7555 = EDGE_CURVE('',#7556,#6724,#7558,.T.);
#7556 = VERTEX_POINT('',#7557);
#7557 = CARTESIAN_POINT('',(22.9,47.205,6.55));
#7558 = SEAM_CURVE('',#7559,(#7563,#7570),.PCURVE_S1.);
#7559 = LINE('',#7560,#7561);
#7560 = CARTESIAN_POINT('',(22.9,47.205,6.54));
#7561 = VECTOR('',#7562,1.);
#7562 = DIRECTION('',(0.,0.,1.));
#7563 = PCURVE('',#6740,#7564);
#7564 = DEFINITIONAL_REPRESENTATION('',(#7565),#7569);
#7565 = LINE('',#7566,#7567);
#7566 = CARTESIAN_POINT('',(6.28318530718,-0.));
#7567 = VECTOR('',#7568,1.);
#7568 = DIRECTION('',(0.,1.));
#7569 = ( GEOMETRIC_REPRESENTATION_CONTEXT(2) 
PARAMETRIC_REPRESENTATION_CONTEXT() REPRESENTATION_CONTEXT('2D SPACE',''
  ) );
#7570 = PCURVE('',#6740,#7571);
#7571 = DEFINITIONAL_REPRESENTATION('',(#7572),#7576);
#7572 = LINE('',#7573,#7574);
#7573 = CARTESIAN_POINT('',(0.,-0.));
#7574 = VECTOR('',#7575,1.);
#7575 = DIRECTION('',(0.,1.));
#7576 = ( GEOMETRIC_REPRESENTATION_CONTEXT(2) 
PARAMETRIC_REPRESENTATION_CONTEXT() REPRESENTATION_CONTEXT('2D SPACE',''
  ) );
#7577 = ORIENTED_EDGE('',*,*,#7578,.T.);
#7578 = EDGE_CURVE('',#7556,#7556,#7579,.T.);
#7579 = SURFACE_CURVE('',#7580,(#7585,#7592),.PCURVE_S1.);
#7580 = CIRCLE('',#7581,0.5);
#7581 = AXIS2_PLACEMENT_3D('',#7582,#7583,#7584);
#7582 = CARTESIAN_POINT('',(22.4,47.205,6.55));
#7583 = DIRECTION('',(0.,0.,1.));
#7584 = DIRECTION('',(1.,0.,-0.));
#7585 = PCURVE('',#6740,#7586);
#7586 = DEFINITIONAL_REPRESENTATION('',(#7587),#7591);
#7587 = LINE('',#7588,#7589);
#7588 = CARTESIAN_POINT('',(0.,1.E-02));
#7589 = VECTOR('',#7590,1.);
#7590 = DIRECTION('',(1.,0.));
#7591 = ( GEOMETRIC_REPRESENTATION_CONTEXT(2) 
PARAMETRIC_REPRESENTATION_CONTEXT() REPRESENTATION_CONTEXT('2D SPACE',''
  ) );
#7592 = PCURVE('',#7292,#7593);
#7593 = DEFINITIONAL_REPRESENTATION('',(#7594),#7598);
#7594 = CIRCLE('',#7595,0.5);
#7595 = AXIS2_PLACEMENT_2D('',#7596,#7597);
#7596 = CARTESIAN_POINT('',(4.5,1.505));
#7597 = DIRECTION('',(1.,0.));
#7598 = ( GEOMETRIC_REPRESENTATION_CONTEXT(2) 
PARAMETRIC_REPRESENTATION_CONTEXT() REPRESENTATION_CONTEXT('2D SPACE',''
  ) );
#7599 = ORIENTED_EDGE('',*,*,#7555,.T.);
#7600 = ADVANCED_FACE('',(#7601),#6771,.F.);
#7601 = FACE_BOUND('',#7602,.F.);
#7602 = EDGE_LOOP('',(#7603,#7604,#7627,#7649));
#7603 = ORIENTED_EDGE('',*,*,#6754,.F.);
#7604 = ORIENTED_EDGE('',*,*,#7605,.F.);
#7605 = EDGE_CURVE('',#7606,#6755,#7608,.T.);
#7606 = VERTEX_POINT('',#7607);
#7607 = CARTESIAN_POINT('',(25.7,47.2,6.55));
#7608 = SEAM_CURVE('',#7609,(#7613,#7620),.PCURVE_S1.);
#7609 = LINE('',#7610,#7611);
#7610 = CARTESIAN_POINT('',(25.7,47.2,6.54));
#7611 = VECTOR('',#7612,1.);
#7612 = DIRECTION('',(0.,0.,1.));
#7613 = PCURVE('',#6771,#7614);
#7614 = DEFINITIONAL_REPRESENTATION('',(#7615),#7619);
#7615 = LINE('',#7616,#7617);
#7616 = CARTESIAN_POINT('',(6.28318530718,-0.));
#7617 = VECTOR('',#7618,1.);
#7618 = DIRECTION('',(0.,1.));
#7619 = ( GEOMETRIC_REPRESENTATION_CONTEXT(2) 
PARAMETRIC_REPRESENTATION_CONTEXT() REPRESENTATION_CONTEXT('2D SPACE',''
  ) );
#7620 = PCURVE('',#6771,#7621);
#7621 = DEFINITIONAL_REPRESENTATION('',(#7622),#7626);
#7622 = LINE('',#7623,#7624);
#7623 = CARTESIAN_POINT('',(0.,-0.));
#7624 = VECTOR('',#7625,1.);
#7625 = DIRECTION('',(0.,1.));
#7626 = ( GEOMETRIC_REPRESENTATION_CONTEXT(2) 
PARAMETRIC_REPRESENTATION_CONTEXT() REPRESENTATION_CONTEXT('2D SPACE',''
  ) );
#7627 = ORIENTED_EDGE('',*,*,#7628,.T.);
#7628 = EDGE_CURVE('',#7606,#7606,#7629,.T.);
#7629 = SURFACE_CURVE('',#7630,(#7635,#7642),.PCURVE_S1.);
#7630 = CIRCLE('',#7631,0.7);
#7631 = AXIS2_PLACEMENT_3D('',#7632,#7633,#7634);
#7632 = CARTESIAN_POINT('',(25.,47.2,6.55));
#7633 = DIRECTION('',(0.,0.,1.));
#7634 = DIRECTION('',(1.,0.,-0.));
#7635 = PCURVE('',#6771,#7636);
#7636 = DEFINITIONAL_REPRESENTATION('',(#7637),#7641);
#7637 = LINE('',#7638,#7639);
#7638 = CARTESIAN_POINT('',(0.,1.E-02));
#7639 = VECTOR('',#7640,1.);
#7640 = DIRECTION('',(1.,0.));
#7641 = ( GEOMETRIC_REPRESENTATION_CONTEXT(2) 
PARAMETRIC_REPRESENTATION_CONTEXT() REPRESENTATION_CONTEXT('2D SPACE',''
  ) );
#7642 = PCURVE('',#7292,#7643);
#7643 = DEFINITIONAL_REPRESENTATION('',(#7644),#7648);
#7644 = CIRCLE('',#7645,0.7);
#7645 = AXIS2_PLACEMENT_2D('',#7646,#7647);
#7646 = CARTESIAN_POINT('',(7.1,1.5));
#7647 = DIRECTION('',(1.,0.));
#7648 = ( GEOMETRIC_REPRESENTATION_CONTEXT(2) 
PARAMETRIC_REPRESENTATION_CONTEXT() REPRESENTATION_CONTEXT('2D SPACE',''
  ) );
#7649 = ORIENTED_EDGE('',*,*,#7605,.T.);
#7650 = ADVANCED_FACE('',(#7651,#7654),#6853,.F.);
#7651 = FACE_BOUND('',#7652,.F.);
#7652 = EDGE_LOOP('',(#7653));
#7653 = ORIENTED_EDGE('',*,*,#6838,.T.);
#7654 = FACE_BOUND('',#7655,.F.);
#7655 = EDGE_LOOP('',(#7656));
#7656 = ORIENTED_EDGE('',*,*,#7657,.F.);
#7657 = EDGE_CURVE('',#7658,#7658,#7660,.T.);
#7658 = VERTEX_POINT('',#7659);
#7659 = CARTESIAN_POINT('',(-24.2,-46.6,1.2));
#7660 = SURFACE_CURVE('',#7661,(#7666,#7673),.PCURVE_S1.);
#7661 = CIRCLE('',#7662,0.8);
#7662 = AXIS2_PLACEMENT_3D('',#7663,#7664,#7665);
#7663 = CARTESIAN_POINT('',(-25.,-46.6,1.2));
#7664 = DIRECTION('',(0.,0.,1.));
#7665 = DIRECTION('',(1.,0.,-0.));
#7666 = PCURVE('',#6853,#7667);
#7667 = DEFINITIONAL_REPRESENTATION('',(#7668),#7672);
#7668 = CIRCLE('',#7669,0.8);
#7669 = AXIS2_PLACEMENT_2D('',#7670,#7671);
#7670 = CARTESIAN_POINT('',(0.,0.));
#7671 = DIRECTION('',(1.,0.));
#7672 = ( GEOMETRIC_REPRESENTATION_CONTEXT(2) 
PARAMETRIC_REPRESENTATION_CONTEXT() REPRESENTATION_CONTEXT('2D SPACE',''
  ) );
#7673 = PCURVE('',#7674,#7679);
#7674 = CYLINDRICAL_SURFACE('',#7675,0.8);
#7675 = AXIS2_PLACEMENT_3D('',#7676,#7677,#7678);
#7676 = CARTESIAN_POINT('',(-25.,-46.6,1.2));
#7677 = DIRECTION('',(0.,0.,1.));
#7678 = DIRECTION('',(1.,0.,-0.));
#7679 = DEFINITIONAL_REPRESENTATION('',(#7680),#7684);
#7680 = LINE('',#7681,#7682);
#7681 = CARTESIAN_POINT('',(0.,0.));
#7682 = VECTOR('',#7683,1.);
#7683 = DIRECTION('',(1.,0.));
#7684 = ( GEOMETRIC_REPRESENTATION_CONTEXT(2) 
PARAMETRIC_REPRESENTATION_CONTEXT() REPRESENTATION_CONTEXT('2D SPACE',''
  ) );
#7685 = ADVANCED_FACE('',(#7686,#7689),#6908,.F.);
#7686 = FACE_BOUND('',#7687,.F.);
#7687 = EDGE_LOOP('',(#7688));
#7688 = ORIENTED_EDGE('',*,*,#6893,.T.);
#7689 = FACE_BOUND('',#7690,.F.);
#7690 = EDGE_LOOP('',(#7691));
#7691 = ORIENTED_EDGE('',*,*,#7692,.F.);
#7692 = EDGE_CURVE('',#7693,#7693,#7695,.T.);
#7693 = VERTEX_POINT('',#7694);
#7694 = CARTESIAN_POINT('',(-6.75,-39.273,4.5));
#7695 = SURFACE_CURVE('',#7696,(#7701,#7708),.PCURVE_S1.);
#7696 = CIRCLE('',#7697,0.65);
#7697 = AXIS2_PLACEMENT_3D('',#7698,#7699,#7700);
#7698 = CARTESIAN_POINT('',(-7.4,-39.273,4.5));
#7699 = DIRECTION('',(0.,0.,1.));
#7700 = DIRECTION('',(1.,0.,-0.));
#7701 = PCURVE('',#6908,#7702);
#7702 = DEFINITIONAL_REPRESENTATION('',(#7703),#7707);
#7703 = CIRCLE('',#7704,0.65);
#7704 = AXIS2_PLACEMENT_2D('',#7705,#7706);
#7705 = CARTESIAN_POINT('',(0.,0.));
#7706 = DIRECTION('',(1.,0.));
#7707 = ( GEOMETRIC_REPRESENTATION_CONTEXT(2) 
PARAMETRIC_REPRESENTATION_CONTEXT() REPRESENTATION_CONTEXT('2D SPACE',''
  ) );
#7708 = PCURVE('',#7709,#7714);
#7709 = CYLINDRICAL_SURFACE('',#7710,0.65);
#7710 = AXIS2_PLACEMENT_3D('',#7711,#7712,#7713);
#7711 = CARTESIAN_POINT('',(-7.4,-39.273,4.5));
#7712 = DIRECTION('',(0.,0.,1.));
#7713 = DIRECTION('',(1.,0.,-0.));
#7714 = DEFINITIONAL_REPRESENTATION('',(#7715),#7719);
#7715 = LINE('',#7716,#7717);
#7716 = CARTESIAN_POINT('',(0.,0.));
#7717 = VECTOR('',#7718,1.);
#7718 = DIRECTION('',(1.,0.));
#7719 = ( GEOMETRIC_REPRESENTATION_CONTEXT(2) 
PARAMETRIC_REPRESENTATION_CONTEXT() REPRESENTATION_CONTEXT('2D SPACE',''
  ) );
#7720 = ADVANCED_FACE('',(#7721,#7724),#6963,.F.);
#7721 = FACE_BOUND('',#7722,.F.);
#7722 = EDGE_LOOP('',(#7723));
#7723 = ORIENTED_EDGE('',*,*,#6948,.T.);
#7724 = FACE_BOUND('',#7725,.F.);
#7725 = EDGE_LOOP('',(#7726));
#7726 = ORIENTED_EDGE('',*,*,#7727,.F.);
#7727 = EDGE_CURVE('',#7728,#7728,#7730,.T.);
#7728 = VERTEX_POINT('',#7729);
#7729 = CARTESIAN_POINT('',(12.85,-39.273,4.5));
#7730 = SURFACE_CURVE('',#7731,(#7736,#7743),.PCURVE_S1.);
#7731 = CIRCLE('',#7732,0.65);
#7732 = AXIS2_PLACEMENT_3D('',#7733,#7734,#7735);
#7733 = CARTESIAN_POINT('',(12.2,-39.273,4.5));
#7734 = DIRECTION('',(0.,0.,1.));
#7735 = DIRECTION('',(1.,0.,-0.));
#7736 = PCURVE('',#6963,#7737);
#7737 = DEFINITIONAL_REPRESENTATION('',(#7738),#7742);
#7738 = CIRCLE('',#7739,0.65);
#7739 = AXIS2_PLACEMENT_2D('',#7740,#7741);
#7740 = CARTESIAN_POINT('',(0.,0.));
#7741 = DIRECTION('',(1.,0.));
#7742 = ( GEOMETRIC_REPRESENTATION_CONTEXT(2) 
PARAMETRIC_REPRESENTATION_CONTEXT() REPRESENTATION_CONTEXT('2D SPACE',''
  ) );
#7743 = PCURVE('',#7744,#7749);
#7744 = CYLINDRICAL_SURFACE('',#7745,0.65);
#7745 = AXIS2_PLACEMENT_3D('',#7746,#7747,#7748);
#7746 = CARTESIAN_POINT('',(12.2,-39.273,4.5));
#7747 = DIRECTION('',(0.,0.,1.));
#7748 = DIRECTION('',(1.,0.,-0.));
#7749 = DEFINITIONAL_REPRESENTATION('',(#7750),#7754);
#7750 = LINE('',#7751,#7752);
#7751 = CARTESIAN_POINT('',(0.,0.));
#7752 = VECTOR('',#7753,1.);
#7753 = DIRECTION('',(1.,0.));
#7754 = ( GEOMETRIC_REPRESENTATION_CONTEXT(2) 
PARAMETRIC_REPRESENTATION_CONTEXT() REPRESENTATION_CONTEXT('2D SPACE',''
  ) );
#7755 = ADVANCED_FACE('',(#7756,#7759),#7018,.F.);
#7756 = FACE_BOUND('',#7757,.F.);
#7757 = EDGE_LOOP('',(#7758));
#7758 = ORIENTED_EDGE('',*,*,#7003,.T.);
#7759 = FACE_BOUND('',#7760,.F.);
#7760 = EDGE_LOOP('',(#7761));
#7761 = ORIENTED_EDGE('',*,*,#7762,.F.);
#7762 = EDGE_CURVE('',#7763,#7763,#7765,.T.);
#7763 = VERTEX_POINT('',#7764);
#7764 = CARTESIAN_POINT('',(25.8,-46.6,1.2));
#7765 = SURFACE_CURVE('',#7766,(#7771,#7778),.PCURVE_S1.);
#7766 = CIRCLE('',#7767,0.8);
#7767 = AXIS2_PLACEMENT_3D('',#7768,#7769,#7770);
#7768 = CARTESIAN_POINT('',(25.,-46.6,1.2));
#7769 = DIRECTION('',(0.,0.,1.));
#7770 = DIRECTION('',(1.,0.,-0.));
#7771 = PCURVE('',#7018,#7772);
#7772 = DEFINITIONAL_REPRESENTATION('',(#7773),#7777);
#7773 = CIRCLE('',#7774,0.8);
#7774 = AXIS2_PLACEMENT_2D('',#7775,#7776);
#7775 = CARTESIAN_POINT('',(0.,0.));
#7776 = DIRECTION('',(1.,0.));
#7777 = ( GEOMETRIC_REPRESENTATION_CONTEXT(2) 
PARAMETRIC_REPRESENTATION_CONTEXT() REPRESENTATION_CONTEXT('2D SPACE',''
  ) );
#7778 = PCURVE('',#7779,#7784);
#7779 = CYLINDRICAL_SURFACE('',#7780,0.8);
#7780 = AXIS2_PLACEMENT_3D('',#7781,#7782,#7783);
#7781 = CARTESIAN_POINT('',(25.,-46.6,1.2));
#7782 = DIRECTION('',(0.,0.,1.));
#7783 = DIRECTION('',(1.,0.,-0.));
#7784 = DEFINITIONAL_REPRESENTATION('',(#7785),#7789);
#7785 = LINE('',#7786,#7787);
#7786 = CARTESIAN_POINT('',(0.,0.));
#7787 = VECTOR('',#7788,1.);
#7788 = DIRECTION('',(1.,0.));
#7789 = ( GEOMETRIC_REPRESENTATION_CONTEXT(2) 
PARAMETRIC_REPRESENTATION_CONTEXT() REPRESENTATION_CONTEXT('2D SPACE',''
  ) );
#7790 = ADVANCED_FACE('',(#7791,#7794),#7073,.F.);
#7791 = FACE_BOUND('',#7792,.F.);
#7792 = EDGE_LOOP('',(#7793));
#7793 = ORIENTED_EDGE('',*,*,#7058,.T.);
#7794 = FACE_BOUND('',#7795,.F.);
#7795 = EDGE_LOOP('',(#7796));
#7796 = ORIENTED_EDGE('',*,*,#7797,.F.);
#7797 = EDGE_CURVE('',#7798,#7798,#7800,.T.);
#7798 = VERTEX_POINT('',#7799);
#7799 = CARTESIAN_POINT('',(-19.55,25.2,5.6));
#7800 = SURFACE_CURVE('',#7801,(#7806,#7813),.PCURVE_S1.);
#7801 = CIRCLE('',#7802,0.65);
#7802 = AXIS2_PLACEMENT_3D('',#7803,#7804,#7805);
#7803 = CARTESIAN_POINT('',(-20.2,25.2,5.6));
#7804 = DIRECTION('',(0.,0.,1.));
#7805 = DIRECTION('',(1.,0.,-0.));
#7806 = PCURVE('',#7073,#7807);
#7807 = DEFINITIONAL_REPRESENTATION('',(#7808),#7812);
#7808 = CIRCLE('',#7809,0.65);
#7809 = AXIS2_PLACEMENT_2D('',#7810,#7811);
#7810 = CARTESIAN_POINT('',(0.,0.));
#7811 = DIRECTION('',(1.,0.));
#7812 = ( GEOMETRIC_REPRESENTATION_CONTEXT(2) 
PARAMETRIC_REPRESENTATION_CONTEXT() REPRESENTATION_CONTEXT('2D SPACE',''
  ) );
#7813 = PCURVE('',#7814,#7819);
#7814 = CYLINDRICAL_SURFACE('',#7815,0.65);
#7815 = AXIS2_PLACEMENT_3D('',#7816,#7817,#7818);
#7816 = CARTESIAN_POINT('',(-20.2,25.2,5.6));
#7817 = DIRECTION('',(0.,0.,1.));
#7818 = DIRECTION('',(1.,0.,-0.));
#7819 = DEFINITIONAL_REPRESENTATION('',(#7820),#7824);
#7820 = LINE('',#7821,#7822);
#7821 = CARTESIAN_POINT('',(0.,0.));
#7822 = VECTOR('',#7823,1.);
#7823 = DIRECTION('',(1.,0.));
#7824 = ( GEOMETRIC_REPRESENTATION_CONTEXT(2) 
PARAMETRIC_REPRESENTATION_CONTEXT() REPRESENTATION_CONTEXT('2D SPACE',''
  ) );
#7825 = ADVANCED_FACE('',(#7826,#7829),#7155,.F.);
#7826 = FACE_BOUND('',#7827,.F.);
#7827 = EDGE_LOOP('',(#7828));
#7828 = ORIENTED_EDGE('',*,*,#7140,.T.);
#7829 = FACE_BOUND('',#7830,.F.);
#7830 = EDGE_LOOP('',(#7831));
#7831 = ORIENTED_EDGE('',*,*,#7832,.F.);
#7832 = EDGE_CURVE('',#7833,#7833,#7835,.T.);
#7833 = VERTEX_POINT('',#7834);
#7834 = CARTESIAN_POINT('',(9.05,46.4,5.6));
#7835 = SURFACE_CURVE('',#7836,(#7841,#7848),.PCURVE_S1.);
#7836 = CIRCLE('',#7837,0.65);
#7837 = AXIS2_PLACEMENT_3D('',#7838,#7839,#7840);
#7838 = CARTESIAN_POINT('',(8.4,46.4,5.6));
#7839 = DIRECTION('',(0.,0.,1.));
#7840 = DIRECTION('',(1.,0.,-0.));
#7841 = PCURVE('',#7155,#7842);
#7842 = DEFINITIONAL_REPRESENTATION('',(#7843),#7847);
#7843 = CIRCLE('',#7844,0.65);
#7844 = AXIS2_PLACEMENT_2D('',#7845,#7846);
#7845 = CARTESIAN_POINT('',(0.,0.));
#7846 = DIRECTION('',(1.,0.));
#7847 = ( GEOMETRIC_REPRESENTATION_CONTEXT(2) 
PARAMETRIC_REPRESENTATION_CONTEXT() REPRESENTATION_CONTEXT('2D SPACE',''
  ) );
#7848 = PCURVE('',#7849,#7854);
#7849 = CYLINDRICAL_SURFACE('',#7850,0.65);
#7850 = AXIS2_PLACEMENT_3D('',#7851,#7852,#7853);
#7851 = CARTESIAN_POINT('',(8.4,46.4,5.6));
#7852 = DIRECTION('',(0.,0.,1.));
#7853 = DIRECTION('',(1.,0.,-0.));
#7854 = DEFINITIONAL_REPRESENTATION('',(#7855),#7859);
#7855 = LINE('',#7856,#7857);
#7856 = CARTESIAN_POINT('',(0.,0.));
#7857 = VECTOR('',#7858,1.);
#7858 = DIRECTION('',(1.,0.));
#7859 = ( GEOMETRIC_REPRESENTATION_CONTEXT(2) 
PARAMETRIC_REPRESENTATION_CONTEXT() REPRESENTATION_CONTEXT('2D SPACE',''
  ) );
#7860 = ADVANCED_FACE('',(#7861,#7864),#7210,.F.);
#7861 = FACE_BOUND('',#7862,.F.);
#7862 = EDGE_LOOP('',(#7863));
#7863 = ORIENTED_EDGE('',*,*,#7195,.T.);
#7864 = FACE_BOUND('',#7865,.F.);
#7865 = EDGE_LOOP('',(#7866));
#7866 = ORIENTED_EDGE('',*,*,#7867,.F.);
#7867 = EDGE_CURVE('',#7868,#7868,#7870,.T.);
#7868 = VERTEX_POINT('',#7869);
#7869 = CARTESIAN_POINT('',(25.65,25.2,5.6));
#7870 = SURFACE_CURVE('',#7871,(#7876,#7883),.PCURVE_S1.);
#7871 = CIRCLE('',#7872,0.65);
#7872 = AXIS2_PLACEMENT_3D('',#7873,#7874,#7875);
#7873 = CARTESIAN_POINT('',(25.,25.2,5.6));
#7874 = DIRECTION('',(0.,0.,1.));
#7875 = DIRECTION('',(1.,0.,-0.));
#7876 = PCURVE('',#7210,#7877);
#7877 = DEFINITIONAL_REPRESENTATION('',(#7878),#7882);
#7878 = CIRCLE('',#7879,0.65);
#7879 = AXIS2_PLACEMENT_2D('',#7880,#7881);
#7880 = CARTESIAN_POINT('',(0.,0.));
#7881 = DIRECTION('',(1.,0.));
#7882 = ( GEOMETRIC_REPRESENTATION_CONTEXT(2) 
PARAMETRIC_REPRESENTATION_CONTEXT() REPRESENTATION_CONTEXT('2D SPACE',''
  ) );
#7883 = PCURVE('',#7884,#7889);
#7884 = CYLINDRICAL_SURFACE('',#7885,0.65);
#7885 = AXIS2_PLACEMENT_3D('',#7886,#7887,#7888);
#7886 = CARTESIAN_POINT('',(25.,25.2,5.6));
#7887 = DIRECTION('',(0.,0.,1.));
#7888 = DIRECTION('',(1.,0.,-0.));
#7889 = DEFINITIONAL_REPRESENTATION('',(#7890),#7894);
#7890 = LINE('',#7891,#7892);
#7891 = CARTESIAN_POINT('',(0.,0.));
#7892 = VECTOR('',#7893,1.);
#7893 = DIRECTION('',(1.,0.));
#7894 = ( GEOMETRIC_REPRESENTATION_CONTEXT(2) 
PARAMETRIC_REPRESENTATION_CONTEXT() REPRESENTATION_CONTEXT('2D SPACE',''
  ) );
#7895 = ADVANCED_FACE('',(#7896,#7902,#7905,#7908,#7911),#7292,.F.);
#7896 = FACE_BOUND('',#7897,.F.);
#7897 = EDGE_LOOP('',(#7898,#7899,#7900,#7901));
#7898 = ORIENTED_EDGE('',*,*,#7428,.F.);
#7899 = ORIENTED_EDGE('',*,*,#7276,.T.);
#7900 = ORIENTED_EDGE('',*,*,#7330,.T.);
#7901 = ORIENTED_EDGE('',*,*,#7379,.F.);
#7902 = FACE_BOUND('',#7903,.F.);
#7903 = EDGE_LOOP('',(#7904));
#7904 = ORIENTED_EDGE('',*,*,#7628,.F.);
#7905 = FACE_BOUND('',#7906,.F.);
#7906 = EDGE_LOOP('',(#7907));
#7907 = ORIENTED_EDGE('',*,*,#7478,.F.);
#7908 = FACE_BOUND('',#7909,.F.);
#7909 = EDGE_LOOP('',(#7910));
#7910 = ORIENTED_EDGE('',*,*,#7528,.F.);
#7911 = FACE_BOUND('',#7912,.F.);
#7912 = EDGE_LOOP('',(#7913));
#7913 = ORIENTED_EDGE('',*,*,#7578,.F.);
#7914 = ADVANCED_FACE('',(#7915),#7674,.F.);
#7915 = FACE_BOUND('',#7916,.F.);
#7916 = EDGE_LOOP('',(#7917,#7946,#7967,#7968));
#7917 = ORIENTED_EDGE('',*,*,#7918,.F.);
#7918 = EDGE_CURVE('',#7919,#7919,#7921,.T.);
#7919 = VERTEX_POINT('',#7920);
#7920 = CARTESIAN_POINT('',(-24.2,-46.6,6.7));
#7921 = SURFACE_CURVE('',#7922,(#7927,#7934),.PCURVE_S1.);
#7922 = CIRCLE('',#7923,0.8);
#7923 = AXIS2_PLACEMENT_3D('',#7924,#7925,#7926);
#7924 = CARTESIAN_POINT('',(-25.,-46.6,6.7));
#7925 = DIRECTION('',(0.,0.,1.));
#7926 = DIRECTION('',(1.,0.,-0.));
#7927 = PCURVE('',#7674,#7928);
#7928 = DEFINITIONAL_REPRESENTATION('',(#7929),#7933);
#7929 = LINE('',#7930,#7931);
#7930 = CARTESIAN_POINT('',(0.,5.5));
#7931 = VECTOR('',#7932,1.);
#7932 = DIRECTION('',(1.,0.));
#7933 = ( GEOMETRIC_REPRESENTATION_CONTEXT(2) 
PARAMETRIC_REPRESENTATION_CONTEXT() REPRESENTATION_CONTEXT('2D SPACE',''
  ) );
#7934 = PCURVE('',#7935,#7940);
#7935 = PLANE('',#7936);
#7936 = AXIS2_PLACEMENT_3D('',#7937,#7938,#7939);
#7937 = CARTESIAN_POINT('',(-25.,-46.6,6.7));
#7938 = DIRECTION('',(0.,0.,1.));
#7939 = DIRECTION('',(1.,0.,-0.));
#7940 = DEFINITIONAL_REPRESENTATION('',(#7941),#7945);
#7941 = CIRCLE('',#7942,0.8);
#7942 = AXIS2_PLACEMENT_2D('',#7943,#7944);
#7943 = CARTESIAN_POINT('',(0.,0.));
#7944 = DIRECTION('',(1.,0.));
#7945 = ( GEOMETRIC_REPRESENTATION_CONTEXT(2) 
PARAMETRIC_REPRESENTATION_CONTEXT() REPRESENTATION_CONTEXT('2D SPACE',''
  ) );
#7946 = ORIENTED_EDGE('',*,*,#7947,.F.);
#7947 = EDGE_CURVE('',#7658,#7919,#7948,.T.);
#7948 = SEAM_CURVE('',#7949,(#7953,#7960),.PCURVE_S1.);
#7949 = LINE('',#7950,#7951);
#7950 = CARTESIAN_POINT('',(-24.2,-46.6,1.2));
#7951 = VECTOR('',#7952,1.);
#7952 = DIRECTION('',(0.,0.,1.));
#7953 = PCURVE('',#7674,#7954);
#7954 = DEFINITIONAL_REPRESENTATION('',(#7955),#7959);
#7955 = LINE('',#7956,#7957);
#7956 = CARTESIAN_POINT('',(6.28318530718,-0.));
#7957 = VECTOR('',#7958,1.);
#7958 = DIRECTION('',(0.,1.));
#7959 = ( GEOMETRIC_REPRESENTATION_CONTEXT(2) 
PARAMETRIC_REPRESENTATION_CONTEXT() REPRESENTATION_CONTEXT('2D SPACE',''
  ) );
#7960 = PCURVE('',#7674,#7961);
#7961 = DEFINITIONAL_REPRESENTATION('',(#7962),#7966);
#7962 = LINE('',#7963,#7964);
#7963 = CARTESIAN_POINT('',(0.,-0.));
#7964 = VECTOR('',#7965,1.);
#7965 = DIRECTION('',(0.,1.));
#7966 = ( GEOMETRIC_REPRESENTATION_CONTEXT(2) 
PARAMETRIC_REPRESENTATION_CONTEXT() REPRESENTATION_CONTEXT('2D SPACE',''
  ) );
#7967 = ORIENTED_EDGE('',*,*,#7657,.T.);
#7968 = ORIENTED_EDGE('',*,*,#7947,.T.);
#7969 = ADVANCED_FACE('',(#7970),#7709,.F.);
#7970 = FACE_BOUND('',#7971,.F.);
#7971 = EDGE_LOOP('',(#7972,#8001,#8022,#8023));
#7972 = ORIENTED_EDGE('',*,*,#7973,.F.);
#7973 = EDGE_CURVE('',#7974,#7974,#7976,.T.);
#7974 = VERTEX_POINT('',#7975);
#7975 = CARTESIAN_POINT('',(-6.75,-39.273,8.5));
#7976 = SURFACE_CURVE('',#7977,(#7982,#7989),.PCURVE_S1.);
#7977 = CIRCLE('',#7978,0.65);
#7978 = AXIS2_PLACEMENT_3D('',#7979,#7980,#7981);
#7979 = CARTESIAN_POINT('',(-7.4,-39.273,8.5));
#7980 = DIRECTION('',(0.,0.,1.));
#7981 = DIRECTION('',(1.,0.,-0.));
#7982 = PCURVE('',#7709,#7983);
#7983 = DEFINITIONAL_REPRESENTATION('',(#7984),#7988);
#7984 = LINE('',#7985,#7986);
#7985 = CARTESIAN_POINT('',(0.,4.));
#7986 = VECTOR('',#7987,1.);
#7987 = DIRECTION('',(1.,0.));
#7988 = ( GEOMETRIC_REPRESENTATION_CONTEXT(2) 
PARAMETRIC_REPRESENTATION_CONTEXT() REPRESENTATION_CONTEXT('2D SPACE',''
  ) );
#7989 = PCURVE('',#7990,#7995);
#7990 = PLANE('',#7991);
#7991 = AXIS2_PLACEMENT_3D('',#7992,#7993,#7994);
#7992 = CARTESIAN_POINT('',(-7.4,-39.273,8.5));
#7993 = DIRECTION('',(0.,0.,1.));
#7994 = DIRECTION('',(1.,0.,-0.));
#7995 = DEFINITIONAL_REPRESENTATION('',(#7996),#8000);
#7996 = CIRCLE('',#7997,0.65);
#7997 = AXIS2_PLACEMENT_2D('',#7998,#7999);
#7998 = CARTESIAN_POINT('',(0.,0.));
#7999 = DIRECTION('',(1.,0.));
#8000 = ( GEOMETRIC_REPRESENTATION_CONTEXT(2) 
PARAMETRIC_REPRESENTATION_CONTEXT() REPRESENTATION_CONTEXT('2D SPACE',''
  ) );
#8001 = ORIENTED_EDGE('',*,*,#8002,.F.);
#8002 = EDGE_CURVE('',#7693,#7974,#8003,.T.);
#8003 = SEAM_CURVE('',#8004,(#8008,#8015),.PCURVE_S1.);
#8004 = LINE('',#8005,#8006);
#8005 = CARTESIAN_POINT('',(-6.75,-39.273,4.5));
#8006 = VECTOR('',#8007,1.);
#8007 = DIRECTION('',(0.,0.,1.));
#8008 = PCURVE('',#7709,#8009);
#8009 = DEFINITIONAL_REPRESENTATION('',(#8010),#8014);
#8010 = LINE('',#8011,#8012);
#8011 = CARTESIAN_POINT('',(6.28318530718,-0.));
#8012 = VECTOR('',#8013,1.);
#8013 = DIRECTION('',(0.,1.));
#8014 = ( GEOMETRIC_REPRESENTATION_CONTEXT(2) 
PARAMETRIC_REPRESENTATION_CONTEXT() REPRESENTATION_CONTEXT('2D SPACE',''
  ) );
#8015 = PCURVE('',#7709,#8016);
#8016 = DEFINITIONAL_REPRESENTATION('',(#8017),#8021);
#8017 = LINE('',#8018,#8019);
#8018 = CARTESIAN_POINT('',(0.,-0.));
#8019 = VECTOR('',#8020,1.);
#8020 = DIRECTION('',(0.,1.));
#8021 = ( GEOMETRIC_REPRESENTATION_CONTEXT(2) 
PARAMETRIC_REPRESENTATION_CONTEXT() REPRESENTATION_CONTEXT('2D SPACE',''
  ) );
#8022 = ORIENTED_EDGE('',*,*,#7692,.T.);
#8023 = ORIENTED_EDGE('',*,*,#8002,.T.);
#8024 = ADVANCED_FACE('',(#8025),#7744,.F.);
#8025 = FACE_BOUND('',#8026,.F.);
#8026 = EDGE_LOOP('',(#8027,#8056,#8077,#8078));
#8027 = ORIENTED_EDGE('',*,*,#8028,.F.);
#8028 = EDGE_CURVE('',#8029,#8029,#8031,.T.);
#8029 = VERTEX_POINT('',#8030);
#8030 = CARTESIAN_POINT('',(12.85,-39.273,8.5));
#8031 = SURFACE_CURVE('',#8032,(#8037,#8044),.PCURVE_S1.);
#8032 = CIRCLE('',#8033,0.65);
#8033 = AXIS2_PLACEMENT_3D('',#8034,#8035,#8036);
#8034 = CARTESIAN_POINT('',(12.2,-39.273,8.5));
#8035 = DIRECTION('',(0.,0.,1.));
#8036 = DIRECTION('',(1.,0.,-0.));
#8037 = PCURVE('',#7744,#8038);
#8038 = DEFINITIONAL_REPRESENTATION('',(#8039),#8043);
#8039 = LINE('',#8040,#8041);
#8040 = CARTESIAN_POINT('',(0.,4.));
#8041 = VECTOR('',#8042,1.);
#8042 = DIRECTION('',(1.,0.));
#8043 = ( GEOMETRIC_REPRESENTATION_CONTEXT(2) 
PARAMETRIC_REPRESENTATION_CONTEXT() REPRESENTATION_CONTEXT('2D SPACE',''
  ) );
#8044 = PCURVE('',#8045,#8050);
#8045 = PLANE('',#8046);
#8046 = AXIS2_PLACEMENT_3D('',#8047,#8048,#8049);
#8047 = CARTESIAN_POINT('',(12.2,-39.273,8.5));
#8048 = DIRECTION('',(0.,0.,1.));
#8049 = DIRECTION('',(1.,0.,-0.));
#8050 = DEFINITIONAL_REPRESENTATION('',(#8051),#8055);
#8051 = CIRCLE('',#8052,0.65);
#8052 = AXIS2_PLACEMENT_2D('',#8053,#8054);
#8053 = CARTESIAN_POINT('',(0.,0.));
#8054 = DIRECTION('',(1.,0.));
#8055 = ( GEOMETRIC_REPRESENTATION_CONTEXT(2) 
PARAMETRIC_REPRESENTATION_CONTEXT() REPRESENTATION_CONTEXT('2D SPACE',''
  ) );
#8056 = ORIENTED_EDGE('',*,*,#8057,.F.);
#8057 = EDGE_CURVE('',#7728,#8029,#8058,.T.);
#8058 = SEAM_CURVE('',#8059,(#8063,#8070),.PCURVE_S1.);
#8059 = LINE('',#8060,#8061);
#8060 = CARTESIAN_POINT('',(12.85,-39.273,4.5));
#8061 = VECTOR('',#8062,1.);
#8062 = DIRECTION('',(0.,0.,1.));
#8063 = PCURVE('',#7744,#8064);
#8064 = DEFINITIONAL_REPRESENTATION('',(#8065),#8069);
#8065 = LINE('',#8066,#8067);
#8066 = CARTESIAN_POINT('',(6.28318530718,-0.));
#8067 = VECTOR('',#8068,1.);
#8068 = DIRECTION('',(0.,1.));
#8069 = ( GEOMETRIC_REPRESENTATION_CONTEXT(2) 
PARAMETRIC_REPRESENTATION_CONTEXT() REPRESENTATION_CONTEXT('2D SPACE',''
  ) );
#8070 = PCURVE('',#7744,#8071);
#8071 = DEFINITIONAL_REPRESENTATION('',(#8072),#8076);
#8072 = LINE('',#8073,#8074);
#8073 = CARTESIAN_POINT('',(0.,-0.));
#8074 = VECTOR('',#8075,1.);
#8075 = DIRECTION('',(0.,1.));
#8076 = ( GEOMETRIC_REPRESENTATION_CONTEXT(2) 
PARAMETRIC_REPRESENTATION_CONTEXT() REPRESENTATION_CONTEXT('2D SPACE',''
  ) );
#8077 = ORIENTED_EDGE('',*,*,#7727,.T.);
#8078 = ORIENTED_EDGE('',*,*,#8057,.T.);
#8079 = ADVANCED_FACE('',(#8080),#7779,.F.);
#8080 = FACE_BOUND('',#8081,.F.);
#8081 = EDGE_LOOP('',(#8082,#8111,#8132,#8133));
#8082 = ORIENTED_EDGE('',*,*,#8083,.F.);
#8083 = EDGE_CURVE('',#8084,#8084,#8086,.T.);
#8084 = VERTEX_POINT('',#8085);
#8085 = CARTESIAN_POINT('',(25.8,-46.6,6.7));
#8086 = SURFACE_CURVE('',#8087,(#8092,#8099),.PCURVE_S1.);
#8087 = CIRCLE('',#8088,0.8);
#8088 = AXIS2_PLACEMENT_3D('',#8089,#8090,#8091);
#8089 = CARTESIAN_POINT('',(25.,-46.6,6.7));
#8090 = DIRECTION('',(0.,0.,1.));
#8091 = DIRECTION('',(1.,0.,-0.));
#8092 = PCURVE('',#7779,#8093);
#8093 = DEFINITIONAL_REPRESENTATION('',(#8094),#8098);
#8094 = LINE('',#8095,#8096);
#8095 = CARTESIAN_POINT('',(0.,5.5));
#8096 = VECTOR('',#8097,1.);
#8097 = DIRECTION('',(1.,0.));
#8098 = ( GEOMETRIC_REPRESENTATION_CONTEXT(2) 
PARAMETRIC_REPRESENTATION_CONTEXT() REPRESENTATION_CONTEXT('2D SPACE',''
  ) );
#8099 = PCURVE('',#8100,#8105);
#8100 = PLANE('',#8101);
#8101 = AXIS2_PLACEMENT_3D('',#8102,#8103,#8104);
#8102 = CARTESIAN_POINT('',(25.,-46.6,6.7));
#8103 = DIRECTION('',(0.,0.,1.));
#8104 = DIRECTION('',(1.,0.,-0.));
#8105 = DEFINITIONAL_REPRESENTATION('',(#8106),#8110);
#8106 = CIRCLE('',#8107,0.8);
#8107 = AXIS2_PLACEMENT_2D('',#8108,#8109);
#8108 = CARTESIAN_POINT('',(0.,0.));
#8109 = DIRECTION('',(1.,0.));
#8110 = ( GEOMETRIC_REPRESENTATION_CONTEXT(2) 
PARAMETRIC_REPRESENTATION_CONTEXT() REPRESENTATION_CONTEXT('2D SPACE',''
  ) );
#8111 = ORIENTED_EDGE('',*,*,#8112,.F.);
#8112 = EDGE_CURVE('',#7763,#8084,#8113,.T.);
#8113 = SEAM_CURVE('',#8114,(#8118,#8125),.PCURVE_S1.);
#8114 = LINE('',#8115,#8116);
#8115 = CARTESIAN_POINT('',(25.8,-46.6,1.2));
#8116 = VECTOR('',#8117,1.);
#8117 = DIRECTION('',(0.,0.,1.));
#8118 = PCURVE('',#7779,#8119);
#8119 = DEFINITIONAL_REPRESENTATION('',(#8120),#8124);
#8120 = LINE('',#8121,#8122);
#8121 = CARTESIAN_POINT('',(6.28318530718,-0.));
#8122 = VECTOR('',#8123,1.);
#8123 = DIRECTION('',(0.,1.));
#8124 = ( GEOMETRIC_REPRESENTATION_CONTEXT(2) 
PARAMETRIC_REPRESENTATION_CONTEXT() REPRESENTATION_CONTEXT('2D SPACE',''
  ) );
#8125 = PCURVE('',#7779,#8126);
#8126 = DEFINITIONAL_REPRESENTATION('',(#8127),#8131);
#8127 = LINE('',#8128,#8129);
#8128 = CARTESIAN_POINT('',(0.,-0.));
#8129 = VECTOR('',#8130,1.);
#8130 = DIRECTION('',(0.,1.));
#8131 = ( GEOMETRIC_REPRESENTATION_CONTEXT(2) 
PARAMETRIC_REPRESENTATION_CONTEXT() REPRESENTATION_CONTEXT('2D SPACE',''
  ) );
#8132 = ORIENTED_EDGE('',*,*,#7762,.T.);
#8133 = ORIENTED_EDGE('',*,*,#8112,.T.);
#8134 = ADVANCED_FACE('',(#8135),#7814,.F.);
#8135 = FACE_BOUND('',#8136,.F.);
#8136 = EDGE_LOOP('',(#8137,#8166,#8187,#8188));
#8137 = ORIENTED_EDGE('',*,*,#8138,.F.);
#8138 = EDGE_CURVE('',#8139,#8139,#8141,.T.);
#8139 = VERTEX_POINT('',#8140);
#8140 = CARTESIAN_POINT('',(-19.55,25.2,8.6));
#8141 = SURFACE_CURVE('',#8142,(#8147,#8154),.PCURVE_S1.);
#8142 = CIRCLE('',#8143,0.65);
#8143 = AXIS2_PLACEMENT_3D('',#8144,#8145,#8146);
#8144 = CARTESIAN_POINT('',(-20.2,25.2,8.6));
#8145 = DIRECTION('',(0.,0.,1.));
#8146 = DIRECTION('',(1.,0.,-0.));
#8147 = PCURVE('',#7814,#8148);
#8148 = DEFINITIONAL_REPRESENTATION('',(#8149),#8153);
#8149 = LINE('',#8150,#8151);
#8150 = CARTESIAN_POINT('',(0.,3.));
#8151 = VECTOR('',#8152,1.);
#8152 = DIRECTION('',(1.,0.));
#8153 = ( GEOMETRIC_REPRESENTATION_CONTEXT(2) 
PARAMETRIC_REPRESENTATION_CONTEXT() REPRESENTATION_CONTEXT('2D SPACE',''
  ) );
#8154 = PCURVE('',#8155,#8160);
#8155 = PLANE('',#8156);
#8156 = AXIS2_PLACEMENT_3D('',#8157,#8158,#8159);
#8157 = CARTESIAN_POINT('',(-20.2,25.2,8.6));
#8158 = DIRECTION('',(0.,0.,1.));
#8159 = DIRECTION('',(1.,0.,-0.));
#8160 = DEFINITIONAL_REPRESENTATION('',(#8161),#8165);
#8161 = CIRCLE('',#8162,0.65);
#8162 = AXIS2_PLACEMENT_2D('',#8163,#8164);
#8163 = CARTESIAN_POINT('',(0.,0.));
#8164 = DIRECTION('',(1.,0.));
#8165 = ( GEOMETRIC_REPRESENTATION_CONTEXT(2) 
PARAMETRIC_REPRESENTATION_CONTEXT() REPRESENTATION_CONTEXT('2D SPACE',''
  ) );
#8166 = ORIENTED_EDGE('',*,*,#8167,.F.);
#8167 = EDGE_CURVE('',#7798,#8139,#8168,.T.);
#8168 = SEAM_CURVE('',#8169,(#8173,#8180),.PCURVE_S1.);
#8169 = LINE('',#8170,#8171);
#8170 = CARTESIAN_POINT('',(-19.55,25.2,5.6));
#8171 = VECTOR('',#8172,1.);
#8172 = DIRECTION('',(0.,0.,1.));
#8173 = PCURVE('',#7814,#8174);
#8174 = DEFINITIONAL_REPRESENTATION('',(#8175),#8179);
#8175 = LINE('',#8176,#8177);
#8176 = CARTESIAN_POINT('',(6.28318530718,-0.));
#8177 = VECTOR('',#8178,1.);
#8178 = DIRECTION('',(0.,1.));
#8179 = ( GEOMETRIC_REPRESENTATION_CONTEXT(2) 
PARAMETRIC_REPRESENTATION_CONTEXT() REPRESENTATION_CONTEXT('2D SPACE',''
  ) );
#8180 = PCURVE('',#7814,#8181);
#8181 = DEFINITIONAL_REPRESENTATION('',(#8182),#8186);
#8182 = LINE('',#8183,#8184);
#8183 = CARTESIAN_POINT('',(0.,-0.));
#8184 = VECTOR('',#8185,1.);
#8185 = DIRECTION('',(0.,1.));
#8186 = ( GEOMETRIC_REPRESENTATION_CONTEXT(2) 
PARAMETRIC_REPRESENTATION_CONTEXT() REPRESENTATION_CONTEXT('2D SPACE',''
  ) );
#8187 = ORIENTED_EDGE('',*,*,#7797,.T.);
#8188 = ORIENTED_EDGE('',*,*,#8167,.T.);
#8189 = ADVANCED_FACE('',(#8190),#7849,.F.);
#8190 = FACE_BOUND('',#8191,.F.);
#8191 = EDGE_LOOP('',(#8192,#8221,#8242,#8243));
#8192 = ORIENTED_EDGE('',*,*,#8193,.F.);
#8193 = EDGE_CURVE('',#8194,#8194,#8196,.T.);
#8194 = VERTEX_POINT('',#8195);
#8195 = CARTESIAN_POINT('',(9.05,46.4,8.6));
#8196 = SURFACE_CURVE('',#8197,(#8202,#8209),.PCURVE_S1.);
#8197 = CIRCLE('',#8198,0.65);
#8198 = AXIS2_PLACEMENT_3D('',#8199,#8200,#8201);
#8199 = CARTESIAN_POINT('',(8.4,46.4,8.6));
#8200 = DIRECTION('',(0.,0.,1.));
#8201 = DIRECTION('',(1.,0.,-0.));
#8202 = PCURVE('',#7849,#8203);
#8203 = DEFINITIONAL_REPRESENTATION('',(#8204),#8208);
#8204 = LINE('',#8205,#8206);
#8205 = CARTESIAN_POINT('',(0.,3.));
#8206 = VECTOR('',#8207,1.);
#8207 = DIRECTION('',(1.,0.));
#8208 = ( GEOMETRIC_REPRESENTATION_CONTEXT(2) 
PARAMETRIC_REPRESENTATION_CONTEXT() REPRESENTATION_CONTEXT('2D SPACE',''
  ) );
#8209 = PCURVE('',#8210,#8215);
#8210 = PLANE('',#8211);
#8211 = AXIS2_PLACEMENT_3D('',#8212,#8213,#8214);
#8212 = CARTESIAN_POINT('',(8.4,46.4,8.6));
#8213 = DIRECTION('',(0.,0.,1.));
#8214 = DIRECTION('',(1.,0.,-0.));
#8215 = DEFINITIONAL_REPRESENTATION('',(#8216),#8220);
#8216 = CIRCLE('',#8217,0.65);
#8217 = AXIS2_PLACEMENT_2D('',#8218,#8219);
#8218 = CARTESIAN_POINT('',(0.,0.));
#8219 = DIRECTION('',(1.,0.));
#8220 = ( GEOMETRIC_REPRESENTATION_CONTEXT(2) 
PARAMETRIC_REPRESENTATION_CONTEXT() REPRESENTATION_CONTEXT('2D SPACE',''
  ) );
#8221 = ORIENTED_EDGE('',*,*,#8222,.F.);
#8222 = EDGE_CURVE('',#7833,#8194,#8223,.T.);
#8223 = SEAM_CURVE('',#8224,(#8228,#8235),.PCURVE_S1.);
#8224 = LINE('',#8225,#8226);
#8225 = CARTESIAN_POINT('',(9.05,46.4,5.6));
#8226 = VECTOR('',#8227,1.);
#8227 = DIRECTION('',(0.,0.,1.));
#8228 = PCURVE('',#7849,#8229);
#8229 = DEFINITIONAL_REPRESENTATION('',(#8230),#8234);
#8230 = LINE('',#8231,#8232);
#8231 = CARTESIAN_POINT('',(6.28318530718,-0.));
#8232 = VECTOR('',#8233,1.);
#8233 = DIRECTION('',(0.,1.));
#8234 = ( GEOMETRIC_REPRESENTATION_CONTEXT(2) 
PARAMETRIC_REPRESENTATION_CONTEXT() REPRESENTATION_CONTEXT('2D SPACE',''
  ) );
#8235 = PCURVE('',#7849,#8236);
#8236 = DEFINITIONAL_REPRESENTATION('',(#8237),#8241);
#8237 = LINE('',#8238,#8239);
#8238 = CARTESIAN_POINT('',(0.,-0.));
#8239 = VECTOR('',#8240,1.);
#8240 = DIRECTION('',(0.,1.));
#8241 = ( GEOMETRIC_REPRESENTATION_CONTEXT(2) 
PARAMETRIC_REPRESENTATION_CONTEXT() REPRESENTATION_CONTEXT('2D SPACE',''
  ) );
#8242 = ORIENTED_EDGE('',*,*,#7832,.T.);
#8243 = ORIENTED_EDGE('',*,*,#8222,.T.);
#8244 = ADVANCED_FACE('',(#8245),#7884,.F.);
#8245 = FACE_BOUND('',#8246,.F.);
#8246 = EDGE_LOOP('',(#8247,#8276,#8297,#8298));
#8247 = ORIENTED_EDGE('',*,*,#8248,.F.);
#8248 = EDGE_CURVE('',#8249,#8249,#8251,.T.);
#8249 = VERTEX_POINT('',#8250);
#8250 = CARTESIAN_POINT('',(25.65,25.2,8.6));
#8251 = SURFACE_CURVE('',#8252,(#8257,#8264),.PCURVE_S1.);
#8252 = CIRCLE('',#8253,0.65);
#8253 = AXIS2_PLACEMENT_3D('',#8254,#8255,#8256);
#8254 = CARTESIAN_POINT('',(25.,25.2,8.6));
#8255 = DIRECTION('',(0.,0.,1.));
#8256 = DIRECTION('',(1.,0.,-0.));
#8257 = PCURVE('',#7884,#8258);
#8258 = DEFINITIONAL_REPRESENTATION('',(#8259),#8263);
#8259 = LINE('',#8260,#8261);
#8260 = CARTESIAN_POINT('',(0.,3.));
#8261 = VECTOR('',#8262,1.);
#8262 = DIRECTION('',(1.,0.));
#8263 = ( GEOMETRIC_REPRESENTATION_CONTEXT(2) 
PARAMETRIC_REPRESENTATION_CONTEXT() REPRESENTATION_CONTEXT('2D SPACE',''
  ) );
#8264 = PCURVE('',#8265,#8270);
#8265 = PLANE('',#8266);
#8266 = AXIS2_PLACEMENT_3D('',#8267,#8268,#8269);
#8267 = CARTESIAN_POINT('',(25.,25.2,8.6));
#8268 = DIRECTION('',(0.,0.,1.));
#8269 = DIRECTION('',(1.,0.,-0.));
#8270 = DEFINITIONAL_REPRESENTATION('',(#8271),#8275);
#8271 = CIRCLE('',#8272,0.65);
#8272 = AXIS2_PLACEMENT_2D('',#8273,#8274);
#8273 = CARTESIAN_POINT('',(0.,0.));
#8274 = DIRECTION('',(1.,0.));
#8275 = ( GEOMETRIC_REPRESENTATION_CONTEXT(2) 
PARAMETRIC_REPRESENTATION_CONTEXT() REPRESENTATION_CONTEXT('2D SPACE',''
  ) );
#8276 = ORIENTED_EDGE('',*,*,#8277,.F.);
#8277 = EDGE_CURVE('',#7868,#8249,#8278,.T.);
#8278 = SEAM_CURVE('',#8279,(#8283,#8290),.PCURVE_S1.);
#8279 = LINE('',#8280,#8281);
#8280 = CARTESIAN_POINT('',(25.65,25.2,5.6));
#8281 = VECTOR('',#8282,1.);
#8282 = DIRECTION('',(0.,0.,1.));
#8283 = PCURVE('',#7884,#8284);
#8284 = DEFINITIONAL_REPRESENTATION('',(#8285),#8289);
#8285 = LINE('',#8286,#8287);
#8286 = CARTESIAN_POINT('',(6.28318530718,-0.));
#8287 = VECTOR('',#8288,1.);
#8288 = DIRECTION('',(0.,1.));
#8289 = ( GEOMETRIC_REPRESENTATION_CONTEXT(2) 
PARAMETRIC_REPRESENTATION_CONTEXT() REPRESENTATION_CONTEXT('2D SPACE',''
  ) );
#8290 = PCURVE('',#7884,#8291);
#8291 = DEFINITIONAL_REPRESENTATION('',(#8292),#8296);
#8292 = LINE('',#8293,#8294);
#8293 = CARTESIAN_POINT('',(0.,-0.));
#8294 = VECTOR('',#8295,1.);
#8295 = DIRECTION('',(0.,1.));
#8296 = ( GEOMETRIC_REPRESENTATION_CONTEXT(2) 
PARAMETRIC_REPRESENTATION_CONTEXT() REPRESENTATION_CONTEXT('2D SPACE',''
  ) );
#8297 = ORIENTED_EDGE('',*,*,#7867,.T.);
#8298 = ORIENTED_EDGE('',*,*,#8277,.T.);
#8299 = ADVANCED_FACE('',(#8300),#7935,.F.);
#8300 = FACE_BOUND('',#8301,.F.);
#8301 = EDGE_LOOP('',(#8302));
#8302 = ORIENTED_EDGE('',*,*,#7918,.T.);
#8303 = ADVANCED_FACE('',(#8304),#7990,.F.);
#8304 = FACE_BOUND('',#8305,.F.);
#8305 = EDGE_LOOP('',(#8306));
#8306 = ORIENTED_EDGE('',*,*,#7973,.T.);
#8307 = ADVANCED_FACE('',(#8308),#8045,.F.);
#8308 = FACE_BOUND('',#8309,.F.);
#8309 = EDGE_LOOP('',(#8310));
#8310 = ORIENTED_EDGE('',*,*,#8028,.T.);
#8311 = ADVANCED_FACE('',(#8312),#8100,.F.);
#8312 = FACE_BOUND('',#8313,.F.);
#8313 = EDGE_LOOP('',(#8314));
#8314 = ORIENTED_EDGE('',*,*,#8083,.T.);
#8315 = ADVANCED_FACE('',(#8316),#8155,.F.);
#8316 = FACE_BOUND('',#8317,.F.);
#8317 = EDGE_LOOP('',(#8318));
#8318 = ORIENTED_EDGE('',*,*,#8138,.T.);
#8319 = ADVANCED_FACE('',(#8320),#8210,.F.);
#8320 = FACE_BOUND('',#8321,.F.);
#8321 = EDGE_LOOP('',(#8322));
#8322 = ORIENTED_EDGE('',*,*,#8193,.T.);
#8323 = ADVANCED_FACE('',(#8324),#8265,.F.);
#8324 = FACE_BOUND('',#8325,.F.);
#8325 = EDGE_LOOP('',(#8326));
#8326 = ORIENTED_EDGE('',*,*,#8248,.T.);
#8327 = ( GEOMETRIC_REPRESENTATION_CONTEXT(3) 
GLOBAL_UNCERTAINTY_ASSIGNED_CONTEXT((#8331)) 
GLOBAL_UNIT_ASSIGNED_CONTEXT((#8328,#8329,#8330)) REPRESENTATION_CONTEXT
('Context #1','3D Context with UNIT and UNCERTAINTY') );
#8328 = ( LENGTH_UNIT() NAMED_UNIT(*) SI_UNIT(.MILLI.,.METRE.) );
#8329 = ( NAMED_UNIT(*) PLANE_ANGLE_UNIT() SI_UNIT($,.RADIAN.) );
#8330 = ( NAMED_UNIT(*) SI_UNIT($,.STERADIAN.) SOLID_ANGLE_UNIT() );
#8331 = UNCERTAINTY_MEASURE_WITH_UNIT(LENGTH_MEASURE(1.E-07),#8328,
  'distance_accuracy_value','confusion accuracy');
#8332 = PRODUCT_RELATED_PRODUCT_CATEGORY('part',$,(#7));
ENDSEC;
END-ISO-10303-21;
